YEAR,MO,DY,HR,Solar,Temperature,Humidity,Wind,Datetime,TempCorrection,PV_Power_W,PV_Energy_Wh
2024,1,1,0,0.0,25.17,96.57,2.21,2024-01-01 00:00:00,0.999235,0.0,0.0
2024,1,1,1,0.0,25.12,96.36,2.23,2024-01-01 01:00:00,0.99946,0.0,0.0
2024,1,1,2,0.0,25.05,96.29,2.2,2024-01-01 02:00:00,0.999775,0.0,0.0
2024,1,1,3,0.0,24.98,96.15,2.12,2024-01-01 03:00:00,1.00009,0.0,0.0
2024,1,1,4,0.0,24.89,96.11,2.01,2024-01-01 04:00:00,1.000495,0.0,0.0
2024,1,1,5,6.88,24.88,96.04,1.86,2024-01-01 05:00:00,1.00054,0.6883715199999999,0.6883715199999999
2024,1,1,6,101.12,25.95,93.43,2.05,2024-01-01 06:00:00,0.995725,10.0687712,10.0687712
2024,1,1,7,283.17,26.88,88.68,2.77,2024-01-01 07:00:00,0.99154,28.07743818,28.07743818
2024,1,1,8,473.83,27.87,83.23,3.15,2024-01-01 08:00:00,0.987085,46.77104855499999,46.77104855499999
2024,1,1,9,662.58,28.84,77.85,3.0,2024-01-01 09:00:00,0.98272,65.11306176000001,65.11306176000001
2024,1,1,10,758.7,29.48,74.65,2.87,2024-01-01 10:00:00,0.97984,74.3404608,74.3404608
2024,1,1,11,810.0,29.78,73.17,2.81,2024-01-01 11:00:00,0.97849,79.25769,79.25769
2024,1,1,12,731.8,29.9,72.75,2.72,2024-01-01 12:00:00,0.97795,71.566381,71.566381
2024,1,1,13,632.62,29.81,73.29,2.64,2024-01-01 13:00:00,0.978355,61.89269400999999,61.89269400999999
2024,1,1,14,509.15,29.55,74.69,2.59,2024-01-01 14:00:00,0.979525,49.872515375,49.872515375
2024,1,1,15,315.38,29.15,77.01,2.51,2024-01-01 15:00:00,0.981325,30.94902785,30.94902785
2024,1,1,16,153.25,28.57,81.67,2.13,2024-01-01 16:00:00,0.983935,15.078803875,15.078803875
2024,1,1,17,34.85,27.65,87.01,1.82,2024-01-01 17:00:00,0.988075,3.443441375,3.443441375
2024,1,1,18,0.0,26.7,92.93,1.56,2024-01-01 18:00:00,0.99235,0.0,0.0
2024,1,1,19,0.0,26.38,93.87,1.56,2024-01-01 19:00:00,0.99379,0.0,0.0
2024,1,1,20,0.0,26.13,94.44,1.51,2024-01-01 20:00:00,0.994915,0.0,0.0
2024,1,1,21,0.0,25.94,94.77,1.42,2024-01-01 21:00:00,0.99577,0.0,0.0
2024,1,1,22,0.0,25.79,94.61,1.31,2024-01-01 22:00:00,0.996445,0.0,0.0
2024,1,1,23,0.0,25.62,94.52,1.21,2024-01-01 23:00:00,0.99721,0.0,0.0
2024,1,2,0,0.0,25.37,95.12,1.2,2024-01-02 00:00:00,0.998335,0.0,0.0
2024,1,2,1,0.0,25.14,96.04,1.29,2024-01-02 01:00:00,0.99937,0.0,0.0
2024,1,2,2,0.0,24.97,96.46,1.37,2024-01-02 02:00:00,1.000135,0.0,0.0
2024,1,2,3,0.0,24.79,97.06,1.5,2024-01-02 03:00:00,1.000945,0.0,0.0
2024,1,2,4,0.0,24.63,97.55,1.61,2024-01-02 04:00:00,1.001665,0.0,0.0
2024,1,2,5,5.62,24.58,97.78,1.71,2024-01-02 05:00:00,1.00189,0.5630621800000001,0.5630621800000001
2024,1,2,6,87.75,25.58,95.62,1.92,2024-01-02 06:00:00,0.99739,8.752097249999998,8.752097249999998
2024,1,2,7,238.0,26.41,92.17,2.85,2024-01-02 07:00:00,0.993655,23.648988999999997,23.648988999999997
2024,1,2,8,403.0,27.14,88.72,3.25,2024-01-02 08:00:00,0.99037,39.911911,39.911911
2024,1,2,9,517.83,27.82,84.96,3.3,2024-01-02 09:00:00,0.98731,51.12587373,51.12587373
2024,1,2,10,652.62,28.3,82.01,3.08,2024-01-02 10:00:00,0.98515,64.2928593,64.2928593
2024,1,2,11,744.3,28.54,80.59,2.77,2024-01-02 11:00:00,0.98407,73.2443301,73.2443301
2024,1,2,12,770.35,28.74,79.29,2.64,2024-01-02 12:00:00,0.98317,75.73850095,75.73850095
2024,1,2,13,662.92,28.74,78.72,2.46,2024-01-02 13:00:00,0.98317,65.17630564,65.17630564
2024,1,2,14,546.03,28.61,78.89,2.17,2024-01-02 14:00:00,0.983755,53.71597426500001,53.71597426500001
2024,1,2,15,370.73,28.38,80.19,1.85,2024-01-02 15:00:00,0.98479,36.509119670000004,36.509119670000004
2024,1,2,16,184.23,27.9,84.13,1.49,2024-01-02 16:00:00,0.98695,18.18257985,18.18257985
2024,1,2,17,40.6,27.08,90.07,1.3,2024-01-02 17:00:00,0.99064,4.0219984,4.0219984
2024,1,2,18,0.0,26.3,91.66,1.38,2024-01-02 18:00:00,0.99415,0.0,0.0
2024,1,2,19,0.0,26.05,92.03,1.33,2024-01-02 19:00:00,0.995275,0.0,0.0
2024,1,2,20,0.0,25.9,92.02,1.24,2024-01-02 20:00:00,0.99595,0.0,0.0
2024,1,2,21,0.0,25.8,91.69,1.11,2024-01-02 21:00:00,0.9964,0.0,0.0
2024,1,2,22,0.0,25.73,91.22,0.95,2024-01-02 22:00:00,0.996715,0.0,0.0
2024,1,2,23,0.0,25.68,90.91,0.65,2024-01-02 23:00:00,0.99694,0.0,0.0
2024,1,3,0,0.0,25.59,91.31,0.33,2024-01-03 00:00:00,0.997345,0.0,0.0
2024,1,3,1,0.0,25.36,92.71,0.37,2024-01-03 01:00:00,0.99838,0.0,0.0
2024,1,3,2,0.0,25.22,93.59,0.38,2024-01-03 02:00:00,0.99901,0.0,0.0
2024,1,3,3,0.0,25.22,92.62,0.33,2024-01-03 03:00:00,0.99901,0.0,0.0
2024,1,3,4,0.0,25.16,93.07,0.42,2024-01-03 04:00:00,0.99928,0.0,0.0
2024,1,3,5,3.4,24.96,94.71,0.65,2024-01-03 05:00:00,1.00018,0.3400612,0.3400612
2024,1,3,6,99.0,25.73,94.28,0.86,2024-01-03 06:00:00,0.996715,9.8674785,9.8674785
2024,1,3,7,238.27,26.7,89.74,1.29,2024-01-03 07:00:00,0.99235,23.64472345,23.64472345
2024,1,3,8,394.4,27.46,86.51,1.7,2024-01-03 08:00:00,0.98893,39.0033992,39.0033992
2024,1,3,9,629.92,28.35,82.04,2.11,2024-01-03 09:00:00,0.984925,62.04239559999999,62.04239559999999
2024,1,3,10,734.2,29.02,77.91,2.32,2024-01-03 10:00:00,0.98191,72.0918322,72.0918322
2024,1,3,11,741.38,29.54,75.15,2.37,2024-01-03 11:00:00,0.97957,72.62336066,72.62336066
2024,1,3,12,672.53,29.97,72.68,2.33,2024-01-03 12:00:00,0.977635,65.748886655,65.748886655
2024,1,3,13,569.45,30.18,71.12,2.25,2024-01-03 13:00:00,0.9766900000000001,55.617612050000005,55.617612050000005
2024,1,3,14,147.12,29.7,73.6,1.96,2024-01-03 14:00:00,0.97885,14.4008412,14.4008412
2024,1,3,15,56.9,29.02,77.55,1.75,2024-01-03 15:00:00,0.98191,5.587067899999999,5.587067899999999
2024,1,3,16,31.2,28.25,83.17,1.25,2024-01-03 16:00:00,0.985375,3.0743699999999996,3.0743699999999996
2024,1,3,17,7.55,27.32,87.81,1.06,2024-01-03 17:00:00,0.98956,0.7471177999999999,0.7471177999999999
2024,1,3,18,0.0,26.44,92.81,0.7,2024-01-03 18:00:00,0.99352,0.0,0.0
2024,1,3,19,0.0,26.19,91.06,0.56,2024-01-03 19:00:00,0.994645,0.0,0.0
2024,1,3,20,0.0,26.12,89.27,0.26,2024-01-03 20:00:00,0.99496,0.0,0.0
2024,1,3,21,0.0,25.86,92.27,0.3,2024-01-03 21:00:00,0.99613,0.0,0.0
2024,1,3,22,0.0,25.49,91.93,0.48,2024-01-03 22:00:00,0.997795,0.0,0.0
2024,1,3,23,0.0,25.02,93.93,0.57,2024-01-03 23:00:00,0.99991,0.0,0.0
2024,1,4,0,0.0,24.69,95.5,0.75,2024-01-04 00:00:00,1.001395,0.0,0.0
2024,1,4,1,0.0,24.6,95.73,0.8,2024-01-04 01:00:00,1.0018,0.0,0.0
2024,1,4,2,0.0,24.58,95.39,0.73,2024-01-04 02:00:00,1.00189,0.0,0.0
2024,1,4,3,0.0,24.62,94.69,0.48,2024-01-04 03:00:00,1.00171,0.0,0.0
2024,1,4,4,0.0,24.75,93.12,0.12,2024-01-04 04:00:00,1.001125,0.0,0.0
2024,1,4,5,5.78,24.42,94.85,0.83,2024-01-04 05:00:00,1.00261,0.57950858,0.57950858
2024,1,4,6,101.05,25.16,94.36,1.2,2024-01-04 06:00:00,0.99928,10.0977244,10.0977244
2024,1,4,7,263.35,26.26,86.83,1.4,2024-01-04 07:00:00,0.99433,26.185680550000004,26.185680550000004
2024,1,4,8,437.0,26.91,80.14,1.62,2024-01-04 08:00:00,0.991405,43.3243985,43.3243985
2024,1,4,9,586.8,27.53,76.6,1.74,2024-01-04 09:00:00,0.988615,58.0119282,58.0119282
2024,1,4,10,651.92,28.17,73.75,1.6,2024-01-04 10:00:00,0.985735,64.26203611999999,64.26203611999999
2024,1,4,11,589.45,28.6,71.84,1.4,2024-01-04 11:00:00,0.9838,57.990091,57.990091
2024,1,4,12,535.28,28.64,71.77,1.2,2024-01-04 12:00:00,0.98362,52.651211360000005,52.651211360000005
2024,1,4,13,449.73,28.37,73.64,0.95,2024-01-04 13:00:00,0.984835,44.290984455,44.290984455
2024,1,4,14,183.9,27.84,77.0,0.79,2024-01-04 14:00:00,0.98722,18.1549758,18.1549758
2024,1,4,15,82.72,27.25,80.72,0.68,2024-01-04 15:00:00,0.989875,8.188246,8.188246
2024,1,4,16,42.35,26.62,86.06,0.71,2024-01-04 16:00:00,0.99271,4.20412685,4.20412685
2024,1,4,17,10.05,25.95,89.4,1.02,2024-01-04 17:00:00,0.995725,1.0007036249999999,1.0007036249999999
2024,1,4,18,0.0,25.27,94.94,0.92,2024-01-04 18:00:00,0.998785,0.0,0.0
2024,1,4,19,0.0,24.92,95.45,1.1,2024-01-04 19:00:00,1.00036,0.0,0.0
2024,1,4,20,0.0,24.61,95.69,1.28,2024-01-04 20:00:00,1.001755,0.0,0.0
2024,1,4,21,0.0,24.34,95.94,1.35,2024-01-04 21:00:00,1.00297,0.0,0.0
2024,1,4,22,0.0,24.05,96.41,1.32,2024-01-04 22:00:00,1.004275,0.0,0.0
2024,1,4,23,0.0,23.79,96.84,1.27,2024-01-04 23:00:00,1.005445,0.0,0.0
2024,1,5,0,0.0,23.53,97.05,1.29,2024-01-05 00:00:00,1.006615,0.0,0.0
2024,1,5,1,0.0,23.41,97.06,1.21,2024-01-05 01:00:00,1.007155,0.0,0.0
2024,1,5,2,0.0,23.52,96.15,0.98,2024-01-05 02:00:00,1.00666,0.0,0.0
2024,1,5,3,0.0,23.67,95.15,0.74,2024-01-05 03:00:00,1.005985,0.0,0.0
2024,1,5,4,0.0,23.8,94.39,0.55,2024-01-05 04:00:00,1.0054,0.0,0.0
2024,1,5,5,5.45,24.01,94.14,0.28,2024-01-05 05:00:00,1.004455,0.5474279750000001,0.5474279750000001
2024,1,5,6,91.35,24.75,92.47,0.23,2024-01-05 06:00:00,1.001125,9.145276875,9.145276875
2024,1,5,7,250.85,26.8,79.1,0.91,2024-01-05 07:00:00,0.9919,24.8818115,24.8818115
2024,1,5,8,420.48,28.15,73.01,1.47,2024-01-05 08:00:00,0.985825,41.4519696,41.4519696
2024,1,5,9,569.2,29.51,67.64,1.86,2024-01-05 09:00:00,0.979705,55.7648086,55.7648086
2024,1,5,10,631.92,30.59,63.89,1.9,2024-01-05 10:00:00,0.974845,61.60240523999999,61.60240523999999
2024,1,5,11,624.9,31.08,61.99,1.8,2024-01-05 11:00:00,0.9726400000000001,60.78027360000001,60.78027360000001
2024,1,5,12,645.83,31.11,62.15,1.84,2024-01-05 12:00:00,0.972505,62.807290415,62.807290415
2024,1,5,13,574.5,30.8,63.67,2.1,2024-01-05 13:00:00,0.9739,55.950555,55.950555
2024,1,5,14,455.95,29.97,67.69,2.64,2024-01-05 14:00:00,0.977635,44.575267825,44.575267825
2024,1,5,15,158.85,28.98,73.61,3.22,2024-01-05 15:00:00,0.98209,15.60049965,15.60049965
2024,1,5,16,85.43,27.89,80.26,3.52,2024-01-05 16:00:00,0.986995,8.431898285,8.431898285
2024,1,5,17,20.33,26.67,88.62,2.93,2024-01-05 17:00:00,0.992485,2.017722005,2.017722005
2024,1,5,18,0.0,25.88,93.75,2.48,2024-01-05 18:00:00,0.99604,0.0,0.0
2024,1,5,19,0.0,25.65,95.19,2.42,2024-01-05 19:00:00,0.997075,0.0,0.0
2024,1,5,20,0.0,25.5,95.97,2.32,2024-01-05 20:00:00,0.99775,0.0,0.0
2024,1,5,21,0.0,25.36,96.33,2.24,2024-01-05 21:00:00,0.99838,0.0,0.0
2024,1,5,22,0.0,25.23,96.46,2.14,2024-01-05 22:00:00,0.998965,0.0,0.0
2024,1,5,23,0.0,25.04,96.48,2.01,2024-01-05 23:00:00,0.99982,0.0,0.0
2024,1,6,0,0.0,24.82,96.45,1.84,2024-01-06 00:00:00,1.00081,0.0,0.0
2024,1,6,1,0.0,24.66,96.3,1.68,2024-01-06 01:00:00,1.00153,0.0,0.0
2024,1,6,2,0.0,24.53,96.25,1.55,2024-01-06 02:00:00,1.002115,0.0,0.0
2024,1,6,3,0.0,24.39,96.32,1.52,2024-01-06 03:00:00,1.002745,0.0,0.0
2024,1,6,4,0.0,24.22,96.5,1.51,2024-01-06 04:00:00,1.00351,0.0,0.0
2024,1,6,5,6.55,24.11,96.6,1.51,2024-01-06 05:00:00,1.004005,0.657623275,0.657623275
2024,1,6,6,132.1,25.36,93.0,1.96,2024-01-06 06:00:00,0.99838,13.1885998,13.1885998
2024,1,6,7,350.05,26.42,87.86,2.37,2024-01-06 07:00:00,0.99361,34.78131805,34.78131805
2024,1,6,8,568.03,27.56,82.27,2.15,2024-01-06 08:00:00,0.98848,56.14862943999999,56.14862943999999
2024,1,6,9,709.55,28.5,77.4,1.68,2024-01-06 09:00:00,0.98425,69.83745874999998,69.83745874999998
2024,1,6,10,770.38,29.13,74.18,1.34,2024-01-06 10:00:00,0.981415,75.60624877,75.60624877
2024,1,6,11,728.9,29.58,72.02,1.31,2024-01-06 11:00:00,0.97939,71.3877371,71.3877371
2024,1,6,12,648.42,29.69,71.25,1.64,2024-01-06 12:00:00,0.978895,63.47350959,63.47350959
2024,1,6,13,511.55,29.17,74.02,2.19,2024-01-06 13:00:00,0.981235,50.195076425,50.195076425
2024,1,6,14,137.43,28.42,78.24,2.63,2024-01-06 14:00:00,0.98461,13.53149523,13.53149523
2024,1,6,15,46.95,27.67,82.74,2.96,2024-01-06 15:00:00,0.987985,4.638589575,4.638589575
2024,1,6,16,28.58,26.92,87.35,3.02,2024-01-06 16:00:00,0.99136,2.83330688,2.83330688
2024,1,6,17,9.12,26.2,92.17,2.53,2024-01-06 17:00:00,0.9946,0.9070752,0.9070752
2024,1,6,18,0.0,25.8,94.6,2.32,2024-01-06 18:00:00,0.9964,0.0,0.0
2024,1,6,19,0.0,25.66,95.2,2.4,2024-01-06 19:00:00,0.99703,0.0,0.0
2024,1,6,20,0.0,25.53,95.68,2.42,2024-01-06 20:00:00,0.997615,0.0,0.0
2024,1,6,21,0.0,25.39,95.87,2.51,2024-01-06 21:00:00,0.998245,0.0,0.0
2024,1,6,22,0.0,25.26,95.92,2.59,2024-01-06 22:00:00,0.99883,0.0,0.0
2024,1,6,23,0.0,25.1,96.17,2.46,2024-01-06 23:00:00,0.9995499999999999,0.0,0.0
2024,1,7,0,0.0,24.82,96.57,2.4,2024-01-07 00:00:00,1.00081,0.0,0.0
2024,1,7,1,0.0,24.67,96.61,2.74,2024-01-07 01:00:00,1.001485,0.0,0.0
2024,1,7,2,0.0,24.65,96.08,3.41,2024-01-07 02:00:00,1.001575,0.0,0.0
2024,1,7,3,0.0,24.47,95.23,4.06,2024-01-07 03:00:00,1.002385,0.0,0.0
2024,1,7,4,0.0,24.05,95.16,3.42,2024-01-07 04:00:00,1.004275,0.0,0.0
2024,1,7,5,5.7,23.73,95.83,2.51,2024-01-07 05:00:00,1.005715,0.57325755,0.57325755
2024,1,7,6,98.28,24.16,95.08,2.58,2024-01-07 06:00:00,1.00378,9.86514984,9.86514984
2024,1,7,7,262.02,24.77,92.88,2.97,2024-01-07 07:00:00,1.001035,26.229119069999996,26.229119069999996
2024,1,7,8,445.88,25.46,89.42,3.19,2024-01-07 08:00:00,0.99793,44.49570284,44.49570284
2024,1,7,9,527.88,26.36,85.59,2.97,2024-01-07 09:00:00,0.99388,52.46493744,52.46493744
2024,1,7,10,628.78,27.4,81.78,2.37,2024-01-07 10:00:00,0.9892,62.1989176,62.1989176
2024,1,7,11,583.55,28.21,78.85,1.87,2024-01-07 11:00:00,0.985555,57.512062024999985,57.512062024999985
2024,1,7,12,341.7,28.45,78.29,1.7,2024-01-07 12:00:00,0.984475,33.63951075,33.63951075
2024,1,7,13,216.73,28.21,80.01,1.75,2024-01-07 13:00:00,0.985555,21.359933514999998,21.359933514999998
2024,1,7,14,112.75,27.67,82.91,1.69,2024-01-07 14:00:00,0.987985,11.139530875,11.139530875
2024,1,7,15,103.2,27.07,86.1,1.47,2024-01-07 15:00:00,0.990685,10.223869200000001,10.223869200000001
2024,1,7,16,57.97,26.46,89.81,1.15,2024-01-07 16:00:00,0.99343,5.75891371,5.75891371
2024,1,7,17,14.82,25.87,93.46,0.81,2024-01-07 17:00:00,0.996085,1.47619797,1.47619797
2024,1,7,18,0.0,25.48,95.91,0.6,2024-01-07 18:00:00,0.99784,0.0,0.0
2024,1,7,19,0.0,25.25,96.21,0.76,2024-01-07 19:00:00,0.998875,0.0,0.0
2024,1,7,20,0.0,24.99,95.78,1.1,2024-01-07 20:00:00,1.000045,0.0,0.0
2024,1,7,21,0.0,24.55,95.88,1.33,2024-01-07 21:00:00,1.002025,0.0,0.0
2024,1,7,22,0.0,24.15,96.23,1.48,2024-01-07 22:00:00,1.003825,0.0,0.0
2024,1,7,23,0.0,23.83,96.89,1.45,2024-01-07 23:00:00,1.005265,0.0,0.0
2024,1,8,0,0.0,23.62,97.22,1.24,2024-01-08 00:00:00,1.00621,0.0,0.0
2024,1,8,1,0.0,23.51,96.97,1.04,2024-01-08 01:00:00,1.006705,0.0,0.0
2024,1,8,2,0.0,23.36,96.79,1.04,2024-01-08 02:00:00,1.00738,0.0,0.0
2024,1,8,3,0.0,23.19,97.01,1.12,2024-01-08 03:00:00,1.008145,0.0,0.0
2024,1,8,4,0.0,23.08,97.21,1.19,2024-01-08 04:00:00,1.00864,0.0,0.0
2024,1,8,5,5.65,23.2,97.21,1.21,2024-01-08 05:00:00,1.0081,0.5695765,0.5695765
2024,1,8,6,109.62,24.65,92.61,1.84,2024-01-08 06:00:00,1.001575,10.979265150000003,10.979265150000003
2024,1,8,7,297.48,26.38,86.27,2.13,2024-01-08 07:00:00,0.99379,29.563264919999998,29.563264919999998
2024,1,8,8,495.23,27.94,79.63,2.46,2024-01-08 08:00:00,0.98677,48.86781071000001,48.86781071000001
2024,1,8,9,590.58,29.12,74.15,2.79,2024-01-08 09:00:00,0.98146,57.96306468,57.96306468
2024,1,8,10,593.92,29.83,70.59,3.02,2024-01-08 10:00:00,0.978265,58.101114880000004,58.101114880000004
2024,1,8,11,585.75,30.39,67.6,3.16,2024-01-08 11:00:00,0.975745,57.154263375,57.154263375
2024,1,8,12,525.83,30.75,65.38,3.28,2024-01-08 12:00:00,0.974125,51.222414875,51.222414875
2024,1,8,13,399.05,30.34,66.83,3.29,2024-01-08 13:00:00,0.97597,38.94608285,38.94608285
2024,1,8,14,267.23,29.83,69.21,3.28,2024-01-08 14:00:00,0.978265,26.142175595000005,26.142175595000005
2024,1,8,15,174.85,29.19,71.93,3.07,2024-01-08 15:00:00,0.981145,17.155320325,17.155320325
2024,1,8,16,88.53,28.22,77.18,2.59,2024-01-08 16:00:00,0.98551,8.72472003,8.72472003
2024,1,8,17,22.0,26.92,85.42,1.89,2024-01-08 17:00:00,0.99136,2.180992,2.180992
2024,1,8,18,0.0,25.88,91.36,1.48,2024-01-08 18:00:00,0.99604,0.0,0.0
2024,1,8,19,0.0,25.38,92.79,1.42,2024-01-08 19:00:00,0.99829,0.0,0.0
2024,1,8,20,0.0,24.93,93.97,1.34,2024-01-08 20:00:00,1.000315,0.0,0.0
2024,1,8,21,0.0,24.58,94.7,1.23,2024-01-08 21:00:00,1.00189,0.0,0.0
2024,1,8,22,0.0,24.21,94.94,1.15,2024-01-08 22:00:00,1.003555,0.0,0.0
2024,1,8,23,0.0,23.94,94.85,1.04,2024-01-08 23:00:00,1.00477,0.0,0.0
2024,1,9,0,0.0,23.71,94.76,0.96,2024-01-09 00:00:00,1.005805,0.0,0.0
2024,1,9,1,0.0,23.5,95.04,0.89,2024-01-09 01:00:00,1.00675,0.0,0.0
2024,1,9,2,0.0,23.32,95.2,0.87,2024-01-09 02:00:00,1.00756,0.0,0.0
2024,1,9,3,0.0,23.1,95.82,0.94,2024-01-09 03:00:00,1.00855,0.0,0.0
2024,1,9,4,0.0,22.91,96.37,1.04,2024-01-09 04:00:00,1.009405,0.0,0.0
2024,1,9,5,4.68,22.86,96.71,1.08,2024-01-09 05:00:00,1.00963,0.47250684000000004,0.47250684000000004
2024,1,9,6,103.78,23.86,93.15,1.46,2024-01-09 06:00:00,1.00513,10.43123914,10.43123914
2024,1,9,7,295.88,25.23,86.52,1.35,2024-01-09 07:00:00,0.998965,29.557376419999997,29.557376419999997
2024,1,9,8,513.97,26.86,78.18,1.06,2024-01-09 08:00:00,0.99163,50.966807110000005,50.966807110000005
2024,1,9,9,639.92,28.34,71.27,0.84,2024-01-09 09:00:00,0.98497,63.03020023999999,63.03020023999999
2024,1,9,10,687.05,29.49,66.59,0.91,2024-01-09 10:00:00,0.979795,67.316815475,67.316815475
2024,1,9,11,640.6,30.37,64.12,1.18,2024-01-09 11:00:00,0.975835,62.511990100000006,62.511990100000006
2024,1,9,12,589.38,30.77,63.56,1.61,2024-01-09 12:00:00,0.974035,57.407674830000005,57.407674830000005
2024,1,9,13,496.17,30.7,64.64,2.06,2024-01-09 13:00:00,0.97435,48.34432395,48.34432395
2024,1,9,14,353.7,30.03,67.62,2.46,2024-01-09 14:00:00,0.977365,34.569400050000006,34.569400050000006
2024,1,9,15,144.65,29.11,72.68,2.97,2024-01-09 15:00:00,0.981505,14.197469824999999,14.197469824999999
2024,1,9,16,56.6,28.01,79.34,3.32,2024-01-09 16:00:00,0.986455,5.5833353,5.5833353
2024,1,9,17,11.07,26.76,88.0,2.75,2024-01-09 17:00:00,0.99208,1.09823256,1.09823256
2024,1,9,18,0.0,25.99,93.21,2.18,2024-01-09 18:00:00,0.995545,0.0,0.0
2024,1,9,19,0.0,25.75,94.81,1.83,2024-01-09 19:00:00,0.996625,0.0,0.0
2024,1,9,20,0.0,25.61,95.53,1.49,2024-01-09 20:00:00,0.997255,0.0,0.0
2024,1,9,21,0.0,25.59,94.97,1.19,2024-01-09 21:00:00,0.997345,0.0,0.0
2024,1,9,22,0.0,25.49,95.05,1.03,2024-01-09 22:00:00,0.997795,0.0,0.0
2024,1,9,23,0.0,25.27,95.91,1.02,2024-01-09 23:00:00,0.998785,0.0,0.0
2024,1,10,0,0.0,25.08,96.65,1.05,2024-01-10 00:00:00,0.99964,0.0,0.0
2024,1,10,1,0.0,24.97,96.85,1.1,2024-01-10 01:00:00,1.000135,0.0,0.0
2024,1,10,2,0.0,24.89,96.89,1.18,2024-01-10 02:00:00,1.000495,0.0,0.0
2024,1,10,3,0.0,24.8,97.08,1.29,2024-01-10 03:00:00,1.0009,0.0,0.0
2024,1,10,4,0.0,24.71,97.17,1.37,2024-01-10 04:00:00,1.001305,0.0,0.0
2024,1,10,5,4.78,24.73,97.22,1.44,2024-01-10 05:00:00,1.001215,0.47858077000000004,0.47858077000000004
2024,1,10,6,90.32,25.59,94.76,2.05,2024-01-10 06:00:00,0.997345,9.00802004,9.00802004
2024,1,10,7,249.52,26.45,91.08,2.57,2024-01-10 07:00:00,0.993475,24.7891882,24.7891882
2024,1,10,8,425.45,27.44,85.89,2.71,2024-01-10 08:00:00,0.98902,42.0778559,42.0778559
2024,1,10,9,558.88,28.27,81.25,2.79,2024-01-10 09:00:00,0.985285,55.065608080000004,55.065608080000004
2024,1,10,10,697.65,28.77,78.66,2.9,2024-01-10 10:00:00,0.983035,68.581436775,68.581436775
2024,1,10,11,768.2,28.77,78.75,2.98,2024-01-10 11:00:00,0.983035,75.5167487,75.5167487
2024,1,10,12,727.83,28.62,79.7,3.08,2024-01-10 12:00:00,0.98371,71.59736493000001,71.59736493000001
2024,1,10,13,591.92,28.36,81.07,3.23,2024-01-10 13:00:00,0.98488,58.29701696,58.29701696
2024,1,10,14,371.12,28.01,82.79,3.34,2024-01-10 14:00:00,0.986455,36.60931796,36.60931796
2024,1,10,15,72.12,27.58,84.9,3.33,2024-01-10 15:00:00,0.98839,7.128268680000001,7.128268680000001
2024,1,10,16,40.72,27.01,88.13,3.22,2024-01-10 16:00:00,0.990955,4.03516876,4.03516876
2024,1,10,17,10.9,26.28,92.49,2.64,2024-01-10 17:00:00,0.99424,1.0837216,1.0837216
2024,1,10,18,0.0,25.74,94.76,2.62,2024-01-10 18:00:00,0.9966700000000001,0.0,0.0
2024,1,10,19,0.0,25.56,95.37,2.88,2024-01-10 19:00:00,0.99748,0.0,0.0
2024,1,10,20,0.0,25.44,95.63,3.04,2024-01-10 20:00:00,0.99802,0.0,0.0
2024,1,10,21,0.0,25.27,95.68,3.24,2024-01-10 21:00:00,0.998785,0.0,0.0
2024,1,10,22,0.0,25.08,96.0,3.1,2024-01-10 22:00:00,0.99964,0.0,0.0
2024,1,10,23,0.0,25.0,96.1,2.89,2024-01-10 23:00:00,1.0,0.0,0.0
2024,1,11,0,0.0,24.75,96.7,2.45,2024-01-11 00:00:00,1.001125,0.0,0.0
2024,1,11,1,0.0,24.61,97.03,2.31,2024-01-11 01:00:00,1.001755,0.0,0.0
2024,1,11,2,0.0,24.58,96.67,2.45,2024-01-11 02:00:00,1.00189,0.0,0.0
2024,1,11,3,0.0,24.43,96.75,2.18,2024-01-11 03:00:00,1.002565,0.0,0.0
2024,1,11,4,0.0,24.38,96.66,2.02,2024-01-11 04:00:00,1.00279,0.0,0.0
2024,1,11,5,4.32,24.41,96.58,1.96,2024-01-11 05:00:00,1.002655,0.43314696,0.43314696
2024,1,11,6,93.0,25.01,94.91,2.42,2024-01-11 06:00:00,0.999955,9.2995815,9.2995815
2024,1,11,7,264.98,25.63,92.71,2.89,2024-01-11 07:00:00,0.997165,26.422878169999997,26.422878169999997
2024,1,11,8,454.33,26.56,89.77,3.17,2024-01-11 08:00:00,0.99298,45.11406034,45.11406034
2024,1,11,9,630.58,27.27,87.02,3.14,2024-01-11 09:00:00,0.989785,62.41386253,62.41386253
2024,1,11,10,713.45,27.88,83.8,2.96,2024-01-11 10:00:00,0.98704,70.4203688,70.4203688
2024,1,11,11,747.9,28.64,79.97,2.81,2024-01-11 11:00:00,0.98362,73.5649398,73.5649398
2024,1,11,12,670.2,29.04,77.45,2.71,2024-01-11 12:00:00,0.98182,65.8015764,65.8015764
2024,1,11,13,490.6,28.93,77.55,2.76,2024-01-11 13:00:00,0.982315,48.19237390000001,48.19237390000001
2024,1,11,14,102.07,28.55,79.17,2.98,2024-01-11 14:00:00,0.984025,10.043943174999999,10.043943174999999
2024,1,11,15,54.42,27.89,82.41,3.11,2024-01-11 15:00:00,0.986995,5.37122679,5.37122679
2024,1,11,16,32.08,27.1,86.99,2.94,2024-01-11 16:00:00,0.99055,3.1776844,3.1776844
2024,1,11,17,8.8,26.24,92.37,2.31,2024-01-11 17:00:00,0.99442,0.8750896,0.8750896
2024,1,11,18,0.0,25.59,95.26,2.0,2024-01-11 18:00:00,0.997345,0.0,0.0
2024,1,11,19,0.0,25.36,95.73,2.0,2024-01-11 19:00:00,0.99838,0.0,0.0
2024,1,11,20,0.0,25.18,96.04,2.0,2024-01-11 20:00:00,0.99919,0.0,0.0
2024,1,11,21,0.0,24.95,96.3,1.98,2024-01-11 21:00:00,1.000225,0.0,0.0
2024,1,11,22,0.0,24.56,96.77,1.93,2024-01-11 22:00:00,1.00198,0.0,0.0
2024,1,11,23,0.0,24.35,97.15,1.83,2024-01-11 23:00:00,1.002925,0.0,0.0
2024,1,12,0,0.0,24.25,97.25,1.81,2024-01-12 00:00:00,1.003375,0.0,0.0
2024,1,12,1,0.0,24.15,97.36,1.81,2024-01-12 01:00:00,1.003825,0.0,0.0
2024,1,12,2,0.0,24.03,97.37,1.8,2024-01-12 02:00:00,1.004365,0.0,0.0
2024,1,12,3,0.0,23.89,97.38,1.79,2024-01-12 03:00:00,1.004995,0.0,0.0
2024,1,12,4,0.0,23.73,97.53,1.82,2024-01-12 04:00:00,1.005715,0.0,0.0
2024,1,12,5,4.3,23.77,97.27,1.85,2024-01-12 05:00:00,1.005535,0.43238005,0.43238005
2024,1,12,6,103.0,25.03,93.45,2.69,2024-01-12 06:00:00,0.999865,10.2986095,10.2986095
2024,1,12,7,290.38,26.03,87.97,3.29,2024-01-12 07:00:00,0.9953649999999999,28.903408869999996,28.903408869999996
2024,1,12,8,494.45,27.2,81.0,3.48,2024-01-12 08:00:00,0.9901,48.9554945,48.9554945
2024,1,12,9,638.4,28.11,76.1,3.52,2024-01-12 09:00:00,0.986005,62.946559199999996,62.946559199999996
2024,1,12,10,751.05,28.8,73.0,3.59,2024-01-12 10:00:00,0.9829,73.8207045,73.8207045
2024,1,12,11,807.08,29.02,71.53,3.7,2024-01-12 11:00:00,0.98191,79.24799227999999,79.24799227999999
2024,1,12,12,817.6,29.29,70.25,3.95,2024-01-12 12:00:00,0.980695,80.1816232,80.1816232
2024,1,12,13,717.38,29.19,69.89,4.24,2024-01-12 13:00:00,0.981145,70.38538001,70.38538001
2024,1,12,14,563.83,28.91,70.11,4.47,2024-01-12 14:00:00,0.982405,55.390941115000004,55.390941115000004
2024,1,12,15,383.7,28.2,72.38,4.57,2024-01-12 15:00:00,0.9856,37.817472,37.817472
2024,1,12,16,195.98,27.29,76.12,4.39,2024-01-12 16:00:00,0.989695,19.39604261,19.39604261
2024,1,12,17,48.3,25.87,84.07,3.2,2024-01-12 17:00:00,0.996085,4.811090549999999,4.811090549999999
2024,1,12,18,0.0,24.79,89.62,2.49,2024-01-12 18:00:00,1.000945,0.0,0.0
2024,1,12,19,0.0,24.52,90.33,2.33,2024-01-12 19:00:00,1.00216,0.0,0.0
2024,1,12,20,0.0,24.26,91.25,2.2,2024-01-12 20:00:00,1.00333,0.0,0.0
2024,1,12,21,0.0,23.98,92.37,2.11,2024-01-12 21:00:00,1.00459,0.0,0.0
2024,1,12,22,0.0,23.76,93.0,2.12,2024-01-12 22:00:00,1.00558,0.0,0.0
2024,1,12,23,0.0,23.63,93.31,2.11,2024-01-12 23:00:00,1.006165,0.0,0.0
2024,1,13,0,0.0,23.52,93.55,2.12,2024-01-13 00:00:00,1.00666,0.0,0.0
2024,1,13,1,0.0,23.43,93.9,2.12,2024-01-13 01:00:00,1.007065,0.0,0.0
2024,1,13,2,0.0,23.3,94.24,2.16,2024-01-13 02:00:00,1.00765,0.0,0.0
2024,1,13,3,0.0,23.15,94.45,2.23,2024-01-13 03:00:00,1.008325,0.0,0.0
2024,1,13,4,0.0,23.03,95.01,2.24,2024-01-13 04:00:00,1.008865,0.0,0.0
2024,1,13,5,4.47,23.08,95.22,2.18,2024-01-13 05:00:00,1.00864,0.45086208,0.45086208
2024,1,13,6,77.78,25.07,88.16,2.61,2024-01-13 06:00:00,0.999685,7.77554993,7.77554993
2024,1,13,7,224.68,26.54,79.41,3.33,2024-01-13 07:00:00,0.99307,22.312296760000002,22.312296760000002
2024,1,13,8,400.15,27.87,74.67,3.38,2024-01-13 08:00:00,0.987085,39.498206274999994,39.498206274999994
2024,1,13,9,578.08,29.05,71.32,3.4,2024-01-13 09:00:00,0.981775,56.7544492,56.7544492
2024,1,13,10,654.0,29.93,68.45,3.55,2024-01-13 10:00:00,0.977815,63.949101000000006,63.949101000000006
2024,1,13,11,667.35,30.47,66.44,3.75,2024-01-13 11:00:00,0.9753850000000001,65.092317975,65.092317975
2024,1,13,12,687.6,30.69,65.25,3.94,2024-01-13 12:00:00,0.974395,66.99940020000001,66.99940020000001
2024,1,13,13,663.83,30.61,64.72,4.08,2024-01-13 13:00:00,0.974755,64.70716116500002,64.70716116500002
2024,1,13,14,552.5,30.14,65.83,4.25,2024-01-13 14:00:00,0.97687,53.9720675,53.9720675
2024,1,13,15,466.6,29.42,67.75,4.3,2024-01-13 15:00:00,0.98011,45.73193260000001,45.73193260000001
2024,1,13,16,237.98,28.32,72.12,4.32,2024-01-13 16:00:00,0.98506,23.44245788,23.44245788
2024,1,13,17,54.58,26.6,82.04,3.73,2024-01-13 17:00:00,0.9928,5.418702399999999,5.418702399999999
2024,1,13,18,0.0,25.22,90.27,2.96,2024-01-13 18:00:00,0.99901,0.0,0.0
2024,1,13,19,0.0,24.78,92.84,2.71,2024-01-13 19:00:00,1.00099,0.0,0.0
2024,1,13,20,0.0,24.54,94.28,2.39,2024-01-13 20:00:00,1.00207,0.0,0.0
2024,1,13,21,0.0,24.38,94.9,2.17,2024-01-13 21:00:00,1.00279,0.0,0.0
2024,1,13,22,0.0,24.15,95.65,1.97,2024-01-13 22:00:00,1.003825,0.0,0.0
2024,1,13,23,0.0,23.89,96.27,1.9,2024-01-13 23:00:00,1.004995,0.0,0.0
2024,1,14,0,0.0,23.67,97.16,1.88,2024-01-14 00:00:00,1.005985,0.0,0.0
2024,1,14,1,0.0,23.64,97.23,1.86,2024-01-14 01:00:00,1.00612,0.0,0.0
2024,1,14,2,0.0,23.59,97.24,1.85,2024-01-14 02:00:00,1.006345,0.0,0.0
2024,1,14,3,0.0,23.49,97.46,1.84,2024-01-14 03:00:00,1.006795,0.0,0.0
2024,1,14,4,0.0,23.36,97.76,1.82,2024-01-14 04:00:00,1.00738,0.0,0.0
2024,1,14,5,3.9,23.33,97.72,1.76,2024-01-14 05:00:00,1.007515,0.39293084999999994,0.39293084999999994
2024,1,14,6,103.78,25.03,91.67,2.26,2024-01-14 06:00:00,0.999865,10.37659897,10.37659897
2024,1,14,7,297.48,26.33,83.87,2.68,2024-01-14 07:00:00,0.994015,29.56995822,29.56995822
2024,1,14,8,502.7,27.68,76.86,2.7,2024-01-14 08:00:00,0.98794,49.663743800000006,49.663743800000006
2024,1,14,9,669.85,29.02,70.8,2.77,2024-01-14 09:00:00,0.98191,65.77324134999999,65.77324134999999
2024,1,14,10,789.2,29.96,67.4,2.96,2024-01-14 10:00:00,0.97768,77.1585056,77.1585056
2024,1,14,11,820.67,30.66,65.16,3.14,2024-01-14 11:00:00,0.97453,79.97675351000001,79.97675351000001
2024,1,14,12,801.1,31.02,63.57,3.32,2024-01-14 12:00:00,0.97291,77.9398201,77.9398201
2024,1,14,13,721.72,30.99,63.02,3.5,2024-01-14 13:00:00,0.973045,70.22660374,70.22660374
2024,1,14,14,645.78,30.56,64.13,3.62,2024-01-14 14:00:00,0.97498,62.96225844,62.96225844
2024,1,14,15,391.75,29.94,65.28,3.65,2024-01-14 15:00:00,0.97777,38.30413975,38.30413975
2024,1,14,16,210.85,28.84,69.51,3.68,2024-01-14 16:00:00,0.98272,20.7206512,20.7206512
2024,1,14,17,54.75,27.06,79.88,2.98,2024-01-14 17:00:00,0.99073,5.42424675,5.42424675
2024,1,14,18,0.0,25.54,88.68,2.4,2024-01-14 18:00:00,0.99757,0.0,0.0
2024,1,14,19,0.0,25.03,91.26,2.18,2024-01-14 19:00:00,0.999865,0.0,0.0
2024,1,14,20,0.0,24.61,93.1,1.92,2024-01-14 20:00:00,1.001755,0.0,0.0
2024,1,14,21,0.0,24.34,93.92,1.79,2024-01-14 21:00:00,1.00297,0.0,0.0
2024,1,14,22,0.0,24.15,94.05,1.64,2024-01-14 22:00:00,1.003825,0.0,0.0
2024,1,14,23,0.0,23.97,93.47,1.49,2024-01-14 23:00:00,1.004635,0.0,0.0
2024,1,15,0,0.0,23.81,93.11,1.42,2024-01-15 00:00:00,1.005355,0.0,0.0
2024,1,15,1,0.0,23.64,93.17,1.43,2024-01-15 01:00:00,1.00612,0.0,0.0
2024,1,15,2,0.0,23.39,93.71,1.53,2024-01-15 02:00:00,1.007245,0.0,0.0
2024,1,15,3,0.0,23.16,94.29,1.67,2024-01-15 03:00:00,1.00828,0.0,0.0
2024,1,15,4,0.0,23.09,94.02,1.7,2024-01-15 04:00:00,1.008595,0.0,0.0
2024,1,15,5,4.0,23.27,93.02,1.57,2024-01-15 05:00:00,1.007785,0.403114,0.403114
2024,1,15,6,99.03,25.38,85.2,1.83,2024-01-15 06:00:00,0.99829,9.886065870000001,9.886065870000001
2024,1,15,7,281.6,26.99,76.72,2.45,2024-01-15 07:00:00,0.991045,27.9078272,27.9078272
2024,1,15,8,464.17,28.13,72.8,2.64,2024-01-15 08:00:00,0.985915,45.763216555,45.763216555
2024,1,15,9,637.9,29.14,69.33,2.74,2024-01-15 09:00:00,0.98137,62.6015923,62.6015923
2024,1,15,10,712.83,29.92,66.87,2.85,2024-01-15 10:00:00,0.97786,69.70479438,69.70479438
2024,1,15,11,687.97,30.4,65.34,3.03,2024-01-15 11:00:00,0.9757,67.12523290000001,67.12523290000001
2024,1,15,12,652.95,30.61,64.17,3.29,2024-01-15 12:00:00,0.974755,63.646627725,63.646627725
2024,1,15,13,610.58,30.38,64.41,3.51,2024-01-15 13:00:00,0.97579,59.579785820000005,59.579785820000005
2024,1,15,14,451.95,29.95,65.66,3.58,2024-01-15 14:00:00,0.977725,44.18828137499999,44.18828137499999
2024,1,15,15,302.7,29.29,68.04,3.44,2024-01-15 15:00:00,0.980695,29.685637649999997,29.685637649999997
2024,1,15,16,160.8,28.2,74.06,2.95,2024-01-15 16:00:00,0.9856,15.848448,15.848448
2024,1,15,17,40.58,26.88,82.26,2.25,2024-01-15 17:00:00,0.99154,4.02366932,4.02366932
2024,1,15,18,0.0,25.71,90.3,1.65,2024-01-15 18:00:00,0.9968049999999999,0.0,0.0
2024,1,15,19,0.0,25.29,91.39,1.57,2024-01-15 19:00:00,0.998695,0.0,0.0
2024,1,15,20,0.0,24.94,91.88,1.52,2024-01-15 20:00:00,1.00027,0.0,0.0
2024,1,15,21,0.0,24.66,92.25,1.49,2024-01-15 21:00:00,1.00153,0.0,0.0
2024,1,15,22,0.0,24.42,92.54,1.46,2024-01-15 22:00:00,1.00261,0.0,0.0
2024,1,15,23,0.0,24.16,93.17,1.48,2024-01-15 23:00:00,1.00378,0.0,0.0
2024,1,16,0,0.0,23.92,93.67,1.53,2024-01-16 00:00:00,1.00486,0.0,0.0
2024,1,16,1,0.0,23.79,94.08,1.52,2024-01-16 01:00:00,1.005445,0.0,0.0
2024,1,16,2,0.0,23.8,94.39,1.46,2024-01-16 02:00:00,1.0054,0.0,0.0
2024,1,16,3,0.0,23.87,94.53,1.38,2024-01-16 03:00:00,1.005085,0.0,0.0
2024,1,16,4,0.0,23.9,94.48,1.3,2024-01-16 04:00:00,1.00495,0.0,0.0
2024,1,16,5,3.55,24.01,94.36,1.19,2024-01-16 05:00:00,1.004455,0.356581525,0.356581525
2024,1,16,6,98.47,25.43,90.68,1.39,2024-01-16 06:00:00,0.998065,9.827946055,9.827946055
2024,1,16,7,301.8,26.58,84.59,2.04,2024-01-16 07:00:00,0.99289,29.9654202,29.9654202
2024,1,16,8,529.22,27.74,79.44,2.52,2024-01-16 08:00:00,0.98767,52.26947174000001,52.26947174000001
2024,1,16,9,683.22,28.7,74.61,3.07,2024-01-16 09:00:00,0.9833500000000001,67.1844387,67.1844387
2024,1,16,10,816.85,29.39,71.67,3.38,2024-01-16 10:00:00,0.980245,80.071312825,80.071312825
2024,1,16,11,834.25,29.89,69.5,3.54,2024-01-16 11:00:00,0.977995,81.58923287500001,81.58923287500001
2024,1,16,12,795.3,30.0,68.8,3.55,2024-01-16 12:00:00,0.9775,77.740575,77.740575
2024,1,16,13,716.03,30.04,68.49,3.45,2024-01-16 13:00:00,0.97732,69.97904396,69.97904396
2024,1,16,14,511.2,29.79,69.1,3.31,2024-01-16 14:00:00,0.978445,50.018108399999996,50.018108399999996
2024,1,16,15,319.77,29.37,71.48,3.2,2024-01-16 15:00:00,0.980335,31.348172294999998,31.348172294999998
2024,1,16,16,161.88,28.32,77.58,2.99,2024-01-16 16:00:00,0.98506,15.94615128,15.94615128
2024,1,16,17,33.67,27.04,86.53,2.29,2024-01-16 17:00:00,0.99082,3.33609094,3.33609094
2024,1,16,18,0.0,26.1,92.75,1.78,2024-01-16 18:00:00,0.99505,0.0,0.0
2024,1,16,19,0.0,25.8,94.04,1.71,2024-01-16 19:00:00,0.9964,0.0,0.0
2024,1,16,20,0.0,25.57,94.97,1.61,2024-01-16 20:00:00,0.997435,0.0,0.0
2024,1,16,21,0.0,25.37,95.55,1.6,2024-01-16 21:00:00,0.998335,0.0,0.0
2024,1,16,22,0.0,25.2,95.84,1.62,2024-01-16 22:00:00,0.9991,0.0,0.0
2024,1,16,23,0.0,25.04,96.12,1.62,2024-01-16 23:00:00,0.99982,0.0,0.0
2024,1,17,0,0.0,24.83,96.45,1.63,2024-01-17 00:00:00,1.000765,0.0,0.0
2024,1,17,1,0.0,24.64,96.85,1.64,2024-01-17 01:00:00,1.00162,0.0,0.0
2024,1,17,2,0.0,24.48,97.05,1.66,2024-01-17 02:00:00,1.00234,0.0,0.0
2024,1,17,3,0.0,24.31,97.39,1.71,2024-01-17 03:00:00,1.003105,0.0,0.0
2024,1,17,4,0.0,24.18,97.5,1.62,2024-01-17 04:00:00,1.00369,0.0,0.0
2024,1,17,5,3.7,24.21,97.01,1.45,2024-01-17 05:00:00,1.003555,0.37131535,0.37131535
2024,1,17,6,68.62,25.61,93.01,1.67,2024-01-17 06:00:00,0.997255,6.84316381,6.84316381
2024,1,17,7,193.68,26.82,86.81,2.19,2024-01-17 07:00:00,0.99181,19.209376080000002,19.209376080000002
2024,1,17,8,334.83,28.1,79.86,2.7,2024-01-17 08:00:00,0.98605,33.01591215,33.01591215
2024,1,17,9,439.08,29.14,74.06,3.25,2024-01-17 09:00:00,0.98137,43.089993959999994,43.089993959999994
2024,1,17,10,636.4,29.85,70.35,3.79,2024-01-17 10:00:00,0.978175,62.251056999999996,62.251056999999996
2024,1,17,11,679.05,30.37,67.77,4.55,2024-01-17 11:00:00,0.975835,66.26407567499999,66.26407567499999
2024,1,17,12,628.92,30.34,67.98,5.19,2024-01-17 12:00:00,0.97597,61.38070524,61.38070524
2024,1,17,13,527.83,29.62,71.56,5.38,2024-01-17 13:00:00,0.97921,51.685641430000004,51.685641430000004
2024,1,17,14,290.75,28.86,75.45,5.28,2024-01-17 14:00:00,0.98263,28.569967249999998,28.569967249999998
2024,1,17,15,147.65,28.12,79.03,5.09,2024-01-17 15:00:00,0.98596,14.5576994,14.5576994
2024,1,17,16,78.25,27.35,83.54,4.61,2024-01-17 16:00:00,0.989425,7.7422506250000005,7.7422506250000005
2024,1,17,17,18.27,26.4,89.26,3.39,2024-01-17 17:00:00,0.9937,1.8154898999999998,1.8154898999999998
2024,1,17,18,0.0,25.39,93.4,2.53,2024-01-17 18:00:00,0.998245,0.0,0.0
2024,1,17,19,0.0,24.92,94.69,2.34,2024-01-17 19:00:00,1.00036,0.0,0.0
2024,1,17,20,0.0,24.57,95.35,2.26,2024-01-17 20:00:00,1.001935,0.0,0.0
2024,1,17,21,0.0,24.29,95.91,2.15,2024-01-17 21:00:00,1.003195,0.0,0.0
2024,1,17,22,0.0,24.05,96.57,2.0,2024-01-17 22:00:00,1.004275,0.0,0.0
2024,1,17,23,0.0,23.87,97.24,1.92,2024-01-17 23:00:00,1.005085,0.0,0.0
2024,1,18,0,0.0,23.76,97.73,1.89,2024-01-18 00:00:00,1.00558,0.0,0.0
2024,1,18,1,0.0,23.64,98.18,1.95,2024-01-18 01:00:00,1.00612,0.0,0.0
2024,1,18,2,0.0,23.56,98.47,1.98,2024-01-18 02:00:00,1.00648,0.0,0.0
2024,1,18,3,0.0,23.48,98.63,1.99,2024-01-18 03:00:00,1.00684,0.0,0.0
2024,1,18,4,0.0,23.34,98.91,2.01,2024-01-18 04:00:00,1.00747,0.0,0.0
2024,1,18,5,1.77,23.4,98.6,1.97,2024-01-18 05:00:00,1.0072,0.17827440000000003,0.17827440000000003
2024,1,18,6,48.83,24.68,94.94,2.41,2024-01-18 06:00:00,1.00144,4.890031520000001,4.890031520000001
2024,1,18,7,127.55,25.6,91.11,2.99,2024-01-18 07:00:00,0.9973,12.720561499999999,12.720561499999999
2024,1,18,8,248.45,26.48,84.37,3.45,2024-01-18 08:00:00,0.99334,24.679532299999998,24.679532299999998
2024,1,18,9,422.38,27.51,76.3,3.76,2024-01-18 09:00:00,0.988705,41.76092179,41.76092179
2024,1,18,10,281.27,28.39,71.56,4.16,2024-01-18 10:00:00,0.984745,27.697922614999996,27.697922614999996
2024,1,18,11,152.95,28.98,69.84,4.56,2024-01-18 11:00:00,0.98209,15.021066549999999,15.021066549999999
2024,1,18,12,122.15,29.15,70.34,4.91,2024-01-18 12:00:00,0.981325,11.986884875000001,11.986884875000001
2024,1,18,13,206.45,28.86,72.37,5.15,2024-01-18 13:00:00,0.98263,20.28639635,20.28639635
2024,1,18,14,146.62,28.34,75.03,5.34,2024-01-18 14:00:00,0.98497,14.441630140000001,14.441630140000001
2024,1,18,15,131.88,27.74,77.78,5.34,2024-01-18 15:00:00,0.98767,13.02539196,13.02539196
2024,1,18,16,74.05,27.05,81.19,4.94,2024-01-18 16:00:00,0.990775,7.336688874999999,7.336688874999999
2024,1,18,17,19.85,25.94,88.26,3.42,2024-01-18 17:00:00,0.99577,1.9766034500000005,1.9766034500000005
2024,1,18,18,0.0,24.99,93.3,2.54,2024-01-18 18:00:00,1.000045,0.0,0.0
2024,1,18,19,0.0,24.72,94.69,2.37,2024-01-18 19:00:00,1.00126,0.0,0.0
2024,1,18,20,0.0,24.5,95.69,2.28,2024-01-18 20:00:00,1.00225,0.0,0.0
2024,1,18,21,0.0,24.33,96.29,2.37,2024-01-18 21:00:00,1.003015,0.0,0.0
2024,1,18,22,0.0,24.16,96.64,2.36,2024-01-18 22:00:00,1.00378,0.0,0.0
2024,1,18,23,0.0,24.04,96.97,2.42,2024-01-18 23:00:00,1.00432,0.0,0.0
2024,1,19,0,0.0,23.98,97.2,2.44,2024-01-19 00:00:00,1.00459,0.0,0.0
2024,1,19,1,0.0,23.98,97.19,2.4,2024-01-19 01:00:00,1.00459,0.0,0.0
2024,1,19,2,0.0,24.02,97.23,2.4,2024-01-19 02:00:00,1.00441,0.0,0.0
2024,1,19,3,0.0,23.97,97.66,2.13,2024-01-19 03:00:00,1.004635,0.0,0.0
2024,1,19,4,0.0,23.93,98.07,2.05,2024-01-19 04:00:00,1.004815,0.0,0.0
2024,1,19,5,2.15,24.18,97.68,2.03,2024-01-19 05:00:00,1.00369,0.21579335,0.21579335
2024,1,19,6,73.62,25.36,95.05,3.22,2024-01-19 06:00:00,0.99838,7.35007356,7.35007356
2024,1,19,7,185.9,26.37,92.87,4.62,2024-01-19 07:00:00,0.993835,18.47539265,18.47539265
2024,1,19,8,334.12,27.3,87.87,6.42,2024-01-19 08:00:00,0.98965,33.06618580000001,33.06618580000001
2024,1,19,9,572.42,27.99,80.81,7.73,2024-01-19 09:00:00,0.986545,56.47180888999999,56.47180888999999
2024,1,19,10,610.92,28.43,76.6,8.0,2024-01-19 10:00:00,0.984565,60.14904497999999,60.14904497999999
2024,1,19,11,557.33,28.79,74.28,7.81,2024-01-19 11:00:00,0.982945,54.78247368499999,54.78247368499999
2024,1,19,12,422.9,28.91,73.5,7.61,2024-01-19 12:00:00,0.982405,41.54590745,41.54590745
2024,1,19,13,506.88,28.66,73.99,7.43,2024-01-19 13:00:00,0.98353,49.85316864,49.85316864
2024,1,19,14,315.55,28.04,75.78,7.13,2024-01-19 14:00:00,0.98632,31.1233276,31.1233276
2024,1,19,15,219.48,27.19,78.97,6.54,2024-01-19 15:00:00,0.9901449999999999,21.731702459999994,21.731702459999994
2024,1,19,16,126.4,26.32,82.96,5.76,2024-01-19 16:00:00,0.9940599999999999,12.5649184,12.5649184
2024,1,19,17,16.73,25.27,89.02,4.4,2024-01-19 17:00:00,0.998785,1.6709673050000002,1.6709673050000002
2024,1,19,18,0.0,24.49,93.31,3.63,2024-01-19 18:00:00,1.002295,0.0,0.0
2024,1,19,19,0.0,24.28,94.84,3.75,2024-01-19 19:00:00,1.00324,0.0,0.0
2024,1,19,20,0.0,24.17,95.76,3.81,2024-01-19 20:00:00,1.003735,0.0,0.0
2024,1,19,21,0.0,24.11,96.1,3.78,2024-01-19 21:00:00,1.004005,0.0,0.0
2024,1,19,22,0.0,24.05,96.35,3.72,2024-01-19 22:00:00,1.004275,0.0,0.0
2024,1,19,23,0.0,24.03,96.39,3.86,2024-01-19 23:00:00,1.004365,0.0,0.0
2024,1,20,0,0.0,24.08,96.3,3.92,2024-01-20 00:00:00,1.00414,0.0,0.0
2024,1,20,1,0.0,24.12,96.34,3.89,2024-01-20 01:00:00,1.00396,0.0,0.0
2024,1,20,2,0.0,24.06,96.41,3.7,2024-01-20 02:00:00,1.00423,0.0,0.0
2024,1,20,3,0.0,23.95,96.59,3.49,2024-01-20 03:00:00,1.004725,0.0,0.0
2024,1,20,4,0.0,23.8,97.02,3.12,2024-01-20 04:00:00,1.0054,0.0,0.0
2024,1,20,5,3.5,23.74,97.28,2.79,2024-01-20 05:00:00,1.00567,0.35198450000000003,0.35198450000000003
2024,1,20,6,111.0,24.89,94.11,3.81,2024-01-20 06:00:00,1.000495,11.105494499999999,11.105494499999999
2024,1,20,7,322.55,26.12,88.94,4.72,2024-01-20 07:00:00,0.99496,32.0924348,32.0924348
2024,1,20,8,544.65,27.38,81.95,5.39,2024-01-20 08:00:00,0.98929,53.88167985,53.88167985
2024,1,20,9,717.67,28.29,76.98,5.7,2024-01-20 09:00:00,0.985195,70.704489565,70.704489565
2024,1,20,10,785.47,29.01,73.88,6.0,2024-01-20 10:00:00,0.981955,77.129619385,77.129619385
2024,1,20,11,818.85,29.4,72.42,6.31,2024-01-20 11:00:00,0.9802,80.263677,80.263677
2024,1,20,12,853.15,29.53,71.66,6.48,2024-01-20 12:00:00,0.979615,83.575853725,83.575853725
2024,1,20,13,779.33,29.43,72.23,6.54,2024-01-20 13:00:00,0.980065,76.379405645,76.379405645
2024,1,20,14,596.33,29.06,73.66,6.49,2024-01-20 14:00:00,0.98173,58.543505090000004,58.543505090000004
2024,1,20,15,393.38,28.42,75.85,6.25,2024-01-20 15:00:00,0.98461,38.73258818,38.73258818
2024,1,20,16,211.88,27.43,79.84,5.74,2024-01-20 16:00:00,0.989065,20.956309219999998,20.956309219999998
2024,1,20,17,55.6,26.1,87.62,4.37,2024-01-20 17:00:00,0.99505,5.532478,5.532478
2024,1,20,18,0.0,25.09,94.21,3.06,2024-01-20 18:00:00,0.999595,0.0,0.0
2024,1,20,19,0.0,24.79,95.67,2.73,2024-01-20 19:00:00,1.000945,0.0,0.0
2024,1,20,20,0.0,24.66,96.0,2.64,2024-01-20 20:00:00,1.00153,0.0,0.0
2024,1,20,21,0.0,24.46,96.62,2.54,2024-01-20 21:00:00,1.00243,0.0,0.0
2024,1,20,22,0.0,24.34,96.99,2.63,2024-01-20 22:00:00,1.00297,0.0,0.0
2024,1,20,23,0.0,24.17,97.45,2.67,2024-01-20 23:00:00,1.003735,0.0,0.0
2024,1,21,0,0.0,23.99,97.77,2.66,2024-01-21 00:00:00,1.004545,0.0,0.0
2024,1,21,1,0.0,23.94,97.61,2.62,2024-01-21 01:00:00,1.00477,0.0,0.0
2024,1,21,2,0.0,23.9,97.51,2.65,2024-01-21 02:00:00,1.00495,0.0,0.0
2024,1,21,3,0.0,23.84,97.56,2.65,2024-01-21 03:00:00,1.00522,0.0,0.0
2024,1,21,4,0.0,23.77,97.73,2.49,2024-01-21 04:00:00,1.005535,0.0,0.0
2024,1,21,5,3.17,23.84,97.65,2.3,2024-01-21 05:00:00,1.00522,0.31865474,0.31865474
2024,1,21,6,74.72,25.3,93.29,3.22,2024-01-21 06:00:00,0.99865,7.4619127999999995,7.4619127999999995
2024,1,21,7,224.8,26.45,87.99,4.01,2024-01-21 07:00:00,0.993475,22.333318000000002,22.333318000000002
2024,1,21,8,390.25,27.74,81.67,4.45,2024-01-21 08:00:00,0.98767,38.54382175,38.54382175
2024,1,21,9,575.72,28.85,76.06,4.9,2024-01-21 09:00:00,0.982675,56.5745651,56.5745651
2024,1,21,10,659.45,29.75,71.84,5.34,2024-01-21 10:00:00,0.978625,64.535425625,64.535425625
2024,1,21,11,619.47,30.29,68.88,5.75,2024-01-21 11:00:00,0.976195,60.47235166500001,60.47235166500001
2024,1,21,12,676.3,30.48,67.25,6.13,2024-01-21 12:00:00,0.97534,65.9622442,65.9622442
2024,1,21,13,658.75,30.19,67.84,6.36,2024-01-21 13:00:00,0.976645,64.336489375,64.336489375
2024,1,21,14,498.27,29.74,69.14,6.29,2024-01-21 14:00:00,0.97867,48.76419009,48.76419009
2024,1,21,15,354.1,29.0,72.01,5.75,2024-01-21 15:00:00,0.982,34.77262,34.77262
2024,1,21,16,184.4,27.89,77.38,5.06,2024-01-21 16:00:00,0.986995,18.200187800000002,18.200187800000002
2024,1,21,17,46.25,26.43,86.55,3.62,2024-01-21 17:00:00,0.993565,4.595238125,4.595238125
2024,1,21,18,0.0,25.32,93.72,2.53,2024-01-21 18:00:00,0.99856,0.0,0.0
2024,1,21,19,0.0,25.1,95.28,2.38,2024-01-21 19:00:00,0.9995499999999999,0.0,0.0
2024,1,21,20,0.0,24.89,96.37,2.27,2024-01-21 20:00:00,1.000495,0.0,0.0
2024,1,21,21,0.0,24.61,97.12,2.23,2024-01-21 21:00:00,1.001755,0.0,0.0
2024,1,21,22,0.0,24.35,98.0,2.19,2024-01-21 22:00:00,1.002925,0.0,0.0
2024,1,21,23,0.0,24.22,98.24,2.26,2024-01-21 23:00:00,1.00351,0.0,0.0
2024,1,22,0,0.0,24.1,98.28,2.34,2024-01-22 00:00:00,1.0040499999999999,0.0,0.0
2024,1,22,1,0.0,23.97,98.34,2.34,2024-01-22 01:00:00,1.004635,0.0,0.0
2024,1,22,2,0.0,23.9,98.26,2.34,2024-01-22 02:00:00,1.00495,0.0,0.0
2024,1,22,3,0.0,23.88,98.19,2.23,2024-01-22 03:00:00,1.00504,0.0,0.0
2024,1,22,4,0.0,23.95,97.94,2.18,2024-01-22 04:00:00,1.004725,0.0,0.0
2024,1,22,5,2.5,24.09,97.6,2.19,2024-01-22 05:00:00,1.004095,0.25102375,0.25102375
2024,1,22,6,88.47,25.2,94.68,3.14,2024-01-22 06:00:00,0.9991,8.839037699999999,8.839037699999999
2024,1,22,7,272.48,26.01,92.5,3.95,2024-01-22 07:00:00,0.995455,27.124157840000002,27.124157840000002
2024,1,22,8,477.25,26.95,87.18,5.13,2024-01-22 08:00:00,0.991225,47.306213125,47.306213125
2024,1,22,9,622.0,28.02,80.94,5.84,2024-01-22 09:00:00,0.98641,61.354702,61.354702
2024,1,22,10,730.97,28.89,76.75,6.05,2024-01-22 10:00:00,0.982495,71.817437015,71.817437015
2024,1,22,11,747.33,29.45,74.07,6.12,2024-01-22 11:00:00,0.979975,73.236471675,73.236471675
2024,1,22,12,700.25,29.77,72.75,6.21,2024-01-22 12:00:00,0.978535,68.52191337500001,68.52191337500001
2024,1,22,13,645.62,29.71,72.82,6.31,2024-01-22 13:00:00,0.978805,63.19360841,63.19360841
2024,1,22,14,438.23,29.34,73.62,6.42,2024-01-22 14:00:00,0.98047,42.96713681,42.96713681
2024,1,22,15,318.33,28.71,75.94,6.22,2024-01-22 15:00:00,0.983305,31.301548065,31.301548065
2024,1,22,16,162.52,27.66,81.47,5.63,2024-01-22 16:00:00,0.98803,16.05746356,16.05746356
2024,1,22,17,41.12,26.36,89.38,4.23,2024-01-22 17:00:00,0.99388,4.08683456,4.08683456
2024,1,22,18,0.0,25.38,94.25,3.27,2024-01-22 18:00:00,0.99829,0.0,0.0
2024,1,22,19,0.0,25.06,95.52,3.18,2024-01-22 19:00:00,0.99973,0.0,0.0
2024,1,22,20,0.0,24.86,96.05,3.3,2024-01-22 20:00:00,1.00063,0.0,0.0
2024,1,22,21,0.0,24.64,96.39,3.21,2024-01-22 21:00:00,1.00162,0.0,0.0
2024,1,22,22,0.0,24.56,96.38,3.36,2024-01-22 22:00:00,1.00198,0.0,0.0
2024,1,22,23,0.0,24.43,96.51,3.31,2024-01-22 23:00:00,1.002565,0.0,0.0
2024,1,23,0,0.0,24.22,97.01,2.97,2024-01-23 00:00:00,1.00351,0.0,0.0
2024,1,23,1,0.0,24.07,97.52,2.47,2024-01-23 01:00:00,1.004185,0.0,0.0
2024,1,23,2,0.0,24.03,97.76,2.3,2024-01-23 02:00:00,1.004365,0.0,0.0
2024,1,23,3,0.0,23.96,98.13,2.31,2024-01-23 03:00:00,1.00468,0.0,0.0
2024,1,23,4,0.0,23.97,98.15,2.3,2024-01-23 04:00:00,1.004635,0.0,0.0
2024,1,23,5,0.65,24.11,97.69,2.28,2024-01-23 05:00:00,1.004005,0.06526032500000001,0.06526032500000001
2024,1,23,6,14.5,25.14,95.18,2.81,2024-01-23 06:00:00,0.99937,1.4490865000000002,1.4490865000000002
2024,1,23,7,36.17,25.94,92.07,3.49,2024-01-23 07:00:00,0.99577,3.60170009,3.60170009
2024,1,23,8,55.65,26.81,87.37,4.24,2024-01-23 08:00:00,0.991855,5.519673075,5.519673075
2024,1,23,9,93.5,27.9,81.51,4.6,2024-01-23 09:00:00,0.98695,9.2279825,9.2279825
2024,1,23,10,266.58,28.93,76.28,5.02,2024-01-23 10:00:00,0.982315,26.186553269999997,26.186553269999997
2024,1,23,11,442.1,29.44,72.97,5.43,2024-01-23 11:00:00,0.98002,43.32668420000001,43.32668420000001
2024,1,23,12,712.97,29.67,71.11,5.7,2024-01-23 12:00:00,0.978985,69.79869354499999,69.79869354499999
2024,1,23,13,567.0,29.43,71.16,5.75,2024-01-23 13:00:00,0.980065,55.56968549999999,55.56968549999999
2024,1,23,14,451.02,29.15,71.83,5.53,2024-01-23 14:00:00,0.981325,44.25972015,44.25972015
2024,1,23,15,307.52,28.48,75.19,5.01,2024-01-23 15:00:00,0.98434,30.270423679999997,30.270423679999997
2024,1,23,16,180.23,27.54,80.69,4.35,2024-01-23 16:00:00,0.98857,17.81699711,17.81699711
2024,1,23,17,51.08,26.3,89.12,3.02,2024-01-23 17:00:00,0.99415,5.0781182,5.0781182
2024,1,23,18,0.0,25.34,93.98,2.42,2024-01-23 18:00:00,0.99847,0.0,0.0
2024,1,23,19,0.0,25.1,95.12,2.33,2024-01-23 19:00:00,0.9995499999999999,0.0,0.0
2024,1,23,20,0.0,24.92,95.86,2.22,2024-01-23 20:00:00,1.00036,0.0,0.0
2024,1,23,21,0.0,24.7,96.55,2.09,2024-01-23 21:00:00,1.00135,0.0,0.0
2024,1,23,22,0.0,24.62,96.84,2.2,2024-01-23 22:00:00,1.00171,0.0,0.0
2024,1,23,23,0.0,24.51,97.19,2.16,2024-01-23 23:00:00,1.002205,0.0,0.0
2024,1,24,0,0.0,24.41,97.43,2.21,2024-01-24 00:00:00,1.002655,0.0,0.0
2024,1,24,1,0.0,24.23,97.84,2.18,2024-01-24 01:00:00,1.003465,0.0,0.0
2024,1,24,2,0.0,24.0,98.29,2.01,2024-01-24 02:00:00,1.0045,0.0,0.0
2024,1,24,3,0.0,23.77,98.54,1.95,2024-01-24 03:00:00,1.005535,0.0,0.0
2024,1,24,4,0.0,23.61,98.52,1.92,2024-01-24 04:00:00,1.006255,0.0,0.0
2024,1,24,5,0.0,23.64,98.03,1.83,2024-01-24 05:00:00,1.00612,0.0,0.0
2024,1,24,6,101.38,25.17,93.2,2.28,2024-01-24 06:00:00,0.999235,10.13024443,10.13024443
2024,1,24,7,267.73,26.46,87.16,2.53,2024-01-24 07:00:00,0.99343,26.597101390000002,26.597101390000002
2024,1,24,8,444.48,27.86,80.05,2.76,2024-01-24 08:00:00,0.98713,43.875954240000006,43.875954240000006
2024,1,24,9,517.38,28.94,74.65,3.05,2024-01-24 09:00:00,0.98227,50.82068525999999,50.82068525999999
2024,1,24,10,623.08,29.86,70.53,3.56,2024-01-24 10:00:00,0.97813,60.94532404000001,60.94532404000001
2024,1,24,11,683.75,30.43,68.03,3.99,2024-01-24 11:00:00,0.975565,66.704256875,66.704256875
2024,1,24,12,655.15,30.7,67.54,4.3,2024-01-24 12:00:00,0.97435,63.83454025,63.83454025
2024,1,24,13,568.47,30.3,70.35,4.41,2024-01-24 13:00:00,0.97615,55.49119905,55.49119905
2024,1,24,14,292.48,29.36,76.15,4.1,2024-01-24 14:00:00,0.98038,28.674154240000004,28.674154240000004
2024,1,24,15,132.02,28.59,81.38,3.77,2024-01-24 15:00:00,0.983845,12.98872169,12.98872169
2024,1,24,16,76.7,27.7,87.27,3.31,2024-01-24 16:00:00,0.98785,7.5768095,7.5768095
2024,1,24,17,20.33,26.78,92.76,2.79,2024-01-24 17:00:00,0.99199,2.01671567,2.01671567
2024,1,24,18,0.0,26.21,94.96,2.71,2024-01-24 18:00:00,0.994555,0.0,0.0
2024,1,24,19,0.0,25.98,95.26,2.95,2024-01-24 19:00:00,0.99559,0.0,0.0
2024,1,24,20,0.0,25.78,95.47,3.05,2024-01-24 20:00:00,0.99649,0.0,0.0
2024,1,24,21,0.0,25.55,95.76,3.03,2024-01-24 21:00:00,0.997525,0.0,0.0
2024,1,24,22,0.0,25.24,96.25,2.45,2024-01-24 22:00:00,0.99892,0.0,0.0
2024,1,24,23,0.0,24.79,96.9,2.13,2024-01-24 23:00:00,1.000945,0.0,0.0
2024,1,25,0,0.0,24.59,97.21,2.11,2024-01-25 00:00:00,1.001845,0.0,0.0
2024,1,25,1,0.0,24.48,97.26,2.27,2024-01-25 01:00:00,1.00234,0.0,0.0
2024,1,25,2,0.0,24.39,97.34,2.42,2024-01-25 02:00:00,1.002745,0.0,0.0
2024,1,25,3,0.0,24.2,97.79,2.15,2024-01-25 03:00:00,1.0036,0.0,0.0
2024,1,25,4,0.0,23.98,98.21,1.87,2024-01-25 04:00:00,1.00459,0.0,0.0
2024,1,25,5,0.0,24.03,97.47,1.5,2024-01-25 05:00:00,1.004365,0.0,0.0
2024,1,25,6,123.25,25.29,93.02,1.54,2024-01-25 06:00:00,0.998695,12.308915874999999,12.308915874999999
2024,1,25,7,356.62,26.06,87.98,2.44,2024-01-25 07:00:00,0.9952300000000001,35.49189226,35.49189226
2024,1,25,8,590.55,26.99,83.48,3.19,2024-01-25 08:00:00,0.991045,58.52616247499999,58.52616247499999
2024,1,25,9,795.28,27.85,78.71,3.68,2024-01-25 09:00:00,0.987175,78.5080534,78.5080534
2024,1,25,10,899.17,28.51,75.54,3.84,2024-01-25 10:00:00,0.984205,88.49676098499998,88.49676098499998
2024,1,25,11,925.53,28.99,73.28,3.81,2024-01-25 11:00:00,0.9820450000000001,90.891210885,90.891210885
2024,1,25,12,865.35,29.42,71.04,4.01,2024-01-25 12:00:00,0.98011,84.81381885000002,84.81381885000002
2024,1,25,13,686.7,29.49,70.1,4.14,2024-01-25 13:00:00,0.979795,67.28252265000002,67.28252265000002
2024,1,25,14,475.05,29.23,70.85,3.91,2024-01-25 14:00:00,0.980965,46.600742325,46.600742325
2024,1,25,15,154.7,28.61,74.06,3.5,2024-01-25 15:00:00,0.983755,15.218689849999997,15.218689849999997
2024,1,25,16,86.43,27.75,79.6,3.13,2024-01-25 16:00:00,0.987625,8.536042875,8.536042875
2024,1,25,17,23.98,26.56,88.08,2.38,2024-01-25 17:00:00,0.99298,2.38116604,2.38116604
2024,1,25,18,0.0,25.68,92.93,2.1,2024-01-25 18:00:00,0.99694,0.0,0.0
2024,1,25,19,0.0,25.41,94.08,2.16,2024-01-25 19:00:00,0.998155,0.0,0.0
2024,1,25,20,0.0,25.21,94.64,2.45,2024-01-25 20:00:00,0.999055,0.0,0.0
2024,1,25,21,0.0,25.04,94.87,2.69,2024-01-25 21:00:00,0.99982,0.0,0.0
2024,1,25,22,0.0,24.81,95.33,2.58,2024-01-25 22:00:00,1.000855,0.0,0.0
2024,1,25,23,0.0,24.55,95.82,2.33,2024-01-25 23:00:00,1.002025,0.0,0.0
2024,1,26,0,0.0,24.36,96.07,2.29,2024-01-26 00:00:00,1.00288,0.0,0.0
2024,1,26,1,0.0,24.18,95.96,2.39,2024-01-26 01:00:00,1.00369,0.0,0.0
2024,1,26,2,0.0,23.95,95.92,2.19,2024-01-26 02:00:00,1.004725,0.0,0.0
2024,1,26,3,0.0,23.75,96.14,1.99,2024-01-26 03:00:00,1.005625,0.0,0.0
2024,1,26,4,0.0,23.59,96.3,1.92,2024-01-26 04:00:00,1.006345,0.0,0.0
2024,1,26,5,0.0,23.6,96.47,1.85,2024-01-26 05:00:00,1.0063,0.0,0.0
2024,1,26,6,106.7,25.01,91.79,2.3,2024-01-26 06:00:00,0.999955,10.66951985,10.66951985
2024,1,26,7,312.62,26.14,85.29,2.25,2024-01-26 07:00:00,0.99487,31.10162594,31.10162594
2024,1,26,8,535.2,26.89,81.27,1.96,2024-01-26 08:00:00,0.991495,53.0648124,53.0648124
2024,1,26,9,701.55,27.68,77.94,2.19,2024-01-26 09:00:00,0.98794,69.3089307,69.3089307
2024,1,26,10,815.08,28.54,73.51,2.66,2024-01-26 10:00:00,0.98407,80.20957756000001,80.20957756000001
2024,1,26,11,846.17,28.78,71.75,3.08,2024-01-26 11:00:00,0.98299,83.17766483000001,83.17766483000001
2024,1,26,12,780.12,28.58,72.06,3.37,2024-01-26 12:00:00,0.98389,76.75522668,76.75522668
2024,1,26,13,659.05,28.29,72.88,3.51,2024-01-26 13:00:00,0.985195,64.929276475,64.929276475
2024,1,26,14,453.62,28.01,74.21,3.34,2024-01-26 14:00:00,0.986455,44.74757171,44.74757171
2024,1,26,15,281.95,27.67,76.36,2.95,2024-01-26 15:00:00,0.987985,27.856237074999996,27.856237074999996
2024,1,26,16,147.02,27.17,80.66,2.19,2024-01-26 16:00:00,0.990235,14.558434970000002,14.558434970000002
2024,1,26,17,37.22,26.26,86.82,1.73,2024-01-26 17:00:00,0.99433,3.7008962599999995,3.7008962599999995
2024,1,26,18,0.0,25.19,92.12,1.52,2024-01-26 18:00:00,0.999145,0.0,0.0
2024,1,26,19,0.0,24.84,93.03,1.49,2024-01-26 19:00:00,1.00072,0.0,0.0
2024,1,26,20,0.0,24.54,93.9,1.5,2024-01-26 20:00:00,1.00207,0.0,0.0
2024,1,26,21,0.0,24.28,94.79,1.52,2024-01-26 21:00:00,1.00324,0.0,0.0
2024,1,26,22,0.0,24.05,95.73,1.53,2024-01-26 22:00:00,1.004275,0.0,0.0
2024,1,26,23,0.0,23.99,96.23,1.59,2024-01-26 23:00:00,1.004545,0.0,0.0
2024,1,27,0,0.0,24.08,96.12,1.7,2024-01-27 00:00:00,1.00414,0.0,0.0
2024,1,27,1,0.0,24.15,95.81,1.92,2024-01-27 01:00:00,1.003825,0.0,0.0
2024,1,27,2,0.0,24.17,95.51,2.12,2024-01-27 02:00:00,1.003735,0.0,0.0
2024,1,27,3,0.0,24.18,95.35,2.2,2024-01-27 03:00:00,1.00369,0.0,0.0
2024,1,27,4,0.0,24.14,95.62,2.13,2024-01-27 04:00:00,1.00387,0.0,0.0
2024,1,27,5,0.0,24.07,96.12,1.9,2024-01-27 05:00:00,1.004185,0.0,0.0
2024,1,27,6,74.2,24.82,94.19,2.19,2024-01-27 06:00:00,1.00081,7.4260101999999995,7.4260101999999995
2024,1,27,7,203.8,25.63,91.48,2.36,2024-01-27 07:00:00,0.997165,20.3222227,20.3222227
2024,1,27,8,358.58,26.92,85.85,2.73,2024-01-27 08:00:00,0.99136,35.54818688,35.54818688
2024,1,27,9,636.47,28.13,79.11,3.25,2024-01-27 09:00:00,0.985915,62.750532005,62.750532005
2024,1,27,10,824.62,29.22,73.9,3.49,2024-01-27 10:00:00,0.98101,80.89604662,80.89604662
2024,1,27,11,795.85,29.7,71.75,3.66,2024-01-27 11:00:00,0.97885,77.90177725000001,77.90177725000001
2024,1,27,12,802.85,29.63,72.09,3.7,2024-01-27 12:00:00,0.9791650000000001,78.61226202500002,78.61226202500002
2024,1,27,13,682.9,29.23,73.5,3.47,2024-01-27 13:00:00,0.980965,66.99009985,66.99009985
2024,1,27,14,455.35,28.5,76.33,3.04,2024-01-27 14:00:00,0.98425,44.81782375,44.81782375
2024,1,27,15,282.33,27.91,79.11,2.27,2024-01-27 15:00:00,0.986905,27.863288864999998,27.863288864999998
2024,1,27,16,148.18,27.25,82.78,1.37,2024-01-27 16:00:00,0.989875,14.66796775,14.66796775
2024,1,27,17,41.08,26.55,86.47,0.49,2024-01-27 17:00:00,0.993025,4.079346699999999,4.079346699999999
2024,1,27,18,0.0,25.89,90.35,0.7,2024-01-27 18:00:00,0.995995,0.0,0.0
2024,1,27,19,0.0,25.45,95.22,0.93,2024-01-27 19:00:00,0.9979750000000001,0.0,0.0
2024,1,27,20,0.0,25.22,96.09,0.82,2024-01-27 20:00:00,0.99901,0.0,0.0
2024,1,27,21,0.0,24.96,96.63,0.83,2024-01-27 21:00:00,1.00018,0.0,0.0
2024,1,27,22,0.0,24.78,96.75,0.92,2024-01-27 22:00:00,1.00099,0.0,0.0
2024,1,27,23,0.0,24.63,96.92,1.03,2024-01-27 23:00:00,1.001665,0.0,0.0
2024,1,28,0,0.0,24.43,96.86,1.07,2024-01-28 00:00:00,1.002565,0.0,0.0
2024,1,28,1,0.0,24.1,96.99,1.05,2024-01-28 01:00:00,1.0040499999999999,0.0,0.0
2024,1,28,2,0.0,23.99,96.67,0.87,2024-01-28 02:00:00,1.004545,0.0,0.0
2024,1,28,3,0.0,24.12,95.26,0.55,2024-01-28 03:00:00,1.00396,0.0,0.0
2024,1,28,4,0.0,24.19,94.69,0.46,2024-01-28 04:00:00,1.003645,0.0,0.0
2024,1,28,5,0.0,24.19,94.63,0.65,2024-01-28 05:00:00,1.003645,0.0,0.0
2024,1,28,6,102.15,25.07,93.79,0.56,2024-01-28 06:00:00,0.999685,10.211782275000001,10.211782275000001
2024,1,28,7,313.02,26.44,86.38,0.66,2024-01-28 07:00:00,0.99352,31.099163039999993,31.099163039999993
2024,1,28,8,528.9,27.43,79.38,1.27,2024-01-28 08:00:00,0.989065,52.31164784999999,52.31164784999999
2024,1,28,9,689.92,28.56,75.09,1.71,2024-01-28 09:00:00,0.98398,67.88674816,67.88674816
2024,1,28,10,715.88,29.63,70.74,2.02,2024-01-28 10:00:00,0.9791650000000001,70.09646402,70.09646402
2024,1,28,11,673.25,30.39,67.41,2.2,2024-01-28 11:00:00,0.975745,65.692032125,65.692032125
2024,1,28,12,643.92,30.88,65.08,2.33,2024-01-28 12:00:00,0.97354,62.68818767999999,62.68818767999999
2024,1,28,13,556.5,31.01,64.12,2.4,2024-01-28 13:00:00,0.972955,54.14494575,54.14494575
2024,1,28,14,426.85,30.72,65.36,2.45,2024-01-28 14:00:00,0.97426,41.586288100000004,41.586288100000004
2024,1,28,15,250.55,29.85,69.64,2.36,2024-01-28 15:00:00,0.978175,24.508174625,24.508174625
2024,1,28,16,147.45,28.73,76.99,1.93,2024-01-28 16:00:00,0.983215,14.497505174999999,14.497505174999999
2024,1,28,17,37.28,27.44,84.02,1.7,2024-01-28 17:00:00,0.98902,3.6870665600000003,3.6870665600000003
2024,1,28,18,0.0,26.41,91.57,1.22,2024-01-28 18:00:00,0.993655,0.0,0.0
2024,1,28,19,0.0,25.97,93.09,1.12,2024-01-28 19:00:00,0.995635,0.0,0.0
2024,1,28,20,0.0,25.64,94.19,1.1,2024-01-28 20:00:00,0.99712,0.0,0.0
2024,1,28,21,0.0,25.33,94.97,1.13,2024-01-28 21:00:00,0.998515,0.0,0.0
2024,1,28,22,0.0,25.1,95.58,1.13,2024-01-28 22:00:00,0.9995499999999999,0.0,0.0
2024,1,28,23,0.0,24.87,96.0,1.12,2024-01-28 23:00:00,1.000585,0.0,0.0
2024,1,29,0,0.0,24.64,96.2,1.1,2024-01-29 00:00:00,1.00162,0.0,0.0
2024,1,29,1,0.0,24.5,96.4,1.03,2024-01-29 01:00:00,1.00225,0.0,0.0
2024,1,29,2,0.0,24.37,96.67,1.02,2024-01-29 02:00:00,1.002835,0.0,0.0
2024,1,29,3,0.0,24.25,96.75,1.18,2024-01-29 03:00:00,1.003375,0.0,0.0
2024,1,29,4,0.0,24.15,96.59,1.35,2024-01-29 04:00:00,1.003825,0.0,0.0
2024,1,29,5,0.0,24.12,96.29,1.39,2024-01-29 05:00:00,1.00396,0.0,0.0
2024,1,29,6,82.62,24.71,93.76,1.75,2024-01-29 06:00:00,1.001305,8.272781909999999,8.272781909999999
2024,1,29,7,225.02,25.48,90.23,1.76,2024-01-29 07:00:00,0.99784,22.453395679999996,22.453395679999996
2024,1,29,8,417.4,26.08,87.2,1.81,2024-01-29 08:00:00,0.99514,41.5371436,41.5371436
2024,1,29,9,565.15,26.6,85.58,1.79,2024-01-29 09:00:00,0.9928,56.10809199999999,56.10809199999999
2024,1,29,10,590.95,27.05,84.6,1.97,2024-01-29 10:00:00,0.990775,58.549848625,58.549848625
2024,1,29,11,684.67,27.44,84.07,2.25,2024-01-29 11:00:00,0.98902,67.71523234,67.71523234
2024,1,29,12,719.33,27.76,83.58,2.49,2024-01-29 12:00:00,0.98758,71.03959214000001,71.03959214000001
2024,1,29,13,558.97,27.94,83.48,2.75,2024-01-29 13:00:00,0.98677,55.15748269000001,55.15748269000001
2024,1,29,14,365.42,27.64,85.01,2.81,2024-01-29 14:00:00,0.98812,36.10788104,36.10788104
2024,1,29,15,286.4,27.21,87.17,2.6,2024-01-29 15:00:00,0.990055,28.3551752,28.3551752
2024,1,29,16,160.07,26.72,89.8,2.16,2024-01-29 16:00:00,0.99226,15.883105819999999,15.883105819999999
2024,1,29,17,36.3,26.09,94.19,1.41,2024-01-29 17:00:00,0.995095,3.61219485,3.61219485
2024,1,29,18,0.0,25.62,96.05,1.21,2024-01-29 18:00:00,0.99721,0.0,0.0
2024,1,29,19,0.0,25.51,96.25,1.2,2024-01-29 19:00:00,0.997705,0.0,0.0
2024,1,29,20,0.0,25.44,96.31,1.26,2024-01-29 20:00:00,0.99802,0.0,0.0
2024,1,29,21,0.0,25.33,96.4,1.36,2024-01-29 21:00:00,0.998515,0.0,0.0
2024,1,29,22,0.0,25.18,96.44,1.41,2024-01-29 22:00:00,0.99919,0.0,0.0
2024,1,29,23,0.0,25.01,96.65,1.42,2024-01-29 23:00:00,0.999955,0.0,0.0
2024,1,30,0,0.0,24.89,96.78,1.47,2024-01-30 00:00:00,1.000495,0.0,0.0
2024,1,30,1,0.0,24.82,96.74,1.65,2024-01-30 01:00:00,1.00081,0.0,0.0
2024,1,30,2,0.0,24.75,96.62,1.85,2024-01-30 02:00:00,1.001125,0.0,0.0
2024,1,30,3,0.0,24.68,96.57,1.99,2024-01-30 03:00:00,1.00144,0.0,0.0
2024,1,30,4,0.0,24.59,96.58,1.95,2024-01-30 04:00:00,1.001845,0.0,0.0
2024,1,30,5,0.0,24.49,96.61,1.84,2024-01-30 05:00:00,1.002295,0.0,0.0
2024,1,30,6,80.15,25.27,94.21,2.26,2024-01-30 06:00:00,0.998785,8.005261775000001,8.005261775000001
2024,1,30,7,260.98,26.1,90.22,2.65,2024-01-30 07:00:00,0.99505,25.968814900000005,25.968814900000005
2024,1,30,8,465.92,27.02,84.15,2.65,2024-01-30 08:00:00,0.99091,46.168478719999996,46.168478719999996
2024,1,30,9,612.45,27.92,77.97,2.29,2024-01-30 09:00:00,0.98686,60.440240700000004,60.440240700000004
2024,1,30,10,705.12,28.74,73.64,1.72,2024-01-30 10:00:00,0.98317,69.32528304,69.32528304
2024,1,30,11,772.08,29.35,71.13,1.04,2024-01-30 11:00:00,0.980425,75.6966534,75.6966534
2024,1,30,12,702.53,29.92,69.24,0.57,2024-01-30 12:00:00,0.97786,68.69759857999999,68.69759857999999
2024,1,30,13,579.22,30.12,68.8,0.83,2024-01-30 13:00:00,0.97696,56.58747712000001,56.58747712000001
2024,1,30,14,500.6,29.7,71.3,1.36,2024-01-30 14:00:00,0.97885,49.001231000000004,49.001231000000004
2024,1,30,15,297.23,28.74,77.01,1.76,2024-01-30 15:00:00,0.98317,29.22276191,29.22276191
2024,1,30,16,159.05,27.83,83.63,1.62,2024-01-30 16:00:00,0.9872650000000001,15.702449825000004,15.702449825000004
2024,1,30,17,39.83,26.93,88.23,1.55,2024-01-30 17:00:00,0.991315,3.9484076449999996,3.9484076449999996
2024,1,30,18,0.0,26.17,93.53,1.16,2024-01-30 18:00:00,0.994735,0.0,0.0
2024,1,30,19,0.0,25.81,94.67,1.14,2024-01-30 19:00:00,0.996355,0.0,0.0
2024,1,30,20,0.0,25.54,95.39,1.15,2024-01-30 20:00:00,0.99757,0.0,0.0
2024,1,30,21,0.0,25.32,95.84,1.11,2024-01-30 21:00:00,0.99856,0.0,0.0
2024,1,30,22,0.0,25.08,96.2,1.16,2024-01-30 22:00:00,0.99964,0.0,0.0
2024,1,30,23,0.0,24.82,96.31,1.52,2024-01-30 23:00:00,1.00081,0.0,0.0
2024,1,31,0,0.0,24.57,96.25,1.92,2024-01-31 00:00:00,1.001935,0.0,0.0
2024,1,31,1,0.0,24.15,96.73,1.9,2024-01-31 01:00:00,1.003825,0.0,0.0
2024,1,31,2,0.0,23.83,97.0,1.88,2024-01-31 02:00:00,1.005265,0.0,0.0
2024,1,31,3,0.0,23.62,96.92,1.97,2024-01-31 03:00:00,1.00621,0.0,0.0
2024,1,31,4,0.0,23.71,96.29,2.21,2024-01-31 04:00:00,1.005805,0.0,0.0
2024,1,31,5,0.0,23.75,95.75,2.52,2024-01-31 05:00:00,1.005625,0.0,0.0
2024,1,31,6,72.0,24.06,94.47,3.27,2024-01-31 06:00:00,1.00423,7.230455999999999,7.230455999999999
2024,1,31,7,212.43,24.47,92.78,4.13,2024-01-31 07:00:00,1.002385,21.293664555000003,21.293664555000003
2024,1,31,8,381.65,24.85,89.18,4.81,2024-01-31 08:00:00,1.000675,38.190761375,38.190761375
2024,1,31,9,581.3,25.32,85.46,4.74,2024-01-31 09:00:00,0.99856,58.046292799999996,58.046292799999996
2024,1,31,10,624.47,25.97,82.3,4.45,2024-01-31 10:00:00,0.995635,62.17441884500001,62.17441884500001
2024,1,31,11,614.22,26.79,78.71,4.18,2024-01-31 11:00:00,0.991945,60.92724578999999,60.92724578999999
2024,1,31,12,607.3,27.84,74.48,3.78,2024-01-31 12:00:00,0.98722,59.953870599999995,59.953870599999995
2024,1,31,13,372.9,28.82,71.13,3.44,2024-01-31 13:00:00,0.98281,36.64898489999999,36.64898489999999
2024,1,31,14,236.2,29.21,70.32,3.15,2024-01-31 14:00:00,0.981055,23.172519100000002,23.172519100000002
2024,1,31,15,183.75,28.99,72.19,2.79,2024-01-31 15:00:00,0.9820450000000001,18.045076875,18.045076875
2024,1,31,16,79.43,28.33,77.52,2.06,2024-01-31 16:00:00,0.985015,7.823974144999999,7.823974144999999
2024,1,31,17,20.55,27.19,85.26,1.56,2024-01-31 17:00:00,0.9901449999999999,2.034747975,2.034747975
2024,1,31,18,0.0,26.15,89.7,1.26,2024-01-31 18:00:00,0.994825,0.0,0.0
2024,1,31,19,0.0,25.9,89.79,1.06,2024-01-31 19:00:00,0.99595,0.0,0.0
2024,1,31,20,0.0,25.7,89.97,0.85,2024-01-31 20:00:00,0.99685,0.0,0.0
2024,1,31,21,0.0,25.39,91.0,0.81,2024-01-31 21:00:00,0.998245,0.0,0.0
2024,1,31,22,0.0,25.04,92.02,0.87,2024-01-31 22:00:00,0.99982,0.0,0.0
2024,1,31,23,0.0,24.72,93.14,0.97,2024-01-31 23:00:00,1.00126,0.0,0.0
2024,2,1,0,0.0,24.52,94.14,0.99,2024-02-01 00:00:00,1.00216,0.0,0.0
2024,2,1,1,0.0,24.38,94.62,0.93,2024-02-01 01:00:00,1.00279,0.0,0.0
2024,2,1,2,0.0,24.22,95.02,0.99,2024-02-01 02:00:00,1.00351,0.0,0.0
2024,2,1,3,0.0,24.07,95.46,1.06,2024-02-01 03:00:00,1.004185,0.0,0.0
2024,2,1,4,0.0,23.83,96.4,1.23,2024-02-01 04:00:00,1.005265,0.0,0.0
2024,2,1,5,0.0,23.62,97.4,1.42,2024-02-01 05:00:00,1.00621,0.0,0.0
2024,2,1,6,82.2,25.09,93.21,1.63,2024-02-01 06:00:00,0.999595,8.2166709,8.2166709
2024,2,1,7,319.4,26.57,86.67,1.2,2024-02-01 07:00:00,0.992935,31.7143439,31.7143439
2024,2,1,8,551.83,28.02,79.92,1.25,2024-02-01 08:00:00,0.98641,54.43306303000001,54.43306303000001
2024,2,1,9,734.08,29.15,74.44,1.98,2024-02-01 09:00:00,0.981325,72.0371056,72.0371056
2024,2,1,10,792.17,30.08,69.85,2.6,2024-02-01 10:00:00,0.97714,77.40609938,77.40609938
2024,2,1,11,818.0,30.43,67.51,2.92,2024-02-01 11:00:00,0.975565,79.801217,79.801217
2024,2,1,12,803.83,30.07,69.27,3.09,2024-02-01 12:00:00,0.977185,78.549061855,78.549061855
2024,2,1,13,727.38,29.59,72.33,3.24,2024-02-01 13:00:00,0.979345,71.23559661,71.23559661
2024,2,1,14,475.83,28.93,75.94,3.26,2024-02-01 14:00:00,0.982315,46.741494645,46.741494645
2024,2,1,15,309.35,28.22,79.91,3.07,2024-02-01 15:00:00,0.98551,30.48675185,30.48675185
2024,2,1,16,170.9,27.53,84.35,2.81,2024-02-01 16:00:00,0.988615,16.89543035,16.89543035
2024,2,1,17,45.95,26.62,90.12,2.21,2024-02-01 17:00:00,0.99271,4.561502450000001,4.561502450000001
2024,2,1,18,0.0,25.94,93.57,1.99,2024-02-01 18:00:00,0.99577,0.0,0.0
2024,2,1,19,0.0,25.65,94.31,1.97,2024-02-01 19:00:00,0.997075,0.0,0.0
2024,2,1,20,0.0,25.43,95.08,1.81,2024-02-01 20:00:00,0.998065,0.0,0.0
2024,2,1,21,0.0,25.25,95.58,1.6,2024-02-01 21:00:00,0.998875,0.0,0.0
2024,2,1,22,0.0,25.1,95.53,1.56,2024-02-01 22:00:00,0.9995499999999999,0.0,0.0
2024,2,1,23,0.0,24.77,96.0,1.71,2024-02-01 23:00:00,1.001035,0.0,0.0
2024,2,2,0,0.0,24.43,96.59,1.79,2024-02-02 00:00:00,1.002565,0.0,0.0
2024,2,2,1,0.0,24.19,97.01,1.76,2024-02-02 01:00:00,1.003645,0.0,0.0
2024,2,2,2,0.0,24.03,97.23,1.78,2024-02-02 02:00:00,1.004365,0.0,0.0
2024,2,2,3,0.0,23.88,97.57,1.85,2024-02-02 03:00:00,1.00504,0.0,0.0
2024,2,2,4,0.0,23.76,97.81,1.82,2024-02-02 04:00:00,1.00558,0.0,0.0
2024,2,2,5,0.0,23.72,97.92,1.79,2024-02-02 05:00:00,1.00576,0.0,0.0
2024,2,2,6,68.15,24.87,95.0,2.0,2024-02-02 06:00:00,1.000585,6.818986775000001,6.818986775000001
2024,2,2,7,191.18,25.86,89.26,2.39,2024-02-02 07:00:00,0.99613,19.044013340000003,19.044013340000003
2024,2,2,8,323.23,26.79,82.3,2.85,2024-02-02 08:00:00,0.991945,32.062638235,32.062638235
2024,2,2,9,464.98,27.63,78.3,3.44,2024-02-02 09:00:00,0.988165,45.94769616999999,45.94769616999999
2024,2,2,10,517.85,28.15,76.34,3.95,2024-02-02 10:00:00,0.985825,51.050947625,51.050947625
2024,2,2,11,546.5,28.17,76.16,4.28,2024-02-02 11:00:00,0.985735,53.87041775,53.87041775
2024,2,2,12,514.1,28.16,76.22,4.45,2024-02-02 12:00:00,0.98578,50.6789498,50.6789498
2024,2,2,13,295.0,28.03,76.42,4.41,2024-02-02 13:00:00,0.986365,29.0977675,29.0977675
2024,2,2,14,286.67,27.66,77.76,4.16,2024-02-02 14:00:00,0.98803,28.323856010000004,28.323856010000004
2024,2,2,15,242.0,27.12,79.94,3.71,2024-02-02 15:00:00,0.99046,23.969132,23.969132
2024,2,2,16,131.35,26.45,83.89,2.99,2024-02-02 16:00:00,0.993475,13.049294125,13.049294125
2024,2,2,17,36.5,25.51,90.39,2.03,2024-02-02 17:00:00,0.997705,3.64162325,3.64162325
2024,2,2,18,0.0,24.75,93.8,1.75,2024-02-02 18:00:00,1.001125,0.0,0.0
2024,2,2,19,0.0,24.44,94.4,1.78,2024-02-02 19:00:00,1.00252,0.0,0.0
2024,2,2,20,0.0,24.17,94.9,1.83,2024-02-02 20:00:00,1.003735,0.0,0.0
2024,2,2,21,0.0,23.93,95.3,1.85,2024-02-02 21:00:00,1.004815,0.0,0.0
2024,2,2,22,0.0,23.7,95.77,1.85,2024-02-02 22:00:00,1.00585,0.0,0.0
2024,2,2,23,0.0,23.52,96.34,1.8,2024-02-02 23:00:00,1.00666,0.0,0.0
2024,2,3,0,0.0,23.39,96.67,1.73,2024-02-03 00:00:00,1.007245,0.0,0.0
2024,2,3,1,0.0,23.34,96.7,1.7,2024-02-03 01:00:00,1.00747,0.0,0.0
2024,2,3,2,0.0,23.25,96.55,1.81,2024-02-03 02:00:00,1.007875,0.0,0.0
2024,2,3,3,0.0,23.12,96.58,1.97,2024-02-03 03:00:00,1.00846,0.0,0.0
2024,2,3,4,0.0,23.05,96.6,2.11,2024-02-03 04:00:00,1.008775,0.0,0.0
2024,2,3,5,0.0,23.05,96.78,2.35,2024-02-03 05:00:00,1.008775,0.0,0.0
2024,2,3,6,92.3,23.75,95.3,3.39,2024-02-03 06:00:00,1.005625,9.281918749999999,9.281918749999999
2024,2,3,7,278.98,24.8,93.14,3.91,2024-02-03 07:00:00,1.0009,27.923108199999998,27.923108199999998
2024,2,3,8,506.48,25.72,91.12,3.92,2024-02-03 08:00:00,0.99676,50.48390048,50.48390048
2024,2,3,9,648.83,26.44,88.95,3.79,2024-02-03 09:00:00,0.99352,64.46255815999999,64.46255815999999
2024,2,3,10,731.97,26.72,87.99,3.75,2024-02-03 10:00:00,0.99226,72.63045522,72.63045522
2024,2,3,11,764.03,26.76,86.78,3.85,2024-02-03 11:00:00,0.99208,75.79788823999999,75.79788823999999
2024,2,3,12,788.22,26.79,85.11,3.79,2024-02-03 12:00:00,0.991945,78.18708879,78.18708879
2024,2,3,13,519.72,26.85,84.1,3.7,2024-02-03 13:00:00,0.991675,51.53933310000001,51.53933310000001
2024,2,3,14,263.48,26.97,83.27,3.34,2024-02-03 14:00:00,0.991135,26.11442498,26.11442498
2024,2,3,15,132.88,26.9,83.15,2.75,2024-02-03 15:00:00,0.99145,13.174387600000001,13.174387600000001
2024,2,3,16,76.65,26.45,85.88,2.36,2024-02-03 16:00:00,0.993475,7.614985875000001,7.614985875000001
2024,2,3,17,20.42,25.45,92.69,1.75,2024-02-03 17:00:00,0.9979750000000001,2.0378649500000003,2.0378649500000003
2024,2,3,18,0.0,24.57,95.67,1.64,2024-02-03 18:00:00,1.001935,0.0,0.0
2024,2,3,19,0.0,24.31,96.1,1.58,2024-02-03 19:00:00,1.003105,0.0,0.0
2024,2,3,20,0.0,24.17,96.25,1.47,2024-02-03 20:00:00,1.003735,0.0,0.0
2024,2,3,21,0.0,24.08,96.22,1.42,2024-02-03 21:00:00,1.00414,0.0,0.0
2024,2,3,22,0.0,23.96,96.37,1.39,2024-02-03 22:00:00,1.00468,0.0,0.0
2024,2,3,23,0.0,23.91,96.24,1.33,2024-02-03 23:00:00,1.004905,0.0,0.0
2024,2,4,0,0.0,23.83,96.29,1.33,2024-02-04 00:00:00,1.005265,0.0,0.0
2024,2,4,1,0.0,23.75,96.57,1.4,2024-02-04 01:00:00,1.005625,0.0,0.0
2024,2,4,2,0.0,23.66,96.99,1.52,2024-02-04 02:00:00,1.00603,0.0,0.0
2024,2,4,3,0.0,23.55,97.41,1.69,2024-02-04 03:00:00,1.006525,0.0,0.0
2024,2,4,4,0.0,23.5,97.38,1.85,2024-02-04 04:00:00,1.00675,0.0,0.0
2024,2,4,5,0.0,23.4,96.67,2.04,2024-02-04 05:00:00,1.0072,0.0,0.0
2024,2,4,6,82.3,23.92,94.18,2.74,2024-02-04 06:00:00,1.00486,8.2699978,8.2699978
2024,2,4,7,237.45,24.29,87.51,3.06,2024-02-04 07:00:00,1.003195,23.820865275000003,23.820865275000003
2024,2,4,8,425.38,24.98,80.34,3.09,2024-02-04 08:00:00,1.00009,42.541828419999995,42.541828419999995
2024,2,4,9,514.17,26.11,74.6,3.0,2024-02-04 09:00:00,0.995005,51.16017208499999,51.16017208499999
2024,2,4,10,604.45,27.46,70.28,3.14,2024-02-04 10:00:00,0.98893,59.77587385,59.77587385
2024,2,4,11,711.35,28.45,68.74,3.49,2024-02-04 11:00:00,0.984475,70.030629125,70.030629125
2024,2,4,12,695.33,28.83,69.55,3.75,2024-02-04 12:00:00,0.982765,68.33459874500001,68.33459874500001
2024,2,4,13,572.33,28.69,71.85,3.9,2024-02-04 13:00:00,0.983395,56.282646035000006,56.282646035000006
2024,2,4,14,359.6,28.19,74.79,3.96,2024-02-04 14:00:00,0.985645,35.4437942,35.4437942
2024,2,4,15,128.43,27.48,78.6,3.74,2024-02-04 15:00:00,0.98884,12.699672120000002,12.699672120000002
2024,2,4,16,68.97,26.62,84.61,3.31,2024-02-04 16:00:00,0.99271,6.84672087,6.84672087
2024,2,4,17,15.85,25.58,92.34,2.26,2024-02-04 17:00:00,0.99739,1.5808631499999999,1.5808631499999999
2024,2,4,18,0.0,24.78,96.21,1.8,2024-02-04 18:00:00,1.00099,0.0,0.0
2024,2,4,19,0.0,24.49,96.83,1.84,2024-02-04 19:00:00,1.002295,0.0,0.0
2024,2,4,20,0.0,24.24,97.21,1.85,2024-02-04 20:00:00,1.00342,0.0,0.0
2024,2,4,21,0.0,24.07,97.55,1.82,2024-02-04 21:00:00,1.004185,0.0,0.0
2024,2,4,22,0.0,23.9,97.84,1.75,2024-02-04 22:00:00,1.00495,0.0,0.0
2024,2,4,23,0.0,23.76,97.76,1.6,2024-02-04 23:00:00,1.00558,0.0,0.0
2024,2,5,0,0.0,23.73,97.19,1.43,2024-02-05 00:00:00,1.005715,0.0,0.0
2024,2,5,1,0.0,23.83,96.19,1.21,2024-02-05 01:00:00,1.005265,0.0,0.0
2024,2,5,2,0.0,23.92,95.12,0.91,2024-02-05 02:00:00,1.00486,0.0,0.0
2024,2,5,3,0.0,24.11,93.43,0.6,2024-02-05 03:00:00,1.004005,0.0,0.0
2024,2,5,4,0.0,24.07,93.32,0.46,2024-02-05 04:00:00,1.004185,0.0,0.0
2024,2,5,5,0.0,24.0,93.38,0.46,2024-02-05 05:00:00,1.0045,0.0,0.0
2024,2,5,6,92.68,24.55,93.67,0.48,2024-02-05 06:00:00,1.002025,9.2867677,9.2867677
2024,2,5,7,287.02,25.59,85.78,0.49,2024-02-05 07:00:00,0.997345,28.62579619,28.62579619
2024,2,5,8,527.3,26.69,79.1,0.89,2024-02-05 08:00:00,0.992395,52.328988349999996,52.328988349999996
2024,2,5,9,716.83,27.77,74.48,1.35,2024-02-05 09:00:00,0.987535,70.78947140500001,70.78947140500001
2024,2,5,10,822.4,28.58,71.82,1.8,2024-02-05 10:00:00,0.98389,80.91511360000001,80.91511360000001
2024,2,5,11,889.08,29.06,70.45,2.14,2024-02-05 11:00:00,0.98173,87.28365084000002,87.28365084000002
2024,2,5,12,858.95,29.28,70.23,2.32,2024-02-05 12:00:00,0.98074,84.2406623,84.2406623
2024,2,5,13,775.45,29.43,70.17,2.39,2024-02-05 13:00:00,0.980065,75.999140425,75.999140425
2024,2,5,14,592.4,29.41,70.87,2.39,2024-02-05 14:00:00,0.980155,58.0643822,58.0643822
2024,2,5,15,381.48,29.09,72.68,2.4,2024-02-05 15:00:00,0.981595,37.44588606000001,37.44588606000001
2024,2,5,16,206.8,28.12,78.68,2.22,2024-02-05 16:00:00,0.98596,20.3896528,20.3896528
2024,2,5,17,48.8,26.89,87.06,1.77,2024-02-05 17:00:00,0.991495,4.8384956,4.8384956
2024,2,5,18,0.0,25.93,93.51,1.45,2024-02-05 18:00:00,0.995815,0.0,0.0
2024,2,5,19,0.0,25.59,94.5,1.46,2024-02-05 19:00:00,0.997345,0.0,0.0
2024,2,5,20,0.0,25.32,95.26,1.47,2024-02-05 20:00:00,0.99856,0.0,0.0
2024,2,5,21,0.0,25.16,95.89,1.48,2024-02-05 21:00:00,0.99928,0.0,0.0
2024,2,5,22,0.0,25.03,96.39,1.53,2024-02-05 22:00:00,0.999865,0.0,0.0
2024,2,5,23,0.0,24.95,96.52,1.76,2024-02-05 23:00:00,1.000225,0.0,0.0
2024,2,6,0,0.0,24.9,96.43,2.22,2024-02-06 00:00:00,1.00045,0.0,0.0
2024,2,6,1,0.0,24.85,96.2,2.84,2024-02-06 01:00:00,1.000675,0.0,0.0
2024,2,6,2,0.0,24.77,95.94,3.17,2024-02-06 02:00:00,1.001035,0.0,0.0
2024,2,6,3,0.0,24.59,96.15,2.84,2024-02-06 03:00:00,1.001845,0.0,0.0
2024,2,6,4,0.0,24.4,96.17,2.37,2024-02-06 04:00:00,1.0027,0.0,0.0
2024,2,6,5,0.0,24.23,96.12,2.01,2024-02-06 05:00:00,1.003465,0.0,0.0
2024,2,6,6,62.38,24.99,94.74,1.81,2024-02-06 06:00:00,1.000045,6.238280710000001,6.238280710000001
2024,2,6,7,192.82,25.6,91.56,2.32,2024-02-06 07:00:00,0.9973,19.2299386,19.2299386
2024,2,6,8,354.62,26.28,88.03,2.47,2024-02-06 08:00:00,0.99424,35.25773888,35.25773888
2024,2,6,9,522.05,26.98,83.86,2.56,2024-02-06 09:00:00,0.99109,51.73985344999999,51.73985344999999
2024,2,6,10,627.88,27.74,79.28,2.93,2024-02-06 10:00:00,0.98767,62.013823959999996,62.013823959999996
2024,2,6,11,711.3,28.48,75.15,3.38,2024-02-06 11:00:00,0.98434,70.0161042,70.0161042
2024,2,6,12,631.22,28.83,74.23,3.77,2024-02-06 12:00:00,0.982765,62.03409233,62.03409233
2024,2,6,13,377.45,28.33,77.45,3.91,2024-02-06 13:00:00,0.985015,37.179391175,37.179391175
2024,2,6,14,174.88,27.76,81.2,3.81,2024-02-06 14:00:00,0.98758,17.27079904,17.27079904
2024,2,6,15,105.57,27.14,85.01,3.54,2024-02-06 15:00:00,0.99037,10.45533609,10.45533609
2024,2,6,16,60.83,26.48,89.15,3.05,2024-02-06 16:00:00,0.99334,6.042487219999999,6.042487219999999
2024,2,6,17,17.25,25.71,93.64,2.2,2024-02-06 17:00:00,0.9968049999999999,1.7194886249999999,1.7194886249999999
2024,2,6,18,0.0,25.14,95.67,1.88,2024-02-06 18:00:00,0.99937,0.0,0.0
2024,2,6,19,0.0,24.85,96.16,1.82,2024-02-06 19:00:00,1.000675,0.0,0.0
2024,2,6,20,0.0,24.58,96.45,1.75,2024-02-06 20:00:00,1.00189,0.0,0.0
2024,2,6,21,0.0,24.29,96.72,1.73,2024-02-06 21:00:00,1.003195,0.0,0.0
2024,2,6,22,0.0,23.99,97.09,1.73,2024-02-06 22:00:00,1.004545,0.0,0.0
2024,2,6,23,0.0,23.75,97.27,1.74,2024-02-06 23:00:00,1.005625,0.0,0.0
2024,2,7,0,0.0,23.53,97.55,1.73,2024-02-07 00:00:00,1.006615,0.0,0.0
2024,2,7,1,0.0,23.33,97.82,1.78,2024-02-07 01:00:00,1.007515,0.0,0.0
2024,2,7,2,0.0,23.16,98.11,1.83,2024-02-07 02:00:00,1.00828,0.0,0.0
2024,2,7,3,0.0,23.02,98.3,1.8,2024-02-07 03:00:00,1.00891,0.0,0.0
2024,2,7,4,0.0,22.92,98.2,1.71,2024-02-07 04:00:00,1.00936,0.0,0.0
2024,2,7,5,0.0,22.97,97.48,1.55,2024-02-07 05:00:00,1.0091350000000001,0.0,0.0
2024,2,7,6,81.75,24.22,93.85,1.65,2024-02-07 06:00:00,1.00351,8.20369425,8.20369425
2024,2,7,7,241.12,25.42,86.85,1.61,2024-02-07 07:00:00,0.9981099999999999,24.06642832,24.06642832
2024,2,7,8,431.8,26.81,77.74,1.65,2024-02-07 08:00:00,0.991855,42.8282989,42.8282989
2024,2,7,9,585.78,27.97,70.98,2.06,2024-02-07 09:00:00,0.986635,57.795105029999995,57.795105029999995
2024,2,7,10,687.83,28.84,67.09,2.49,2024-02-07 10:00:00,0.98272,67.59442976,67.59442976
2024,2,7,11,646.65,29.52,64.36,2.83,2024-02-07 11:00:00,0.97966,63.34971389999999,63.34971389999999
2024,2,7,12,569.12,29.75,63.32,3.09,2024-02-07 12:00:00,0.978625,55.695505999999995,55.695505999999995
2024,2,7,13,494.92,29.61,64.1,3.39,2024-02-07 13:00:00,0.979255,48.465288460000004,48.465288460000004
2024,2,7,14,353.5,29.16,66.65,3.81,2024-02-07 14:00:00,0.98128,34.688248,34.688248
2024,2,7,15,190.57,28.26,71.87,4.2,2024-02-07 15:00:00,0.98533,18.777433809999998,18.777433809999998
2024,2,7,16,107.55,26.9,79.58,4.24,2024-02-07 16:00:00,0.99145,10.66304475,10.66304475
2024,2,7,17,29.75,25.5,88.1,3.3,2024-02-07 17:00:00,0.99775,2.96830625,2.96830625
2024,2,7,18,0.0,24.62,92.93,2.24,2024-02-07 18:00:00,1.00171,0.0,0.0
2024,2,7,19,0.0,24.3,94.45,1.59,2024-02-07 19:00:00,1.00315,0.0,0.0
2024,2,7,20,0.0,24.08,95.01,1.28,2024-02-07 20:00:00,1.00414,0.0,0.0
2024,2,7,21,0.0,23.96,94.25,1.03,2024-02-07 21:00:00,1.00468,0.0,0.0
2024,2,7,22,0.0,23.88,93.74,0.85,2024-02-07 22:00:00,1.00504,0.0,0.0
2024,2,7,23,0.0,23.74,94.12,0.85,2024-02-07 23:00:00,1.00567,0.0,0.0
2024,2,8,0,0.0,23.61,94.59,0.89,2024-02-08 00:00:00,1.006255,0.0,0.0
2024,2,8,1,0.0,23.48,94.91,0.86,2024-02-08 01:00:00,1.00684,0.0,0.0
2024,2,8,2,0.0,23.58,94.27,0.71,2024-02-08 02:00:00,1.0063900000000001,0.0,0.0
2024,2,8,3,0.0,23.68,93.55,0.53,2024-02-08 03:00:00,1.00594,0.0,0.0
2024,2,8,4,0.0,23.65,93.43,0.37,2024-02-08 04:00:00,1.006075,0.0,0.0
2024,2,8,5,0.0,23.56,93.6,0.45,2024-02-08 05:00:00,1.00648,0.0,0.0
2024,2,8,6,87.55,24.64,90.3,0.85,2024-02-08 06:00:00,1.00162,8.769183100000001,8.769183100000001
2024,2,8,7,280.38,26.09,82.72,1.2,2024-02-08 07:00:00,0.995095,27.90047361,27.90047361
2024,2,8,8,490.08,27.49,76.05,1.42,2024-02-08 08:00:00,0.988795,48.45886536,48.45886536
2024,2,8,9,738.3,28.71,71.45,1.69,2024-02-08 09:00:00,0.983305,72.59740814999999,72.59740814999999
2024,2,8,10,873.0,29.62,68.92,1.97,2024-02-08 10:00:00,0.97921,85.485033,85.485033
2024,2,8,11,918.08,30.17,67.31,2.27,2024-02-08 11:00:00,0.976735,89.67208688000001,89.67208688000001
2024,2,8,12,825.33,30.5,66.32,2.49,2024-02-08 12:00:00,0.97525,80.49030825,80.49030825
2024,2,8,13,777.47,30.53,65.95,2.72,2024-02-08 13:00:00,0.975115,75.81226590499999,75.81226590499999
2024,2,8,14,540.85,30.12,67.25,2.9,2024-02-08 14:00:00,0.97696,52.83888160000001,52.83888160000001
2024,2,8,15,371.95,29.53,69.46,2.9,2024-02-08 15:00:00,0.979615,36.436779925,36.436779925
2024,2,8,16,195.2,28.35,76.09,2.7,2024-02-08 16:00:00,0.984925,19.225736,19.225736
2024,2,8,17,48.15,26.88,85.3,2.17,2024-02-08 17:00:00,0.99154,4.774265099999999,4.774265099999999
2024,2,8,18,0.0,25.75,92.66,1.67,2024-02-08 18:00:00,0.996625,0.0,0.0
2024,2,8,19,0.0,25.34,93.9,1.71,2024-02-08 19:00:00,0.99847,0.0,0.0
2024,2,8,20,0.0,25.02,94.73,1.79,2024-02-08 20:00:00,0.99991,0.0,0.0
2024,2,8,21,0.0,24.8,95.31,1.89,2024-02-08 21:00:00,1.0009,0.0,0.0
2024,2,8,22,0.0,24.62,95.93,1.95,2024-02-08 22:00:00,1.00171,0.0,0.0
2024,2,8,23,0.0,24.4,96.54,1.93,2024-02-08 23:00:00,1.0027,0.0,0.0
2024,2,9,0,0.0,24.17,96.85,1.94,2024-02-09 00:00:00,1.003735,0.0,0.0
2024,2,9,1,0.0,24.02,97.12,1.94,2024-02-09 01:00:00,1.00441,0.0,0.0
2024,2,9,2,0.0,23.96,96.93,1.92,2024-02-09 02:00:00,1.00468,0.0,0.0
2024,2,9,3,0.0,23.85,96.86,1.94,2024-02-09 03:00:00,1.005175,0.0,0.0
2024,2,9,4,0.0,23.69,96.83,1.93,2024-02-09 04:00:00,1.005895,0.0,0.0
2024,2,9,5,0.0,23.61,96.64,1.84,2024-02-09 05:00:00,1.006255,0.0,0.0
2024,2,9,6,92.5,25.13,91.81,2.22,2024-02-09 06:00:00,0.999415,9.24458875,9.24458875
2024,2,9,7,286.73,26.39,85.56,2.58,2024-02-09 07:00:00,0.993745,28.493650385000006,28.493650385000006
2024,2,9,8,523.78,27.78,78.69,2.44,2024-02-09 08:00:00,0.98749,51.72275122,51.72275122
2024,2,9,9,719.33,29.02,72.9,2.18,2024-02-09 09:00:00,0.98191,70.63173203000001,70.63173203000001
2024,2,9,10,813.67,29.81,70.17,2.02,2024-02-09 10:00:00,0.978355,79.605811285,79.605811285
2024,2,9,11,827.35,30.38,68.46,2.02,2024-02-09 11:00:00,0.97579,80.73198565,80.73198565
2024,2,9,12,679.97,30.7,67.36,2.26,2024-02-09 12:00:00,0.97435,66.25287695000002,66.25287695000002
2024,2,9,13,670.78,30.61,67.86,2.62,2024-02-09 13:00:00,0.974755,65.38461588999999,65.38461588999999
2024,2,9,14,445.55,29.8,71.25,3.03,2024-02-09 14:00:00,0.9784,43.592612,43.592612
2024,2,9,15,388.6,28.86,75.66,3.39,2024-02-09 15:00:00,0.98263,38.1850018,38.1850018
2024,2,9,16,209.18,27.83,80.93,3.37,2024-02-09 16:00:00,0.9872650000000001,20.65160927,20.65160927
2024,2,9,17,52.03,26.66,88.25,2.53,2024-02-09 17:00:00,0.99253,5.1641335900000005,5.1641335900000005
2024,2,9,18,0.0,25.89,93.16,1.92,2024-02-09 18:00:00,0.995995,0.0,0.0
2024,2,9,19,0.0,25.64,94.44,1.73,2024-02-09 19:00:00,0.99712,0.0,0.0
2024,2,9,20,0.0,25.46,95.26,1.6,2024-02-09 20:00:00,0.99793,0.0,0.0
2024,2,9,21,0.0,25.31,95.86,1.54,2024-02-09 21:00:00,0.998605,0.0,0.0
2024,2,9,22,0.0,25.18,96.24,1.53,2024-02-09 22:00:00,0.99919,0.0,0.0
2024,2,9,23,0.0,25.05,96.54,1.5,2024-02-09 23:00:00,0.999775,0.0,0.0
2024,2,10,0,0.0,25.0,96.72,1.46,2024-02-10 00:00:00,1.0,0.0,0.0
2024,2,10,1,0.0,25.0,96.82,1.42,2024-02-10 01:00:00,1.0,0.0,0.0
2024,2,10,2,0.0,24.97,96.87,1.38,2024-02-10 02:00:00,1.000135,0.0,0.0
2024,2,10,3,0.0,24.91,96.82,1.38,2024-02-10 03:00:00,1.000405,0.0,0.0
2024,2,10,4,0.0,24.85,96.85,1.36,2024-02-10 04:00:00,1.000675,0.0,0.0
2024,2,10,5,0.0,24.82,96.81,1.35,2024-02-10 05:00:00,1.00081,0.0,0.0
2024,2,10,6,38.97,25.34,95.76,1.41,2024-02-10 06:00:00,0.99847,3.89103759,3.89103759
2024,2,10,7,118.25,25.86,93.15,2.15,2024-02-10 07:00:00,0.99613,11.77923725,11.77923725
2024,2,10,8,231.95,26.44,90.99,2.93,2024-02-10 08:00:00,0.99352,23.0446964,23.0446964
2024,2,10,9,246.15,27.18,87.45,3.75,2024-02-10 09:00:00,0.99019,24.37352685,24.37352685
2024,2,10,10,263.85,27.71,84.8,4.34,2024-02-10 10:00:00,0.987805,26.063234925000003,26.063234925000003
2024,2,10,11,263.15,27.84,83.9,4.65,2024-02-10 11:00:00,0.98722,25.978694299999997,25.978694299999997
2024,2,10,12,380.7,27.6,84.65,4.8,2024-02-10 12:00:00,0.9883,37.624581,37.624581
2024,2,10,13,424.58,27.18,86.39,4.64,2024-02-10 13:00:00,0.99019,42.04148702,42.04148702
2024,2,10,14,342.9,26.77,88.48,4.22,2024-02-10 14:00:00,0.992035,34.01688015,34.01688015
2024,2,10,15,307.08,26.52,89.9,3.86,2024-02-10 15:00:00,0.99316,30.497957279999998,30.497957279999998
2024,2,10,16,166.0,26.22,91.6,3.16,2024-02-10 16:00:00,0.99451,16.508866,16.508866
2024,2,10,17,41.42,25.51,94.73,1.9,2024-02-10 17:00:00,0.997705,4.13249411,4.13249411
2024,2,10,18,0.0,24.82,95.61,1.58,2024-02-10 18:00:00,1.00081,0.0,0.0
2024,2,10,19,0.0,24.79,94.34,1.2,2024-02-10 19:00:00,1.000945,0.0,0.0
2024,2,10,20,0.0,24.95,92.57,0.72,2024-02-10 20:00:00,1.000225,0.0,0.0
2024,2,10,21,0.0,24.87,92.37,0.56,2024-02-10 21:00:00,1.000585,0.0,0.0
2024,2,10,22,0.0,24.62,93.11,0.58,2024-02-10 22:00:00,1.00171,0.0,0.0
2024,2,10,23,0.0,24.5,93.39,0.51,2024-02-10 23:00:00,1.00225,0.0,0.0
2024,2,11,0,0.0,24.43,93.31,0.49,2024-02-11 00:00:00,1.002565,0.0,0.0
2024,2,11,1,0.0,24.09,94.5,0.65,2024-02-11 01:00:00,1.004095,0.0,0.0
2024,2,11,2,0.0,23.95,94.96,0.9,2024-02-11 02:00:00,1.004725,0.0,0.0
2024,2,11,3,0.0,23.73,95.91,1.17,2024-02-11 03:00:00,1.005715,0.0,0.0
2024,2,11,4,0.0,23.64,96.26,1.25,2024-02-11 04:00:00,1.00612,0.0,0.0
2024,2,11,5,0.0,23.64,96.05,1.24,2024-02-11 05:00:00,1.00612,0.0,0.0
2024,2,11,6,87.78,24.58,95.12,1.13,2024-02-11 06:00:00,1.00189,8.79459042,8.79459042
2024,2,11,7,301.83,25.91,86.61,1.47,2024-02-11 07:00:00,0.995905,30.059400615,30.059400615
2024,2,11,8,538.78,27.04,78.91,1.45,2024-02-11 08:00:00,0.99082,53.38339996,53.38339996
2024,2,11,9,695.95,28.22,72.65,1.29,2024-02-11 09:00:00,0.98551,68.58656845000002,68.58656845000002
2024,2,11,10,799.62,29.25,68.48,1.34,2024-02-11 10:00:00,0.980875,78.43272675,78.43272675
2024,2,11,11,848.3,29.93,66.45,1.63,2024-02-11 11:00:00,0.977815,82.94804644999999,82.94804644999999
2024,2,11,12,794.85,30.26,65.73,1.85,2024-02-11 12:00:00,0.97633,77.60359005000001,77.60359005000001
2024,2,11,13,678.42,30.34,65.53,1.94,2024-02-11 13:00:00,0.97597,66.21175673999998,66.21175673999998
2024,2,11,14,326.1,30.03,66.67,2.02,2024-02-11 14:00:00,0.977365,31.87187265,31.87187265
2024,2,11,15,220.48,29.3,70.09,2.05,2024-02-11 15:00:00,0.98065,21.6213712,21.6213712
2024,2,11,16,105.68,28.43,76.24,1.76,2024-02-11 16:00:00,0.984565,10.404882920000002,10.404882920000002
2024,2,11,17,24.8,27.12,83.48,1.59,2024-02-11 17:00:00,0.99046,2.4563408,2.4563408
2024,2,11,18,0.0,26.01,90.53,1.34,2024-02-11 18:00:00,0.995455,0.0,0.0
2024,2,11,19,0.0,25.48,92.07,1.4,2024-02-11 19:00:00,0.99784,0.0,0.0
2024,2,11,20,0.0,25.05,93.34,1.44,2024-02-11 20:00:00,0.999775,0.0,0.0
2024,2,11,21,0.0,24.67,94.46,1.49,2024-02-11 21:00:00,1.001485,0.0,0.0
2024,2,11,22,0.0,24.33,95.37,1.42,2024-02-11 22:00:00,1.003015,0.0,0.0
2024,2,11,23,0.0,24.01,95.91,1.27,2024-02-11 23:00:00,1.004455,0.0,0.0
2024,2,12,0,0.0,23.75,95.99,1.12,2024-02-12 00:00:00,1.005625,0.0,0.0
2024,2,12,1,0.0,23.6,95.62,0.85,2024-02-12 01:00:00,1.0063,0.0,0.0
2024,2,12,2,0.0,23.66,94.44,0.43,2024-02-12 02:00:00,1.00603,0.0,0.0
2024,2,12,3,0.0,23.81,93.17,0.12,2024-02-12 03:00:00,1.005355,0.0,0.0
2024,2,12,4,0.0,23.72,93.27,0.55,2024-02-12 04:00:00,1.00576,0.0,0.0
2024,2,12,5,0.0,23.38,95.13,0.98,2024-02-12 05:00:00,1.00729,0.0,0.0
2024,2,12,6,75.75,24.5,92.93,1.51,2024-02-12 06:00:00,1.00225,7.592043750000001,7.592043750000001
2024,2,12,7,259.12,25.81,87.18,2.01,2024-02-12 07:00:00,0.996355,25.817550760000003,25.817550760000003
2024,2,12,8,473.58,27.13,80.54,2.37,2024-02-12 08:00:00,0.990415,46.90407357,46.90407357
2024,2,12,9,627.75,28.22,75.23,2.69,2024-02-12 09:00:00,0.98551,61.865390250000004,61.865390250000004
2024,2,12,10,743.7,28.89,71.76,3.05,2024-02-12 10:00:00,0.982495,73.06815315,73.06815315
2024,2,12,11,794.33,29.21,70.13,3.24,2024-02-12 11:00:00,0.981055,77.928141815,77.928141815
2024,2,12,12,773.0,29.36,68.97,3.26,2024-02-12 12:00:00,0.98038,75.783374,75.783374
2024,2,12,13,659.4,29.35,68.66,3.04,2024-02-12 13:00:00,0.980425,64.6492245,64.6492245
2024,2,12,14,479.4,29.11,69.43,2.59,2024-02-12 14:00:00,0.981505,47.0533497,47.0533497
2024,2,12,15,333.83,28.66,71.71,2.03,2024-02-12 15:00:00,0.98353,32.83318198999999,32.83318198999999
2024,2,12,16,186.43,28.08,77.09,1.38,2024-02-12 16:00:00,0.98614,18.38460802,18.38460802
2024,2,12,17,45.2,27.22,82.18,1.0,2024-02-12 17:00:00,0.9900100000000001,4.474845200000001,4.474845200000001
2024,2,12,18,0.0,26.63,85.0,0.7,2024-02-12 18:00:00,0.992665,0.0,0.0
2024,2,12,19,0.0,26.41,85.05,0.64,2024-02-12 19:00:00,0.993655,0.0,0.0
2024,2,12,20,0.0,26.06,86.98,0.66,2024-02-12 20:00:00,0.9952300000000001,0.0,0.0
2024,2,12,21,0.0,25.77,88.25,0.73,2024-02-12 21:00:00,0.996535,0.0,0.0
2024,2,12,22,0.0,25.45,90.02,0.87,2024-02-12 22:00:00,0.9979750000000001,0.0,0.0
2024,2,12,23,0.0,25.07,92.02,1.07,2024-02-12 23:00:00,0.999685,0.0,0.0
2024,2,13,0,0.0,24.67,94.08,1.3,2024-02-13 00:00:00,1.001485,0.0,0.0
2024,2,13,1,0.0,24.34,95.61,1.51,2024-02-13 01:00:00,1.00297,0.0,0.0
2024,2,13,2,0.0,24.11,96.24,1.72,2024-02-13 02:00:00,1.004005,0.0,0.0
2024,2,13,3,0.0,23.87,97.18,1.86,2024-02-13 03:00:00,1.005085,0.0,0.0
2024,2,13,4,0.0,23.67,97.92,1.88,2024-02-13 04:00:00,1.005985,0.0,0.0
2024,2,13,5,0.0,23.59,98.08,1.82,2024-02-13 05:00:00,1.006345,0.0,0.0
2024,2,13,6,85.55,25.16,93.32,2.34,2024-02-13 06:00:00,0.99928,8.5488404,8.5488404
2024,2,13,7,297.08,26.44,86.32,2.86,2024-02-13 07:00:00,0.99352,29.51549216,29.51549216
2024,2,13,8,535.0,27.59,80.48,2.89,2024-02-13 08:00:00,0.988345,52.8764575,52.8764575
2024,2,13,9,710.35,28.71,75.49,2.86,2024-02-13 09:00:00,0.983305,69.849070675,69.849070675
2024,2,13,10,824.12,29.68,71.4,2.76,2024-02-13 10:00:00,0.97894,80.67640327999999,80.67640327999999
2024,2,13,11,864.85,30.36,68.74,2.6,2024-02-13 11:00:00,0.97588,84.3989818,84.3989818
2024,2,13,12,792.3,30.75,67.29,2.54,2024-02-13 12:00:00,0.974125,77.17992375,77.17992375
2024,2,13,13,728.53,30.66,67.33,2.55,2024-02-13 13:00:00,0.97453,70.99743409,70.99743409
2024,2,13,14,458.42,30.36,68.07,2.63,2024-02-13 14:00:00,0.97588,44.73629096,44.73629096
2024,2,13,15,315.55,29.75,70.13,2.7,2024-02-13 15:00:00,0.978625,30.880511875,30.880511875
2024,2,13,16,170.85,28.73,75.63,2.64,2024-02-13 16:00:00,0.983215,16.798228275,16.798228275
2024,2,13,17,45.22,27.29,84.36,2.2,2024-02-13 17:00:00,0.989695,4.475400789999999,4.475400789999999
2024,2,13,18,0.0,26.01,91.91,1.71,2024-02-13 18:00:00,0.995455,0.0,0.0
2024,2,13,19,0.0,25.54,93.22,1.63,2024-02-13 19:00:00,0.99757,0.0,0.0
2024,2,13,20,0.0,25.18,93.91,1.59,2024-02-13 20:00:00,0.99919,0.0,0.0
2024,2,13,21,0.0,24.86,94.39,1.62,2024-02-13 21:00:00,1.00063,0.0,0.0
2024,2,13,22,0.0,24.63,94.23,1.52,2024-02-13 22:00:00,1.001665,0.0,0.0
2024,2,13,23,0.0,24.57,93.13,1.22,2024-02-13 23:00:00,1.001935,0.0,0.0
2024,2,14,0,0.0,24.6,92.02,0.9,2024-02-14 00:00:00,1.0018,0.0,0.0
2024,2,14,1,0.0,24.45,92.35,0.76,2024-02-14 01:00:00,1.002475,0.0,0.0
2024,2,14,2,0.0,24.18,93.32,0.81,2024-02-14 02:00:00,1.00369,0.0,0.0
2024,2,14,3,0.0,23.83,94.6,1.04,2024-02-14 03:00:00,1.005265,0.0,0.0
2024,2,14,4,0.0,23.55,95.41,1.27,2024-02-14 04:00:00,1.006525,0.0,0.0
2024,2,14,5,0.0,23.5,95.25,1.3,2024-02-14 05:00:00,1.00675,0.0,0.0
2024,2,14,6,57.97,25.28,90.59,1.25,2024-02-14 06:00:00,0.99874,5.78969578,5.78969578
2024,2,14,7,194.68,26.83,83.03,1.16,2024-02-14 07:00:00,0.991765,19.307681020000004,19.307681020000004
2024,2,14,8,363.45,28.22,77.21,1.6,2024-02-14 08:00:00,0.98551,35.81836095,35.81836095
2024,2,14,9,512.88,29.25,73.23,1.95,2024-02-14 09:00:00,0.980875,50.307117,50.307117
2024,2,14,10,611.83,29.96,71.03,1.6,2024-02-14 10:00:00,0.97768,59.817395440000006,59.817395440000006
2024,2,14,11,686.03,30.34,69.54,1.19,2024-02-14 11:00:00,0.97597,66.95446991,66.95446991
2024,2,14,12,737.85,30.54,68.38,1.21,2024-02-14 12:00:00,0.97507,71.94553995,71.94553995
2024,2,14,13,605.95,30.37,68.83,1.24,2024-02-14 13:00:00,0.975835,59.130721825000016,59.130721825000016
2024,2,14,14,449.85,30.03,70.48,1.17,2024-02-14 14:00:00,0.977365,43.966764525,43.966764525
2024,2,14,15,302.52,29.52,73.32,1.12,2024-02-14 15:00:00,0.97966,29.636674319999994,29.636674319999994
2024,2,14,16,159.27,28.87,78.53,1.07,2024-02-14 16:00:00,0.982585,15.649631295000004,15.649631295000004
2024,2,14,17,44.6,27.85,83.3,1.11,2024-02-14 17:00:00,0.987175,4.4028005,4.4028005
2024,2,14,18,0.0,26.88,91.5,1.06,2024-02-14 18:00:00,0.99154,0.0,0.0
2024,2,14,19,0.0,26.46,92.65,1.18,2024-02-14 19:00:00,0.99343,0.0,0.0
2024,2,14,20,0.0,26.11,93.45,1.3,2024-02-14 20:00:00,0.995005,0.0,0.0
2024,2,14,21,0.0,25.81,93.92,1.43,2024-02-14 21:00:00,0.996355,0.0,0.0
2024,2,14,22,0.0,25.52,94.26,1.54,2024-02-14 22:00:00,0.99766,0.0,0.0
2024,2,14,23,0.0,25.24,94.5,1.53,2024-02-14 23:00:00,0.99892,0.0,0.0
2024,2,15,0,0.0,25.11,94.27,1.3,2024-02-15 00:00:00,0.999505,0.0,0.0
2024,2,15,1,0.0,24.96,94.49,1.22,2024-02-15 01:00:00,1.00018,0.0,0.0
2024,2,15,2,0.0,24.8,95.32,1.39,2024-02-15 02:00:00,1.0009,0.0,0.0
2024,2,15,3,0.0,24.62,95.67,1.53,2024-02-15 03:00:00,1.00171,0.0,0.0
2024,2,15,4,0.0,24.54,95.68,1.5,2024-02-15 04:00:00,1.00207,0.0,0.0
2024,2,15,5,0.0,24.56,95.63,1.41,2024-02-15 05:00:00,1.00198,0.0,0.0
2024,2,15,6,86.65,25.49,92.96,1.63,2024-02-15 06:00:00,0.997795,8.645893675,8.645893675
2024,2,15,7,291.7,26.38,88.69,2.24,2024-02-15 07:00:00,0.99379,28.9888543,28.9888543
2024,2,15,8,531.35,27.1,85.41,2.75,2024-02-15 08:00:00,0.99055,52.63287425,52.63287425
2024,2,15,9,674.78,27.97,81.76,3.06,2024-02-15 09:00:00,0.986635,66.57615652999999,66.57615652999999
2024,2,15,10,722.45,28.74,78.56,3.34,2024-02-15 10:00:00,0.98317,71.02911665,71.02911665
2024,2,15,11,735.62,29.24,76.58,3.58,2024-02-15 11:00:00,0.98092,72.15843704000001,72.15843704000001
2024,2,15,12,680.03,29.66,75.3,3.67,2024-02-15 12:00:00,0.97903,66.57697709,66.57697709
2024,2,15,13,525.88,29.64,75.5,3.4,2024-02-15 13:00:00,0.97912,51.48996256,51.48996256
2024,2,15,14,373.73,29.39,76.59,3.09,2024-02-15 14:00:00,0.980245,36.634696385,36.634696385
2024,2,15,15,136.93,28.72,79.6,2.88,2024-02-15 15:00:00,0.98326,13.46377918,13.46377918
2024,2,15,16,69.05,27.9,84.05,2.7,2024-02-15 16:00:00,0.98695,6.81488975,6.81488975
2024,2,15,17,25.9,26.86,90.27,2.16,2024-02-15 17:00:00,0.99163,2.5683217,2.5683217
2024,2,15,18,0.0,26.06,94.09,1.82,2024-02-15 18:00:00,0.9952300000000001,0.0,0.0
2024,2,15,19,0.0,25.77,94.7,1.8,2024-02-15 19:00:00,0.996535,0.0,0.0
2024,2,15,20,0.0,25.55,95.15,1.72,2024-02-15 20:00:00,0.997525,0.0,0.0
2024,2,15,21,0.0,25.37,95.37,1.67,2024-02-15 21:00:00,0.998335,0.0,0.0
2024,2,15,22,0.0,25.17,95.67,1.58,2024-02-15 22:00:00,0.999235,0.0,0.0
2024,2,15,23,0.0,24.97,95.86,1.5,2024-02-15 23:00:00,1.000135,0.0,0.0
2024,2,16,0,0.0,24.75,96.25,1.46,2024-02-16 00:00:00,1.001125,0.0,0.0
2024,2,16,1,0.0,24.55,96.5,1.48,2024-02-16 01:00:00,1.002025,0.0,0.0
2024,2,16,2,0.0,24.4,96.75,1.52,2024-02-16 02:00:00,1.0027,0.0,0.0
2024,2,16,3,0.0,24.3,96.83,1.58,2024-02-16 03:00:00,1.00315,0.0,0.0
2024,2,16,4,0.0,24.2,96.97,1.66,2024-02-16 04:00:00,1.0036,0.0,0.0
2024,2,16,5,0.0,24.2,96.96,1.72,2024-02-16 05:00:00,1.0036,0.0,0.0
2024,2,16,6,86.2,25.61,92.93,2.45,2024-02-16 06:00:00,0.997255,8.596338099999999,8.596338099999999
2024,2,16,7,303.05,26.9,87.76,3.02,2024-02-16 07:00:00,0.99145,30.04589225,30.04589225
2024,2,16,8,537.67,28.37,81.26,3.21,2024-02-16 08:00:00,0.984835,52.951623444999996,52.951623444999996
2024,2,16,9,724.75,29.62,75.93,3.15,2024-02-16 09:00:00,0.97921,70.96824475,70.96824475
2024,2,16,10,824.55,30.33,72.88,2.91,2024-02-16 10:00:00,0.976015,80.477316825,80.477316825
2024,2,16,11,869.88,30.73,70.48,2.74,2024-02-16 11:00:00,0.974215,84.74501442,84.74501442
2024,2,16,12,791.83,30.89,69.41,2.64,2024-02-16 12:00:00,0.973495,77.08425458500001,77.08425458500001
2024,2,16,13,704.95,31.07,68.22,2.43,2024-02-16 13:00:00,0.972685,68.569429075,68.569429075
2024,2,16,14,501.5,30.94,68.01,1.92,2024-02-16 14:00:00,0.97327,48.80949049999999,48.80949049999999
2024,2,16,15,386.08,30.55,69.0,1.27,2024-02-16 15:00:00,0.975025,37.6437652,37.6437652
2024,2,16,16,195.4,29.5,75.07,0.97,2024-02-16 16:00:00,0.97975,19.144315000000002,19.144315000000002
2024,2,16,17,47.03,28.69,78.04,0.84,2024-02-16 17:00:00,0.983395,4.624906685,4.624906685
2024,2,16,18,0.0,27.72,84.35,0.72,2024-02-16 18:00:00,0.98776,0.0,0.0
2024,2,16,19,0.0,27.3,85.89,0.72,2024-02-16 19:00:00,0.98965,0.0,0.0
2024,2,16,20,0.0,26.97,87.13,0.5,2024-02-16 20:00:00,0.991135,0.0,0.0
2024,2,16,21,0.0,26.63,89.41,0.46,2024-02-16 21:00:00,0.992665,0.0,0.0
2024,2,16,22,0.0,26.2,92.31,0.71,2024-02-16 22:00:00,0.9946,0.0,0.0
2024,2,16,23,0.0,25.78,93.99,0.98,2024-02-16 23:00:00,0.99649,0.0,0.0
2024,2,17,0,0.0,25.48,94.58,1.12,2024-02-17 00:00:00,0.99784,0.0,0.0
2024,2,17,1,0.0,25.25,95.0,1.28,2024-02-17 01:00:00,0.998875,0.0,0.0
2024,2,17,2,0.0,25.05,95.31,1.45,2024-02-17 02:00:00,0.999775,0.0,0.0
2024,2,17,3,0.0,24.9,95.58,1.57,2024-02-17 03:00:00,1.00045,0.0,0.0
2024,2,17,4,0.0,24.76,95.79,1.75,2024-02-17 04:00:00,1.00108,0.0,0.0
2024,2,17,5,0.0,24.76,95.7,1.8,2024-02-17 05:00:00,1.00108,0.0,0.0
2024,2,17,6,89.93,26.17,91.29,2.25,2024-02-17 06:00:00,0.994735,8.945651855000001,8.945651855000001
2024,2,17,7,292.27,27.29,86.15,2.68,2024-02-17 07:00:00,0.989695,28.925815764999996,28.925815764999996
2024,2,17,8,523.08,28.63,79.88,2.8,2024-02-17 08:00:00,0.983665,51.45354882,51.45354882
2024,2,17,9,622.55,29.84,73.92,2.91,2024-02-17 09:00:00,0.97822,60.89908609999999,60.89908609999999
2024,2,17,10,692.67,30.71,70.09,3.03,2024-02-17 10:00:00,0.974305,67.48718443499999,67.48718443499999
2024,2,17,11,678.45,31.32,67.2,3.1,2024-02-17 11:00:00,0.97156,65.9154882,65.9154882
2024,2,17,12,660.42,31.55,65.79,3.14,2024-02-17 12:00:00,0.970525,64.09541205,64.09541205
2024,2,17,13,606.88,31.4,65.98,3.16,2024-02-17 13:00:00,0.9712000000000001,58.9401856,58.9401856
2024,2,17,14,473.83,30.69,68.48,3.16,2024-02-17 14:00:00,0.974395,46.16975828499999,46.16975828499999
2024,2,17,15,333.25,30.16,71.02,3.09,2024-02-17 15:00:00,0.97678,32.5511935,32.5511935
2024,2,17,16,173.57,29.11,76.51,2.83,2024-02-17 16:00:00,0.981505,17.035982285,17.035982285
2024,2,17,17,44.03,27.68,85.1,2.3,2024-02-17 17:00:00,0.98794,4.34989982,4.34989982
2024,2,17,18,0.0,26.52,91.95,1.88,2024-02-17 18:00:00,0.99316,0.0,0.0
2024,2,17,19,0.0,26.12,92.89,1.91,2024-02-17 19:00:00,0.99496,0.0,0.0
2024,2,17,20,0.0,25.81,93.46,1.97,2024-02-17 20:00:00,0.996355,0.0,0.0
2024,2,17,21,0.0,25.59,93.82,2.0,2024-02-17 21:00:00,0.997345,0.0,0.0
2024,2,17,22,0.0,25.38,94.05,1.99,2024-02-17 22:00:00,0.99829,0.0,0.0
2024,2,17,23,0.0,25.18,94.31,1.99,2024-02-17 23:00:00,0.99919,0.0,0.0
2024,2,18,0,0.0,24.97,94.56,2.05,2024-02-18 00:00:00,1.000135,0.0,0.0
2024,2,18,1,0.0,24.79,94.7,2.11,2024-02-18 01:00:00,1.000945,0.0,0.0
2024,2,18,2,0.0,24.62,94.84,2.16,2024-02-18 02:00:00,1.00171,0.0,0.0
2024,2,18,3,0.0,24.47,94.93,2.18,2024-02-18 03:00:00,1.002385,0.0,0.0
2024,2,18,4,0.0,24.3,95.11,2.13,2024-02-18 04:00:00,1.00315,0.0,0.0
2024,2,18,5,0.0,24.27,95.12,1.99,2024-02-18 05:00:00,1.003285,0.0,0.0
2024,2,18,6,86.38,25.86,90.49,2.18,2024-02-18 06:00:00,0.99613,8.60457094,8.60457094
2024,2,18,7,304.3,26.88,84.0,2.59,2024-02-18 07:00:00,0.99154,30.172562199999998,30.172562199999998
2024,2,18,8,547.7,27.94,78.76,2.55,2024-02-18 08:00:00,0.98677,54.04539290000001,54.04539290000001
2024,2,18,9,721.15,28.91,74.73,2.26,2024-02-18 09:00:00,0.982405,70.84613657499999,70.84613657499999
2024,2,18,10,797.28,29.68,71.48,1.98,2024-02-18 10:00:00,0.97894,78.04892832,78.04892832
2024,2,18,11,882.42,30.02,69.66,1.85,2024-02-18 11:00:00,0.97741,86.24861322000001,86.24861322000001
2024,2,18,12,833.25,30.18,68.43,1.76,2024-02-18 12:00:00,0.9766900000000001,81.38269425000001,81.38269425000001
2024,2,18,13,698.72,30.08,68.21,1.64,2024-02-18 13:00:00,0.97714,68.27472608,68.27472608
2024,2,18,14,468.3,29.66,69.22,1.53,2024-02-18 14:00:00,0.97903,45.8479749,45.8479749
2024,2,18,15,320.05,29.03,71.98,1.32,2024-02-18 15:00:00,0.981865,31.424589325000003,31.424589325000003
2024,2,18,16,108.2,28.41,76.84,1.3,2024-02-18 16:00:00,0.984655,10.6539671,10.6539671
2024,2,18,17,26.2,27.36,82.39,1.49,2024-02-18 17:00:00,0.98938,2.5921755999999996,2.5921755999999996
2024,2,18,18,0.0,26.31,90.81,1.42,2024-02-18 18:00:00,0.994105,0.0,0.0
2024,2,18,19,0.0,25.88,92.04,1.49,2024-02-18 19:00:00,0.99604,0.0,0.0
2024,2,18,20,0.0,25.55,92.8,1.58,2024-02-18 20:00:00,0.997525,0.0,0.0
2024,2,18,21,0.0,25.29,93.35,1.61,2024-02-18 21:00:00,0.998695,0.0,0.0
2024,2,18,22,0.0,25.13,93.2,1.49,2024-02-18 22:00:00,0.999415,0.0,0.0
2024,2,18,23,0.0,25.07,92.37,1.28,2024-02-18 23:00:00,0.999685,0.0,0.0
2024,2,19,0,0.0,25.0,91.85,1.12,2024-02-19 00:00:00,1.0,0.0,0.0
2024,2,19,1,0.0,24.88,91.78,1.09,2024-02-19 01:00:00,1.00054,0.0,0.0
2024,2,19,2,0.0,24.68,92.5,1.16,2024-02-19 02:00:00,1.00144,0.0,0.0
2024,2,19,3,0.0,24.4,93.75,1.37,2024-02-19 03:00:00,1.0027,0.0,0.0
2024,2,19,4,0.0,24.21,94.7,1.49,2024-02-19 04:00:00,1.003555,0.0,0.0
2024,2,19,5,0.0,24.24,94.85,1.47,2024-02-19 05:00:00,1.00342,0.0,0.0
2024,2,19,6,82.53,25.68,91.34,1.51,2024-02-19 06:00:00,0.99694,8.22774582,8.22774582
2024,2,19,7,281.67,27.11,83.67,1.79,2024-02-19 07:00:00,0.990505,27.899554335,27.899554335
2024,2,19,8,498.12,28.26,78.1,1.48,2024-02-19 08:00:00,0.98533,49.08125796,49.08125796
2024,2,19,9,660.08,29.08,74.15,1.06,2024-02-19 09:00:00,0.98164,64.79609312,64.79609312
2024,2,19,10,696.58,29.91,70.72,0.83,2024-02-19 10:00:00,0.977905,68.11890649000001,68.11890649000001
2024,2,19,11,729.05,30.39,68.49,0.91,2024-02-19 11:00:00,0.975745,71.136689225,71.136689225
2024,2,19,12,711.45,30.52,68.59,1.36,2024-02-19 12:00:00,0.97516,69.3777582,69.3777582
2024,2,19,13,548.2,30.03,71.22,1.89,2024-02-19 13:00:00,0.977365,53.579149300000005,53.579149300000005
2024,2,19,14,383.12,29.41,74.43,2.17,2024-02-19 14:00:00,0.980155,37.55169836,37.55169836
2024,2,19,15,99.7,28.68,78.07,2.17,2024-02-19 15:00:00,0.98344,9.804896799999998,9.804896799999998
2024,2,19,16,61.2,27.87,82.28,1.92,2024-02-19 16:00:00,0.987085,6.0409602,6.0409602
2024,2,19,17,19.67,27.0,87.93,1.33,2024-02-19 17:00:00,0.991,1.949297,1.949297
2024,2,19,18,0.0,26.43,93.32,0.77,2024-02-19 18:00:00,0.993565,0.0,0.0
2024,2,19,19,0.0,26.29,91.89,0.48,2024-02-19 19:00:00,0.994195,0.0,0.0
2024,2,19,20,0.0,26.14,91.28,0.17,2024-02-19 20:00:00,0.99487,0.0,0.0
2024,2,19,21,0.0,25.91,92.27,0.33,2024-02-19 21:00:00,0.995905,0.0,0.0
2024,2,19,22,0.0,25.59,94.07,0.55,2024-02-19 22:00:00,0.997345,0.0,0.0
2024,2,19,23,0.0,25.32,94.78,0.68,2024-02-19 23:00:00,0.99856,0.0,0.0
2024,2,20,0,0.0,25.12,94.73,0.72,2024-02-20 00:00:00,0.99946,0.0,0.0
2024,2,20,1,0.0,24.96,95.04,0.73,2024-02-20 01:00:00,1.00018,0.0,0.0
2024,2,20,2,0.0,24.81,95.11,0.87,2024-02-20 02:00:00,1.000855,0.0,0.0
2024,2,20,3,0.0,24.6,95.77,1.14,2024-02-20 03:00:00,1.0018,0.0,0.0
2024,2,20,4,0.0,24.48,96.2,1.27,2024-02-20 04:00:00,1.00234,0.0,0.0
2024,2,20,5,0.0,24.52,96.08,1.23,2024-02-20 05:00:00,1.00216,0.0,0.0
2024,2,20,6,87.5,25.67,92.83,1.33,2024-02-20 06:00:00,0.996985,8.72361875,8.72361875
2024,2,20,7,304.48,26.84,87.65,1.36,2024-02-20 07:00:00,0.99172,30.195890560000006,30.195890560000006
2024,2,20,8,544.38,28.18,81.68,1.2,2024-02-20 08:00:00,0.98569,53.658992219999995,53.658992219999995
2024,2,20,9,709.12,29.05,77.42,1.39,2024-02-20 09:00:00,0.981775,69.61962879999999,69.61962879999999
2024,2,20,10,831.22,29.37,75.7,1.93,2024-02-20 10:00:00,0.980335,81.48740587,81.48740587
2024,2,20,11,868.78,29.46,75.66,2.39,2024-02-20 11:00:00,0.97993,85.13435854,85.13435854
2024,2,20,12,791.72,29.46,75.81,2.48,2024-02-20 12:00:00,0.97993,77.58301795999999,77.58301795999999
2024,2,20,13,644.72,29.53,75.52,2.3,2024-02-20 13:00:00,0.979615,63.15773828000001,63.15773828000001
2024,2,20,14,441.12,29.49,75.47,2.08,2024-02-20 14:00:00,0.979795,43.220717040000004,43.220717040000004
2024,2,20,15,149.73,29.18,76.78,1.91,2024-02-20 15:00:00,0.98119,14.691357870000001,14.691357870000001
2024,2,20,16,97.53,28.64,80.48,1.6,2024-02-20 16:00:00,0.98362,9.593245860000001,9.593245860000001
2024,2,20,17,18.15,27.73,86.28,1.31,2024-02-20 17:00:00,0.987715,1.792702725,1.792702725
2024,2,20,18,0.0,26.72,91.44,1.32,2024-02-20 18:00:00,0.99226,0.0,0.0
2024,2,20,19,0.0,26.28,92.37,1.42,2024-02-20 19:00:00,0.99424,0.0,0.0
2024,2,20,20,0.0,25.93,93.2,1.48,2024-02-20 20:00:00,0.995815,0.0,0.0
2024,2,20,21,0.0,25.65,93.8,1.5,2024-02-20 21:00:00,0.997075,0.0,0.0
2024,2,20,22,0.0,25.44,94.35,1.49,2024-02-20 22:00:00,0.99802,0.0,0.0
2024,2,20,23,0.0,25.32,94.93,1.48,2024-02-20 23:00:00,0.99856,0.0,0.0
2024,2,21,0,0.0,25.21,95.37,1.51,2024-02-21 00:00:00,0.999055,0.0,0.0
2024,2,21,1,0.0,25.08,95.74,1.65,2024-02-21 01:00:00,0.99964,0.0,0.0
2024,2,21,2,0.0,24.92,95.94,1.88,2024-02-21 02:00:00,1.00036,0.0,0.0
2024,2,21,3,0.0,24.79,96.05,1.91,2024-02-21 03:00:00,1.000945,0.0,0.0
2024,2,21,4,0.0,24.76,95.94,1.77,2024-02-21 04:00:00,1.00108,0.0,0.0
2024,2,21,5,0.0,24.81,95.7,1.66,2024-02-21 05:00:00,1.000855,0.0,0.0
2024,2,21,6,85.88,26.23,91.15,1.51,2024-02-21 06:00:00,0.994465,8.54046542,8.54046542
2024,2,21,7,278.9,27.37,83.63,1.84,2024-02-21 07:00:00,0.989335,27.592553149999997,27.592553149999997
2024,2,21,8,499.77,28.39,79.04,1.82,2024-02-21 08:00:00,0.984745,49.214600864999994,49.214600864999994
2024,2,21,9,657.6,29.38,75.12,1.84,2024-02-21 09:00:00,0.98029,64.4638704,64.4638704
2024,2,21,10,787.53,30.37,71.55,2.08,2024-02-21 10:00:00,0.975835,76.849933755,76.849933755
2024,2,21,11,877.97,31.07,68.96,2.14,2024-02-21 11:00:00,0.972685,85.398824945,85.398824945
2024,2,21,12,846.88,31.17,67.93,2.17,2024-02-21 12:00:00,0.972235,82.33663768,82.33663768
2024,2,21,13,736.6,31.35,67.06,2.25,2024-02-21 13:00:00,0.971425,71.5551655,71.5551655
2024,2,21,14,520.25,31.32,66.63,2.31,2024-02-21 14:00:00,0.97156,50.545409,50.545409
2024,2,21,15,383.15,30.87,67.81,2.35,2024-02-21 15:00:00,0.973585,37.302909275,37.302909275
2024,2,21,16,194.35,30.04,72.66,2.21,2024-02-21 16:00:00,0.97732,18.9942142,18.9942142
2024,2,21,17,43.6,28.64,81.48,1.96,2024-02-21 17:00:00,0.98362,4.288583200000001,4.288583200000001
2024,2,21,18,0.0,27.28,89.41,1.75,2024-02-21 18:00:00,0.98974,0.0,0.0
2024,2,21,19,0.0,26.79,90.87,1.77,2024-02-21 19:00:00,0.991945,0.0,0.0
2024,2,21,20,0.0,26.35,92.07,1.8,2024-02-21 20:00:00,0.993925,0.0,0.0
2024,2,21,21,0.0,25.97,92.94,1.85,2024-02-21 21:00:00,0.995635,0.0,0.0
2024,2,21,22,0.0,25.66,93.61,1.87,2024-02-21 22:00:00,0.99703,0.0,0.0
2024,2,21,23,0.0,25.35,94.19,1.87,2024-02-21 23:00:00,0.998425,0.0,0.0
2024,2,22,0,0.0,25.04,94.88,1.86,2024-02-22 00:00:00,0.99982,0.0,0.0
2024,2,22,1,0.0,24.8,95.25,1.78,2024-02-22 01:00:00,1.0009,0.0,0.0
2024,2,22,2,0.0,24.58,95.52,1.68,2024-02-22 02:00:00,1.00189,0.0,0.0
2024,2,22,3,0.0,24.52,95.45,1.55,2024-02-22 03:00:00,1.00216,0.0,0.0
2024,2,22,4,0.0,24.39,95.55,1.54,2024-02-22 04:00:00,1.002745,0.0,0.0
2024,2,22,5,0.0,24.25,96.12,1.6,2024-02-22 05:00:00,1.003375,0.0,0.0
2024,2,22,6,82.32,25.54,91.79,2.17,2024-02-22 06:00:00,0.99757,8.21199624,8.21199624
2024,2,22,7,290.45,26.97,83.7,2.62,2024-02-22 07:00:00,0.991135,28.787516075,28.787516075
2024,2,22,8,521.22,28.28,77.86,2.8,2024-02-22 08:00:00,0.98524,51.35267928,51.35267928
2024,2,22,9,714.12,29.42,73.07,2.99,2024-02-22 09:00:00,0.98011,69.99161532,69.99161532
2024,2,22,10,810.55,30.46,68.43,3.14,2024-02-22 10:00:00,0.97543,79.06347865,79.06347865
2024,2,22,11,867.15,31.29,64.59,3.32,2024-02-22 11:00:00,0.971695,84.260531925,84.260531925
2024,2,22,12,847.3,31.76,62.13,3.56,2024-02-22 12:00:00,0.96958,82.15251339999999,82.15251339999999
2024,2,22,13,844.05,31.85,61.22,3.72,2024-02-22 13:00:00,0.969175,81.803215875,81.803215875
2024,2,22,14,585.1,31.55,61.75,3.77,2024-02-22 14:00:00,0.970525,56.78541775,56.78541775
2024,2,22,15,432.12,30.89,64.05,3.65,2024-02-22 15:00:00,0.973495,42.06666594,42.06666594
2024,2,22,16,224.73,29.82,69.53,3.25,2024-02-22 16:00:00,0.97831,21.98556063,21.98556063
2024,2,22,17,49.78,28.01,80.86,2.57,2024-02-22 17:00:00,0.986455,4.9105729899999995,4.9105729899999995
2024,2,22,18,0.0,26.54,89.63,2.09,2024-02-22 18:00:00,0.99307,0.0,0.0
2024,2,22,19,0.0,26.1,91.41,1.97,2024-02-22 19:00:00,0.99505,0.0,0.0
2024,2,22,20,0.0,25.78,92.55,1.86,2024-02-22 20:00:00,0.99649,0.0,0.0
2024,2,22,21,0.0,25.51,93.32,1.79,2024-02-22 21:00:00,0.997705,0.0,0.0
2024,2,22,22,0.0,25.3,94.08,1.7,2024-02-22 22:00:00,0.99865,0.0,0.0
2024,2,22,23,0.0,25.07,95.01,1.73,2024-02-22 23:00:00,0.999685,0.0,0.0
2024,2,23,0,0.0,24.85,95.88,1.79,2024-02-23 00:00:00,1.000675,0.0,0.0
2024,2,23,1,0.0,24.72,96.44,1.79,2024-02-23 01:00:00,1.00126,0.0,0.0
2024,2,23,2,0.0,24.68,96.61,1.76,2024-02-23 02:00:00,1.00144,0.0,0.0
2024,2,23,3,0.0,24.6,96.66,1.73,2024-02-23 03:00:00,1.0018,0.0,0.0
2024,2,23,4,0.0,24.5,96.74,1.7,2024-02-23 04:00:00,1.00225,0.0,0.0
2024,2,23,5,0.0,24.46,96.78,1.68,2024-02-23 05:00:00,1.00243,0.0,0.0
2024,2,23,6,50.38,25.36,93.74,2.15,2024-02-23 06:00:00,0.99838,5.029838440000001,5.029838440000001
2024,2,23,7,175.57,26.39,89.01,2.45,2024-02-23 07:00:00,0.993745,17.447180965,17.447180965
2024,2,23,8,322.4,27.77,82.52,2.81,2024-02-23 08:00:00,0.987535,31.838128399999995,31.838128399999995
2024,2,23,9,500.7,28.84,77.68,2.85,2024-02-23 09:00:00,0.98272,49.2047904,49.2047904
2024,2,23,10,652.0,29.32,75.03,2.89,2024-02-23 10:00:00,0.98056,63.932512,63.932512
2024,2,23,11,685.9,29.35,74.04,3.0,2024-02-23 11:00:00,0.980425,67.24735075,67.24735075
2024,2,23,12,603.78,29.32,73.71,3.02,2024-02-23 12:00:00,0.98056,59.20425168,59.20425168
2024,2,23,13,573.4,29.11,74.59,2.96,2024-02-23 13:00:00,0.981505,56.2794967,56.2794967
2024,2,23,14,506.62,28.79,76.51,2.77,2024-02-23 14:00:00,0.982945,49.79795959,49.79795959
2024,2,23,15,359.75,28.4,79.07,2.55,2024-02-23 15:00:00,0.9847,35.4245825,35.4245825
2024,2,23,16,182.62,27.85,83.32,2.04,2024-02-23 16:00:00,0.987175,18.02778985,18.02778985
2024,2,23,17,41.85,27.01,89.65,1.67,2024-02-23 17:00:00,0.990955,4.147146675,4.147146675
2024,2,23,18,0.0,26.36,93.08,1.54,2024-02-23 18:00:00,0.99388,0.0,0.0
2024,2,23,19,0.0,26.11,93.8,1.51,2024-02-23 19:00:00,0.995005,0.0,0.0
2024,2,23,20,0.0,25.87,94.35,1.51,2024-02-23 20:00:00,0.996085,0.0,0.0
2024,2,23,21,0.0,25.68,94.92,1.5,2024-02-23 21:00:00,0.99694,0.0,0.0
2024,2,23,22,0.0,25.52,95.32,1.41,2024-02-23 22:00:00,0.99766,0.0,0.0
2024,2,23,23,0.0,25.36,95.6,1.3,2024-02-23 23:00:00,0.99838,0.0,0.0
2024,2,24,0,0.0,25.19,95.85,1.24,2024-02-24 00:00:00,0.999145,0.0,0.0
2024,2,24,1,0.0,24.99,96.26,1.32,2024-02-24 01:00:00,1.000045,0.0,0.0
2024,2,24,2,0.0,24.81,96.77,1.49,2024-02-24 02:00:00,1.000855,0.0,0.0
2024,2,24,3,0.0,24.66,97.4,1.69,2024-02-24 03:00:00,1.00153,0.0,0.0
2024,2,24,4,0.0,24.59,97.94,1.91,2024-02-24 04:00:00,1.001845,0.0,0.0
2024,2,24,5,0.0,24.67,97.72,2.12,2024-02-24 05:00:00,1.001485,0.0,0.0
2024,2,24,6,78.45,25.55,94.48,3.16,2024-02-24 06:00:00,0.997525,7.825583625000001,7.825583625000001
2024,2,24,7,273.67,26.25,89.65,3.55,2024-02-24 07:00:00,0.994375,27.213060625,27.213060625
2024,2,24,8,487.1,27.08,83.33,3.2,2024-02-24 08:00:00,0.99064,48.2540744,48.2540744
2024,2,24,9,648.22,28.34,77.73,3.08,2024-02-24 09:00:00,0.98497,63.847725340000004,63.847725340000004
2024,2,24,10,741.33,29.53,74.28,3.36,2024-02-24 10:00:00,0.979615,72.621798795,72.621798795
2024,2,24,11,684.75,30.22,72.6,3.48,2024-02-24 11:00:00,0.97651,66.86652224999999,66.86652224999999
2024,2,24,12,534.7,30.49,71.76,3.55,2024-02-24 12:00:00,0.975295,52.149023650000004,52.149023650000004
2024,2,24,13,461.23,30.53,71.38,3.66,2024-02-24 13:00:00,0.975115,44.975229145,44.975229145
2024,2,24,14,136.45,30.1,73.08,3.52,2024-02-24 14:00:00,0.97705,13.33184725,13.33184725
2024,2,24,15,90.82,29.38,76.46,3.15,2024-02-24 15:00:00,0.98029,8.90299378,8.90299378
2024,2,24,16,80.45,28.57,81.06,2.38,2024-02-24 16:00:00,0.983935,7.915757075,7.915757075
2024,2,24,17,23.73,27.5,87.62,1.75,2024-02-24 17:00:00,0.98875,2.34630375,2.34630375
2024,2,24,18,0.0,26.66,91.54,1.41,2024-02-24 18:00:00,0.99253,0.0,0.0
2024,2,24,19,0.0,26.26,92.7,1.34,2024-02-24 19:00:00,0.99433,0.0,0.0
2024,2,24,20,0.0,25.96,93.48,1.35,2024-02-24 20:00:00,0.99568,0.0,0.0
2024,2,24,21,0.0,25.67,94.05,1.39,2024-02-24 21:00:00,0.996985,0.0,0.0
2024,2,24,22,0.0,25.43,94.43,1.36,2024-02-24 22:00:00,0.998065,0.0,0.0
2024,2,24,23,0.0,25.27,94.99,1.3,2024-02-24 23:00:00,0.998785,0.0,0.0
2024,2,25,0,0.0,25.12,95.26,1.26,2024-02-25 00:00:00,0.99946,0.0,0.0
2024,2,25,1,0.0,24.93,95.8,1.25,2024-02-25 01:00:00,1.000315,0.0,0.0
2024,2,25,2,0.0,24.77,96.39,1.29,2024-02-25 02:00:00,1.001035,0.0,0.0
2024,2,25,3,0.0,24.65,96.72,1.45,2024-02-25 03:00:00,1.001575,0.0,0.0
2024,2,25,4,0.0,24.58,97.22,1.59,2024-02-25 04:00:00,1.00189,0.0,0.0
2024,2,25,5,0.0,24.57,97.41,1.62,2024-02-25 05:00:00,1.001935,0.0,0.0
2024,2,25,6,76.15,25.48,95.27,1.87,2024-02-25 06:00:00,0.99784,7.5985516,7.5985516
2024,2,25,7,262.75,26.31,92.03,2.18,2024-02-25 07:00:00,0.994105,26.120108875,26.120108875
2024,2,25,8,478.4,27.17,87.94,2.46,2024-02-25 08:00:00,0.990235,47.372842399999996,47.372842399999996
2024,2,25,9,635.53,27.97,83.89,2.88,2024-02-25 09:00:00,0.986635,62.70361415499999,62.70361415499999
2024,2,25,10,708.85,28.43,81.52,2.95,2024-02-25 10:00:00,0.984565,69.790890025,69.790890025
2024,2,25,11,739.7,28.84,79.38,2.52,2024-02-25 11:00:00,0.98272,72.6917984,72.6917984
2024,2,25,12,701.85,28.88,78.71,2.25,2024-02-25 12:00:00,0.98254,68.9595699,68.9595699
2024,2,25,13,487.85,28.65,79.66,2.39,2024-02-25 13:00:00,0.983575,47.983706375000004,47.983706375000004
2024,2,25,14,93.6,28.2,82.45,2.51,2024-02-25 14:00:00,0.9856,9.225216,9.225216
2024,2,25,15,41.78,27.66,85.93,2.37,2024-02-25 15:00:00,0.98803,4.12798934,4.12798934
2024,2,25,16,25.92,26.96,89.78,2.29,2024-02-25 16:00:00,0.99118,2.56913856,2.56913856
2024,2,25,17,7.65,26.06,94.07,2.21,2024-02-25 17:00:00,0.9952300000000001,0.7613509500000001,0.7613509500000001
2024,2,25,18,0.0,25.51,95.92,2.51,2024-02-25 18:00:00,0.997705,0.0,0.0
2024,2,25,19,0.0,25.22,96.35,2.75,2024-02-25 19:00:00,0.99901,0.0,0.0
2024,2,25,20,0.0,24.95,96.55,2.79,2024-02-25 20:00:00,1.000225,0.0,0.0
2024,2,25,21,0.0,24.68,96.5,2.84,2024-02-25 21:00:00,1.00144,0.0,0.0
2024,2,25,22,0.0,24.46,96.54,2.97,2024-02-25 22:00:00,1.00243,0.0,0.0
2024,2,25,23,0.0,24.36,96.38,3.3,2024-02-25 23:00:00,1.00288,0.0,0.0
2024,2,26,0,0.0,24.31,96.37,3.52,2024-02-26 00:00:00,1.003105,0.0,0.0
2024,2,26,1,0.0,24.23,96.57,3.34,2024-02-26 01:00:00,1.003465,0.0,0.0
2024,2,26,2,0.0,24.14,96.76,3.09,2024-02-26 02:00:00,1.00387,0.0,0.0
2024,2,26,3,0.0,24.12,96.85,2.85,2024-02-26 03:00:00,1.00396,0.0,0.0
2024,2,26,4,0.0,23.95,97.42,2.38,2024-02-26 04:00:00,1.004725,0.0,0.0
2024,2,26,5,0.0,23.79,97.9,2.09,2024-02-26 05:00:00,1.005445,0.0,0.0
2024,2,26,6,76.57,25.0,94.61,2.42,2024-02-26 06:00:00,1.0,7.657,7.657
2024,2,26,7,259.65,26.19,89.68,2.71,2024-02-26 07:00:00,0.994645,25.825957425,25.825957425
2024,2,26,8,489.83,27.47,82.31,2.97,2024-02-26 08:00:00,0.988885,48.438553954999996,48.438553954999996
2024,2,26,9,716.2,28.74,75.01,3.2,2024-02-26 09:00:00,0.98317,70.41463540000001,70.41463540000001
2024,2,26,10,819.6,29.87,69.46,3.27,2024-02-26 10:00:00,0.978085,80.1638466,80.1638466
2024,2,26,11,909.97,30.72,65.71,3.24,2024-02-26 11:00:00,0.97426,88.65473722,88.65473722
2024,2,26,12,848.08,31.23,63.91,3.06,2024-02-26 12:00:00,0.971965,82.43040772,82.43040772
2024,2,26,13,705.05,31.34,63.46,2.72,2024-02-26 13:00:00,0.9714700000000001,68.49349235,68.49349235
2024,2,26,14,430.6,30.96,64.79,2.32,2024-02-26 14:00:00,0.97318,41.9051308,41.9051308
2024,2,26,15,151.77,30.34,67.55,1.95,2024-02-26 15:00:00,0.97597,14.812296690000002,14.812296690000002
2024,2,26,16,93.53,29.37,73.57,1.53,2024-02-26 16:00:00,0.980335,9.169073254999999,9.169073254999999
2024,2,26,17,30.98,28.03,81.36,1.29,2024-02-26 17:00:00,0.986365,3.05575877,3.05575877
2024,2,26,18,0.0,26.94,90.46,1.05,2024-02-26 18:00:00,0.99127,0.0,0.0
2024,2,26,19,0.0,26.65,90.61,0.92,2024-02-26 19:00:00,0.992575,0.0,0.0
2024,2,26,20,0.0,26.54,89.27,0.76,2024-02-26 20:00:00,0.99307,0.0,0.0
2024,2,26,21,0.0,26.4,88.68,0.59,2024-02-26 21:00:00,0.9937,0.0,0.0
2024,2,26,22,0.0,26.15,89.76,0.49,2024-02-26 22:00:00,0.994825,0.0,0.0
2024,2,26,23,0.0,25.92,90.53,0.49,2024-02-26 23:00:00,0.99586,0.0,0.0
2024,2,27,0,0.0,25.53,92.96,0.59,2024-02-27 00:00:00,0.997615,0.0,0.0
2024,2,27,1,0.0,25.24,94.37,0.68,2024-02-27 01:00:00,0.99892,0.0,0.0
2024,2,27,2,0.0,25.06,95.01,0.7,2024-02-27 02:00:00,0.99973,0.0,0.0
2024,2,27,3,0.0,24.95,94.98,0.67,2024-02-27 03:00:00,1.000225,0.0,0.0
2024,2,27,4,0.0,24.94,94.46,0.64,2024-02-27 04:00:00,1.00027,0.0,0.0
2024,2,27,5,0.0,25.03,93.74,0.49,2024-02-27 05:00:00,0.999865,0.0,0.0
2024,2,27,6,79.07,25.64,92.65,0.33,2024-02-27 06:00:00,0.99712,7.884227839999999,7.884227839999999
2024,2,27,7,277.4,26.64,87.89,0.52,2024-02-27 07:00:00,0.99262,27.535278799999997,27.535278799999997
2024,2,27,8,491.15,28.08,77.79,0.69,2024-02-27 08:00:00,0.98614,48.434266099999995,48.434266099999995
2024,2,27,9,723.35,28.97,73.55,0.85,2024-02-27 09:00:00,0.982135,71.042735225,71.042735225
2024,2,27,10,814.05,29.46,72.04,0.79,2024-02-27 10:00:00,0.97993,79.77120165,79.77120165
2024,2,27,11,781.75,29.65,71.35,0.55,2024-02-27 11:00:00,0.979075,76.539188125,76.539188125
2024,2,27,12,736.2,29.7,71.09,0.19,2024-02-27 12:00:00,0.97885,72.062937,72.062937
2024,2,27,13,561.25,29.65,71.22,0.4,2024-02-27 13:00:00,0.979075,54.950584375,54.950584375
2024,2,27,14,258.42,29.41,72.45,0.92,2024-02-27 14:00:00,0.980155,25.329165510000003,25.329165510000003
2024,2,27,15,168.4,29.01,74.87,1.24,2024-02-27 15:00:00,0.981955,16.5361222,16.5361222
2024,2,27,16,93.75,28.42,79.89,1.22,2024-02-27 16:00:00,0.98461,9.23071875,9.23071875
2024,2,27,17,20.75,27.53,85.73,1.15,2024-02-27 17:00:00,0.988615,2.0513761250000004,2.0513761250000004
2024,2,27,18,0.0,26.8,91.29,1.08,2024-02-27 18:00:00,0.9919,0.0,0.0
2024,2,27,19,0.0,26.5,91.92,1.0,2024-02-27 19:00:00,0.99325,0.0,0.0
2024,2,27,20,0.0,26.26,92.09,0.94,2024-02-27 20:00:00,0.99433,0.0,0.0
2024,2,27,21,0.0,26.07,92.19,0.91,2024-02-27 21:00:00,0.995185,0.0,0.0
2024,2,27,22,0.0,25.8,92.96,1.0,2024-02-27 22:00:00,0.9964,0.0,0.0
2024,2,27,23,0.0,25.52,93.7,1.17,2024-02-27 23:00:00,0.99766,0.0,0.0
2024,2,28,0,0.0,25.29,94.14,1.36,2024-02-28 00:00:00,0.998695,0.0,0.0
2024,2,28,1,0.0,25.12,94.47,1.5,2024-02-28 01:00:00,0.99946,0.0,0.0
2024,2,28,2,0.0,24.98,94.63,1.62,2024-02-28 02:00:00,1.00009,0.0,0.0
2024,2,28,3,0.0,24.93,94.65,1.71,2024-02-28 03:00:00,1.000315,0.0,0.0
2024,2,28,4,0.0,24.81,94.71,1.76,2024-02-28 04:00:00,1.000855,0.0,0.0
2024,2,28,5,0.0,24.77,94.58,1.71,2024-02-28 05:00:00,1.001035,0.0,0.0
2024,2,28,6,85.22,25.4,93.84,1.42,2024-02-28 06:00:00,0.9982,8.5066604,8.5066604
2024,2,28,7,296.15,26.24,89.36,1.7,2024-02-28 07:00:00,0.99442,29.449748299999996,29.449748299999996
2024,2,28,8,520.83,26.89,84.47,1.84,2024-02-28 08:00:00,0.991495,51.640034084999996,51.640034084999996
2024,2,28,9,570.65,27.23,81.8,1.79,2024-02-28 09:00:00,0.989965,56.492352724999996,56.492352724999996
2024,2,28,10,618.35,27.69,79.92,1.69,2024-02-28 10:00:00,0.987895,61.08648732500001,61.08648732500001
2024,2,28,11,602.88,28.1,78.19,1.86,2024-02-28 11:00:00,0.98605,59.446982399999996,59.446982399999996
2024,2,28,12,519.4,28.26,77.86,2.19,2024-02-28 12:00:00,0.98533,51.1780402,51.1780402
2024,2,28,13,389.98,28.05,79.07,2.35,2024-02-28 13:00:00,0.986275,38.462752449999996,38.462752449999996
2024,2,28,14,167.95,27.72,80.92,2.28,2024-02-28 14:00:00,0.98776,16.589429199999998,16.589429199999998
2024,2,28,15,110.88,27.26,83.51,1.99,2024-02-28 15:00:00,0.98983,10.97523504,10.97523504
2024,2,28,16,62.58,26.67,88.04,1.3,2024-02-28 16:00:00,0.992485,6.21097113,6.21097113
2024,2,28,17,15.3,26.07,92.39,0.76,2024-02-28 17:00:00,0.995185,1.52263305,1.52263305
2024,2,28,18,0.0,25.71,94.6,0.52,2024-02-28 18:00:00,0.9968049999999999,0.0,0.0
2024,2,28,19,0.0,25.59,94.71,0.53,2024-02-28 19:00:00,0.997345,0.0,0.0
2024,2,28,20,0.0,25.48,94.67,0.55,2024-02-28 20:00:00,0.99784,0.0,0.0
2024,2,28,21,0.0,25.38,94.75,0.55,2024-02-28 21:00:00,0.99829,0.0,0.0
2024,2,28,22,0.0,25.29,94.88,0.52,2024-02-28 22:00:00,0.998695,0.0,0.0
2024,2,28,23,0.0,25.23,94.79,0.45,2024-02-28 23:00:00,0.998965,0.0,0.0
2024,2,29,0,0.0,25.15,94.83,0.5,2024-02-29 00:00:00,0.999325,0.0,0.0
2024,2,29,1,0.0,25.06,95.47,0.62,2024-02-29 01:00:00,0.99973,0.0,0.0
2024,2,29,2,0.0,24.97,95.8,0.76,2024-02-29 02:00:00,1.000135,0.0,0.0
2024,2,29,3,0.0,24.89,95.9,0.97,2024-02-29 03:00:00,1.000495,0.0,0.0
2024,2,29,4,0.0,24.89,95.51,1.02,2024-02-29 04:00:00,1.000495,0.0,0.0
2024,2,29,5,0.0,25.01,94.65,0.95,2024-02-29 05:00:00,0.999955,0.0,0.0
2024,2,29,6,83.25,25.61,93.56,0.78,2024-02-29 06:00:00,0.997255,8.302147875000001,8.302147875000001
2024,2,29,7,287.6,26.47,88.7,0.73,2024-02-29 07:00:00,0.993385,28.5697526,28.5697526
2024,2,29,8,501.95,27.16,85.36,0.42,2024-02-29 08:00:00,0.99028,49.7071046,49.7071046
2024,2,29,9,663.33,27.87,81.37,0.16,2024-02-29 09:00:00,0.987085,65.47630930500002,65.47630930500002
2024,2,29,10,721.42,28.32,78.63,0.38,2024-02-29 10:00:00,0.98506,71.06419852,71.06419852
2024,2,29,11,795.3,28.37,78.47,0.76,2024-02-29 11:00:00,0.984835,78.32392755000001,78.32392755000001
2024,2,29,12,745.95,28.42,78.82,0.95,2024-02-29 12:00:00,0.98461,73.44698294999999,73.44698294999999
2024,2,29,13,673.72,28.27,79.75,1.04,2024-02-29 13:00:00,0.985285,66.38062101999999,66.38062101999999
2024,2,29,14,501.4,28.0,81.27,1.14,2024-02-29 14:00:00,0.9865,49.46310999999999,49.46310999999999
2024,2,29,15,324.52,27.59,83.75,1.44,2024-02-29 15:00:00,0.988345,32.07377194,32.07377194
2024,2,29,16,166.23,27.11,86.96,1.57,2024-02-29 16:00:00,0.990505,16.465164614999996,16.465164614999996
2024,2,29,17,35.42,26.37,92.8,1.14,2024-02-29 17:00:00,0.993835,3.52016357,3.52016357
2024,2,29,18,0.0,25.91,95.53,0.81,2024-02-29 18:00:00,0.995905,0.0,0.0
2024,2,29,19,0.0,25.84,94.38,0.61,2024-02-29 19:00:00,0.99622,0.0,0.0
2024,2,29,20,0.0,25.87,93.24,0.32,2024-02-29 20:00:00,0.996085,0.0,0.0
2024,2,29,21,0.0,25.71,93.55,0.33,2024-02-29 21:00:00,0.9968049999999999,0.0,0.0
2024,2,29,22,0.0,25.49,94.13,0.48,2024-02-29 22:00:00,0.997795,0.0,0.0
2024,2,29,23,0.0,25.36,94.09,0.57,2024-02-29 23:00:00,0.99838,0.0,0.0
2024,3,1,0,0.0,25.03,94.97,0.8,2024-03-01 00:00:00,0.999865,0.0,0.0
2024,3,1,1,0.0,24.54,96.53,1.13,2024-03-01 01:00:00,1.00207,0.0,0.0
2024,3,1,2,0.0,24.19,97.48,1.35,2024-03-01 02:00:00,1.003645,0.0,0.0
2024,3,1,3,0.0,24.08,97.46,1.34,2024-03-01 03:00:00,1.00414,0.0,0.0
2024,3,1,4,0.0,24.34,95.66,0.95,2024-03-01 04:00:00,1.00297,0.0,0.0
2024,3,1,5,0.0,24.51,94.51,0.57,2024-03-01 05:00:00,1.002205,0.0,0.0
2024,3,1,6,62.58,25.38,92.58,0.48,2024-03-01 06:00:00,0.99829,6.24729882,6.24729882
2024,3,1,7,263.3,26.61,85.63,0.28,2024-03-01 07:00:00,0.992755,26.13923915,26.13923915
2024,3,1,8,476.77,27.98,76.86,0.29,2024-03-01 08:00:00,0.98659,47.03765143,47.03765143
2024,3,1,9,682.25,29.09,71.61,0.61,2024-03-01 09:00:00,0.981595,66.96931887500001,66.96931887500001
2024,3,1,10,691.85,29.9,69.05,0.96,2024-03-01 10:00:00,0.97795,67.65947075,67.65947075
2024,3,1,11,673.95,30.36,67.86,1.13,2024-03-01 11:00:00,0.97588,65.7694326,65.7694326
2024,3,1,12,433.4,30.35,68.15,1.28,2024-03-01 12:00:00,0.975925,42.296589499999996,42.296589499999996
2024,3,1,13,269.6,30.03,69.63,1.44,2024-03-01 13:00:00,0.977365,26.3497604,26.3497604
2024,3,1,14,104.82,29.58,71.99,1.64,2024-03-01 14:00:00,0.97939,10.265965979999999,10.265965979999999
2024,3,1,15,70.53,29.0,75.58,1.57,2024-03-01 15:00:00,0.982,6.9260459999999995,6.9260459999999995
2024,3,1,16,48.88,28.45,79.99,1.22,2024-03-01 16:00:00,0.984475,4.8121138,4.8121138
2024,3,1,17,15.38,27.63,84.85,0.92,2024-03-01 17:00:00,0.988165,1.51979777,1.51979777
2024,3,1,18,0.0,26.91,89.08,0.79,2024-03-01 18:00:00,0.991405,0.0,0.0
2024,3,1,19,0.0,26.56,90.05,0.8,2024-03-01 19:00:00,0.99298,0.0,0.0
2024,3,1,20,0.0,26.14,92.08,0.91,2024-03-01 20:00:00,0.99487,0.0,0.0
2024,3,1,21,0.0,25.71,93.9,1.16,2024-03-01 21:00:00,0.9968049999999999,0.0,0.0
2024,3,1,22,0.0,25.43,94.44,1.2,2024-03-01 22:00:00,0.998065,0.0,0.0
2024,3,1,23,0.0,25.25,94.77,1.07,2024-03-01 23:00:00,0.998875,0.0,0.0
2024,3,2,0,0.0,25.1,95.36,0.94,2024-03-02 00:00:00,0.9995499999999999,0.0,0.0
2024,3,2,1,0.0,24.99,95.19,0.91,2024-03-02 01:00:00,1.000045,0.0,0.0
2024,3,2,2,0.0,24.85,95.25,0.92,2024-03-02 02:00:00,1.000675,0.0,0.0
2024,3,2,3,0.0,24.8,94.5,0.8,2024-03-02 03:00:00,1.0009,0.0,0.0
2024,3,2,4,0.0,24.78,93.86,0.72,2024-03-02 04:00:00,1.00099,0.0,0.0
2024,3,2,5,0.0,24.62,94.46,0.86,2024-03-02 05:00:00,1.00171,0.0,0.0
2024,3,2,6,79.32,25.34,93.54,1.08,2024-03-02 06:00:00,0.99847,7.919864039999998,7.919864039999998
2024,3,2,7,271.33,26.87,85.95,1.1,2024-03-02 07:00:00,0.991585,26.904675804999997,26.904675804999997
2024,3,2,8,493.1,28.14,76.01,1.18,2024-03-02 08:00:00,0.98587,48.613249700000004,48.613249700000004
2024,3,2,9,644.28,28.96,72.56,1.32,2024-03-02 09:00:00,0.98218,63.27989304,63.27989304
2024,3,2,10,734.8,30.0,69.22,1.54,2024-03-02 10:00:00,0.9775,71.8267,71.8267
2024,3,2,11,765.3,30.58,67.71,1.84,2024-03-02 11:00:00,0.97489,74.60833170000001,74.60833170000001
2024,3,2,12,716.85,30.33,69.2,2.27,2024-03-02 12:00:00,0.976015,69.965635275,69.965635275
2024,3,2,13,568.05,29.79,73.14,2.66,2024-03-02 13:00:00,0.978445,55.58056822499999,55.58056822499999
2024,3,2,14,432.42,29.09,77.82,2.85,2024-03-02 14:00:00,0.981595,42.44613099000001,42.44613099000001
2024,3,2,15,83.97,28.36,82.61,2.89,2024-03-02 15:00:00,0.98488,8.27003736,8.27003736
2024,3,2,16,46.62,27.61,87.41,2.68,2024-03-02 16:00:00,0.988255,4.607244809999999,4.607244809999999
2024,3,2,17,12.25,26.76,92.41,2.02,2024-03-02 17:00:00,0.99208,1.215298,1.215298
2024,3,2,18,0.0,26.1,95.17,1.7,2024-03-02 18:00:00,0.99505,0.0,0.0
2024,3,2,19,0.0,25.74,95.96,1.53,2024-03-02 19:00:00,0.9966700000000001,0.0,0.0
2024,3,2,20,0.0,25.42,96.41,1.41,2024-03-02 20:00:00,0.9981099999999999,0.0,0.0
2024,3,2,21,0.0,25.17,96.59,1.41,2024-03-02 21:00:00,0.999235,0.0,0.0
2024,3,2,22,0.0,24.96,96.88,1.47,2024-03-02 22:00:00,1.00018,0.0,0.0
2024,3,2,23,0.0,24.79,96.96,1.51,2024-03-02 23:00:00,1.000945,0.0,0.0
2024,3,3,0,0.0,24.72,96.82,1.48,2024-03-03 00:00:00,1.00126,0.0,0.0
2024,3,3,1,0.0,24.61,96.82,1.45,2024-03-03 01:00:00,1.001755,0.0,0.0
2024,3,3,2,0.0,24.5,96.64,1.45,2024-03-03 02:00:00,1.00225,0.0,0.0
2024,3,3,3,0.0,24.41,96.36,1.43,2024-03-03 03:00:00,1.002655,0.0,0.0
2024,3,3,4,0.0,24.34,96.14,1.38,2024-03-03 04:00:00,1.00297,0.0,0.0
2024,3,3,5,0.0,24.31,95.91,1.29,2024-03-03 05:00:00,1.003105,0.0,0.0
2024,3,3,6,75.7,25.25,94.0,1.24,2024-03-03 06:00:00,0.998875,7.56148375,7.56148375
2024,3,3,7,259.58,26.31,87.43,1.48,2024-03-03 07:00:00,0.994105,25.80497759,25.80497759
2024,3,3,8,468.12,27.06,82.65,1.66,2024-03-03 08:00:00,0.99073,46.378052759999996,46.378052759999996
2024,3,3,9,625.62,27.9,78.72,1.92,2024-03-03 09:00:00,0.98695,61.745565899999995,61.745565899999995
2024,3,3,10,685.75,28.72,75.18,2.17,2024-03-03 10:00:00,0.98326,67.42705450000001,67.42705450000001
2024,3,3,11,679.1,29.3,73.15,2.24,2024-03-03 11:00:00,0.98065,66.5959415,66.5959415
2024,3,3,12,656.88,29.66,71.92,2.1,2024-03-03 12:00:00,0.97903,64.31052264,64.31052264
2024,3,3,13,619.28,29.66,72.15,1.86,2024-03-03 13:00:00,0.97903,60.629369839999995,60.629369839999995
2024,3,3,14,445.62,29.09,75.56,1.67,2024-03-03 14:00:00,0.981595,43.74183639,43.74183639
2024,3,3,15,180.38,28.07,81.88,1.32,2024-03-03 15:00:00,0.986185,17.788805029999995,17.788805029999995
2024,3,3,16,105.7,27.14,87.22,0.75,2024-03-03 16:00:00,0.99037,10.4682109,10.4682109
2024,3,3,17,26.27,26.42,91.52,1.04,2024-03-03 17:00:00,0.99361,2.6102134699999997,2.6102134699999997
2024,3,3,18,0.0,25.88,95.46,1.54,2024-03-03 18:00:00,0.99604,0.0,0.0
2024,3,3,19,0.0,25.52,96.42,1.84,2024-03-03 19:00:00,0.99766,0.0,0.0
2024,3,3,20,0.0,25.27,96.46,2.17,2024-03-03 20:00:00,0.998785,0.0,0.0
2024,3,3,21,0.0,24.99,96.19,2.55,2024-03-03 21:00:00,1.000045,0.0,0.0
2024,3,3,22,0.0,24.62,95.62,2.97,2024-03-03 22:00:00,1.00171,0.0,0.0
2024,3,3,23,0.0,24.1,96.09,2.41,2024-03-03 23:00:00,1.0040499999999999,0.0,0.0
2024,3,4,0,0.0,23.74,96.78,1.61,2024-03-04 00:00:00,1.00567,0.0,0.0
2024,3,4,1,0.0,23.53,96.63,1.29,2024-03-04 01:00:00,1.006615,0.0,0.0
2024,3,4,2,0.0,23.4,96.36,1.35,2024-03-04 02:00:00,1.0072,0.0,0.0
2024,3,4,3,0.0,23.32,96.2,1.41,2024-03-04 03:00:00,1.00756,0.0,0.0
2024,3,4,4,0.0,23.43,95.62,1.3,2024-03-04 04:00:00,1.007065,0.0,0.0
2024,3,4,5,0.0,23.59,95.25,1.18,2024-03-04 05:00:00,1.006345,0.0,0.0
2024,3,4,6,81.3,24.81,93.66,1.37,2024-03-04 06:00:00,1.000855,8.13695115,8.13695115
2024,3,4,7,282.77,26.23,87.84,2.06,2024-03-04 07:00:00,0.994465,28.120486805,28.120486805
2024,3,4,8,509.25,27.52,82.08,2.44,2024-03-04 08:00:00,0.98866,50.3475105,50.3475105
2024,3,4,9,574.6,28.7,76.93,2.65,2024-03-04 09:00:00,0.9833500000000001,56.503291000000004,56.503291000000004
2024,3,4,10,566.67,29.35,73.95,2.86,2024-03-04 10:00:00,0.980425,55.557743475,55.557743475
2024,3,4,11,553.4,29.66,72.39,3.03,2024-03-04 11:00:00,0.97903,54.1795202,54.1795202
2024,3,4,12,555.67,29.5,72.69,3.28,2024-03-04 12:00:00,0.97975,54.44176825,54.44176825
2024,3,4,13,507.92,29.03,74.21,3.45,2024-03-04 13:00:00,0.981865,49.87088708,49.87088708
2024,3,4,14,426.2,28.4,76.75,3.49,2024-03-04 14:00:00,0.9847,41.967914,41.967914
2024,3,4,15,190.18,27.66,80.47,3.32,2024-03-04 15:00:00,0.98803,18.79035454,18.79035454
2024,3,4,16,99.9,26.88,84.96,3.12,2024-03-04 16:00:00,0.99154,9.9054846,9.9054846
2024,3,4,17,19.15,25.89,91.32,2.31,2024-03-04 17:00:00,0.995995,1.9073304249999996,1.9073304249999996
2024,3,4,18,0.0,25.24,94.83,1.79,2024-03-04 18:00:00,0.99892,0.0,0.0
2024,3,4,19,0.0,25.03,95.69,1.64,2024-03-04 19:00:00,0.999865,0.0,0.0
2024,3,4,20,0.0,24.85,96.31,1.58,2024-03-04 20:00:00,1.000675,0.0,0.0
2024,3,4,21,0.0,24.68,96.77,1.57,2024-03-04 21:00:00,1.00144,0.0,0.0
2024,3,4,22,0.0,24.54,97.31,1.54,2024-03-04 22:00:00,1.00207,0.0,0.0
2024,3,4,23,0.0,24.45,97.77,1.57,2024-03-04 23:00:00,1.002475,0.0,0.0
2024,3,5,0,0.0,24.39,98.2,1.65,2024-03-05 00:00:00,1.002745,0.0,0.0
2024,3,5,1,0.0,24.42,98.28,1.71,2024-03-05 01:00:00,1.00261,0.0,0.0
2024,3,5,2,0.0,24.43,98.39,1.76,2024-03-05 02:00:00,1.002565,0.0,0.0
2024,3,5,3,0.0,24.37,98.65,1.82,2024-03-05 03:00:00,1.002835,0.0,0.0
2024,3,5,4,0.0,24.3,98.69,1.79,2024-03-05 04:00:00,1.00315,0.0,0.0
2024,3,5,5,0.0,24.24,98.31,1.77,2024-03-05 05:00:00,1.00342,0.0,0.0
2024,3,5,6,81.3,25.6,93.59,2.33,2024-03-05 06:00:00,0.9973,8.108049,8.108049
2024,3,5,7,280.85,26.56,88.96,2.73,2024-03-05 07:00:00,0.99298,27.887843300000004,27.887843300000004
2024,3,5,8,541.95,27.78,83.09,2.71,2024-03-05 08:00:00,0.98749,53.517020550000005,53.517020550000005
2024,3,5,9,700.67,28.88,78.04,2.7,2024-03-05 09:00:00,0.98254,68.84363017999999,68.84363017999999
2024,3,5,10,807.92,29.7,75.01,2.72,2024-03-05 10:00:00,0.97885,79.0832492,79.0832492
2024,3,5,11,777.8,30.02,73.57,3.04,2024-03-05 11:00:00,0.97741,76.02294979999999,76.02294979999999
2024,3,5,12,741.42,30.54,71.89,3.55,2024-03-05 12:00:00,0.97507,72.29363993999999,72.29363993999999
2024,3,5,13,584.92,30.6,71.63,3.85,2024-03-05 13:00:00,0.9748,57.0180016,57.0180016
2024,3,5,14,195.88,29.8,75.19,3.96,2024-03-05 14:00:00,0.9784,19.1648992,19.1648992
2024,3,5,15,253.07,28.71,80.68,3.88,2024-03-05 15:00:00,0.983305,24.884499635,24.884499635
2024,3,5,16,128.25,27.63,86.84,3.54,2024-03-05 16:00:00,0.988165,12.673216125,12.673216125
2024,3,5,17,28.9,26.64,92.55,2.83,2024-03-05 17:00:00,0.99262,2.8686717999999995,2.8686717999999995
2024,3,5,18,0.0,26.11,94.98,2.58,2024-03-05 18:00:00,0.995005,0.0,0.0
2024,3,5,19,0.0,25.92,95.66,2.44,2024-03-05 19:00:00,0.99586,0.0,0.0
2024,3,5,20,0.0,25.76,96.11,2.18,2024-03-05 20:00:00,0.99658,0.0,0.0
2024,3,5,21,0.0,25.62,96.36,2.13,2024-03-05 21:00:00,0.99721,0.0,0.0
2024,3,5,22,0.0,25.49,96.61,2.02,2024-03-05 22:00:00,0.997795,0.0,0.0
2024,3,5,23,0.0,25.36,96.76,1.85,2024-03-05 23:00:00,0.99838,0.0,0.0
2024,3,6,0,0.0,25.19,96.89,1.71,2024-03-06 00:00:00,0.999145,0.0,0.0
2024,3,6,1,0.0,24.95,97.3,1.73,2024-03-06 01:00:00,1.000225,0.0,0.0
2024,3,6,2,0.0,24.73,97.62,1.67,2024-03-06 02:00:00,1.001215,0.0,0.0
2024,3,6,3,0.0,24.66,97.45,1.57,2024-03-06 03:00:00,1.00153,0.0,0.0
2024,3,6,4,0.0,24.54,97.57,1.61,2024-03-06 04:00:00,1.00207,0.0,0.0
2024,3,6,5,0.0,24.46,97.58,1.55,2024-03-06 05:00:00,1.00243,0.0,0.0
2024,3,6,6,60.47,25.51,95.27,1.24,2024-03-06 06:00:00,0.997705,6.033122134999999,6.033122134999999
2024,3,6,7,216.25,26.4,89.98,1.45,2024-03-06 07:00:00,0.9937,21.4887625,21.4887625
2024,3,6,8,418.42,27.15,85.38,1.63,2024-03-06 08:00:00,0.990325,41.43717865,41.43717865
2024,3,6,9,602.88,27.78,81.09,1.92,2024-03-06 09:00:00,0.98749,59.533797119999996,59.533797119999996
2024,3,6,10,742.7,28.28,77.73,2.11,2024-03-06 10:00:00,0.98524,73.17377479999999,73.17377479999999
2024,3,6,11,771.5,28.51,75.9,2.16,2024-03-06 11:00:00,0.984205,75.93141574999999,75.93141574999999
2024,3,6,12,717.47,28.55,75.56,2.18,2024-03-06 12:00:00,0.984025,70.600841675,70.600841675
2024,3,6,13,553.55,28.4,76.06,2.28,2024-03-06 13:00:00,0.9847,54.5080685,54.5080685
2024,3,6,14,129.1,28.07,77.46,2.48,2024-03-06 14:00:00,0.986185,12.73164835,12.73164835
2024,3,6,15,68.57,27.52,80.4,2.46,2024-03-06 15:00:00,0.98866,6.77924162,6.77924162
2024,3,6,16,41.78,26.88,85.32,1.91,2024-03-06 16:00:00,0.99154,4.1426541199999996,4.1426541199999996
2024,3,6,17,10.82,26.13,90.81,1.45,2024-03-06 17:00:00,0.994915,1.07649803,1.07649803
2024,3,6,18,0.0,25.52,94.06,1.2,2024-03-06 18:00:00,0.99766,0.0,0.0
2024,3,6,19,0.0,25.31,94.1,1.16,2024-03-06 19:00:00,0.998605,0.0,0.0
2024,3,6,20,0.0,25.07,94.46,1.2,2024-03-06 20:00:00,0.999685,0.0,0.0
2024,3,6,21,0.0,24.82,95.09,1.27,2024-03-06 21:00:00,1.00081,0.0,0.0
2024,3,6,22,0.0,24.56,95.68,1.31,2024-03-06 22:00:00,1.00198,0.0,0.0
2024,3,6,23,0.0,24.28,96.4,1.32,2024-03-06 23:00:00,1.00324,0.0,0.0
2024,3,7,0,0.0,24.13,96.65,1.28,2024-03-07 00:00:00,1.0039150000000001,0.0,0.0
2024,3,7,1,0.0,24.0,97.7,1.58,2024-03-07 01:00:00,1.0045,0.0,0.0
2024,3,7,2,0.0,24.1,98.03,1.79,2024-03-07 02:00:00,1.0040499999999999,0.0,0.0
2024,3,7,3,0.0,24.23,98.11,1.97,2024-03-07 03:00:00,1.003465,0.0,0.0
2024,3,7,4,0.0,24.32,98.28,2.04,2024-03-07 04:00:00,1.00306,0.0,0.0
2024,3,7,5,0.0,24.44,98.12,1.98,2024-03-07 05:00:00,1.00252,0.0,0.0
2024,3,7,6,78.62,25.79,94.64,2.23,2024-03-07 06:00:00,0.996445,7.834050590000001,7.834050590000001
2024,3,7,7,263.98,26.95,89.82,2.74,2024-03-07 07:00:00,0.991225,26.16635755,26.16635755
2024,3,7,8,477.02,28.11,83.42,3.01,2024-03-07 08:00:00,0.986005,47.03441051,47.03441051
2024,3,7,9,600.4,29.09,78.35,2.99,2024-03-07 09:00:00,0.981595,58.93496379999999,58.93496379999999
2024,3,7,10,651.12,29.72,75.47,2.97,2024-03-07 10:00:00,0.97876,63.729021120000006,63.729021120000006
2024,3,7,11,659.92,30.11,73.85,3.15,2024-03-07 11:00:00,0.977005,64.47451396,64.47451396
2024,3,7,12,538.88,30.21,73.5,3.42,2024-03-07 12:00:00,0.976555,52.624595840000005,52.624595840000005
2024,3,7,13,364.42,29.92,75.24,3.73,2024-03-07 13:00:00,0.97786,35.635174119999995,35.635174119999995
2024,3,7,14,218.48,29.45,78.03,3.83,2024-03-07 14:00:00,0.979975,21.4104938,21.4104938
2024,3,7,15,124.03,28.74,82.08,3.67,2024-03-07 15:00:00,0.98317,12.19425751,12.19425751
2024,3,7,16,75.57,27.86,87.47,3.1,2024-03-07 16:00:00,0.98713,7.4597414099999995,7.4597414099999995
2024,3,7,17,19.92,26.98,92.84,2.37,2024-03-07 17:00:00,0.99109,1.97425128,1.97425128
2024,3,7,18,0.0,26.47,94.89,2.26,2024-03-07 18:00:00,0.993385,0.0,0.0
2024,3,7,19,0.0,26.29,95.28,2.33,2024-03-07 19:00:00,0.994195,0.0,0.0
2024,3,7,20,0.0,26.11,95.78,2.31,2024-03-07 20:00:00,0.995005,0.0,0.0
2024,3,7,21,0.0,25.96,96.3,2.29,2024-03-07 21:00:00,0.99568,0.0,0.0
2024,3,7,22,0.0,25.85,96.51,2.3,2024-03-07 22:00:00,0.996175,0.0,0.0
2024,3,7,23,0.0,25.74,96.68,2.37,2024-03-07 23:00:00,0.9966700000000001,0.0,0.0
2024,3,8,0,0.0,25.63,96.73,2.47,2024-03-08 00:00:00,0.997165,0.0,0.0
2024,3,8,1,0.0,25.5,96.82,2.58,2024-03-08 01:00:00,0.99775,0.0,0.0
2024,3,8,2,0.0,25.39,96.65,2.88,2024-03-08 02:00:00,0.998245,0.0,0.0
2024,3,8,3,0.0,25.28,96.36,3.35,2024-03-08 03:00:00,0.99874,0.0,0.0
2024,3,8,4,0.0,25.14,96.23,3.6,2024-03-08 04:00:00,0.99937,0.0,0.0
2024,3,8,5,0.0,24.97,96.37,3.34,2024-03-08 05:00:00,1.000135,0.0,0.0
2024,3,8,6,61.78,25.34,94.82,3.34,2024-03-08 06:00:00,0.99847,6.16854766,6.16854766
2024,3,8,7,207.5,26.02,90.88,3.36,2024-03-08 07:00:00,0.99541,20.6547575,20.6547575
2024,3,8,8,388.25,26.49,87.6,3.59,2024-03-08 08:00:00,0.993295,38.564678375,38.564678375
2024,3,8,9,527.25,26.74,86.01,3.78,2024-03-08 09:00:00,0.99217,52.312163250000005,52.312163250000005
2024,3,8,10,650.33,27.03,84.78,3.3,2024-03-08 10:00:00,0.990865,64.438923545,64.438923545
2024,3,8,11,672.5,27.2,84.04,2.84,2024-03-08 11:00:00,0.9901,66.584225,66.584225
2024,3,8,12,636.28,27.36,83.76,2.66,2024-03-08 12:00:00,0.98938,62.952270639999995,62.952270639999995
2024,3,8,13,544.83,27.43,84.24,2.24,2024-03-08 13:00:00,0.989065,53.887228395,53.887228395
2024,3,8,14,243.32,27.48,84.72,1.67,2024-03-08 14:00:00,0.98884,24.060454879999998,24.060454879999998
2024,3,8,15,119.25,27.41,85.72,1.38,2024-03-08 15:00:00,0.989155,11.795673375,11.795673375
2024,3,8,16,66.45,26.93,89.79,1.53,2024-03-08 16:00:00,0.991315,6.587288175000001,6.587288175000001
2024,3,8,17,13.68,26.19,94.96,1.44,2024-03-08 17:00:00,0.994645,1.36067436,1.36067436
2024,3,8,18,0.0,25.75,97.15,1.26,2024-03-08 18:00:00,0.996625,0.0,0.0
2024,3,8,19,0.0,25.72,97.06,1.18,2024-03-08 19:00:00,0.99676,0.0,0.0
2024,3,8,20,0.0,25.74,96.41,1.03,2024-03-08 20:00:00,0.9966700000000001,0.0,0.0
2024,3,8,21,0.0,25.72,95.71,0.78,2024-03-08 21:00:00,0.99676,0.0,0.0
2024,3,8,22,0.0,25.72,95.75,0.99,2024-03-08 22:00:00,0.99676,0.0,0.0
2024,3,8,23,0.0,25.35,98.05,2.62,2024-03-08 23:00:00,0.998425,0.0,0.0
2024,3,9,0,0.0,25.5,97.02,4.0,2024-03-09 00:00:00,0.99775,0.0,0.0
2024,3,9,1,0.0,25.22,96.99,3.87,2024-03-09 01:00:00,0.99901,0.0,0.0
2024,3,9,2,0.0,24.85,97.46,2.46,2024-03-09 02:00:00,1.000675,0.0,0.0
2024,3,9,3,0.0,24.61,97.7,1.95,2024-03-09 03:00:00,1.001755,0.0,0.0
2024,3,9,4,0.0,24.41,97.8,1.95,2024-03-09 04:00:00,1.002655,0.0,0.0
2024,3,9,5,0.0,24.32,97.86,1.98,2024-03-09 05:00:00,1.00306,0.0,0.0
2024,3,9,6,46.2,25.17,96.11,2.08,2024-03-09 06:00:00,0.999235,4.6164657,4.6164657
2024,3,9,7,133.7,26.01,92.49,2.36,2024-03-09 07:00:00,0.995455,13.30923335,13.30923335
2024,3,9,8,237.73,26.55,88.35,2.86,2024-03-09 08:00:00,0.993025,23.607183325,23.607183325
2024,3,9,9,359.33,26.83,85.28,3.68,2024-03-09 09:00:00,0.991765,35.637091745,35.637091745
2024,3,9,10,384.8,27.23,82.25,4.22,2024-03-09 10:00:00,0.989965,38.093853200000005,38.093853200000005
2024,3,9,11,333.55,27.68,80.74,4.58,2024-03-09 11:00:00,0.98794,32.952738700000005,32.952738700000005
2024,3,9,12,270.02,27.83,81.81,4.71,2024-03-09 12:00:00,0.9872650000000001,26.65812953,26.65812953
2024,3,9,13,157.07,27.74,84.46,4.84,2024-03-09 13:00:00,0.98767,15.51333269,15.51333269
2024,3,9,14,78.57,27.08,88.37,5.24,2024-03-09 14:00:00,0.99064,7.783458479999998,7.783458479999998
2024,3,9,15,54.35,26.44,91.96,5.5,2024-03-09 15:00:00,0.99352,5.3997812000000005,5.3997812000000005
2024,3,9,16,32.35,26.09,94.49,4.7,2024-03-09 16:00:00,0.995095,3.2191323250000003,3.2191323250000003
2024,3,9,17,8.43,25.77,95.62,3.94,2024-03-09 17:00:00,0.996535,0.8400790049999999,0.8400790049999999
2024,3,9,18,0.0,25.49,96.08,3.31,2024-03-09 18:00:00,0.997795,0.0,0.0
2024,3,9,19,0.0,25.25,96.34,2.61,2024-03-09 19:00:00,0.998875,0.0,0.0
2024,3,9,20,0.0,24.92,96.66,2.05,2024-03-09 20:00:00,1.00036,0.0,0.0
2024,3,9,21,0.0,24.6,96.89,1.79,2024-03-09 21:00:00,1.0018,0.0,0.0
2024,3,9,22,0.0,24.45,96.59,1.6,2024-03-09 22:00:00,1.002475,0.0,0.0
2024,3,9,23,0.0,24.38,96.1,1.48,2024-03-09 23:00:00,1.00279,0.0,0.0
2024,3,10,0,0.0,24.26,95.97,1.48,2024-03-10 00:00:00,1.00333,0.0,0.0
2024,3,10,1,0.0,24.1,96.08,1.54,2024-03-10 01:00:00,1.0040499999999999,0.0,0.0
2024,3,10,2,0.0,23.92,95.95,1.58,2024-03-10 02:00:00,1.00486,0.0,0.0
2024,3,10,3,0.0,23.84,95.32,1.51,2024-03-10 03:00:00,1.00522,0.0,0.0
2024,3,10,4,0.0,23.77,94.85,1.42,2024-03-10 04:00:00,1.005535,0.0,0.0
2024,3,10,5,0.0,23.78,94.36,1.3,2024-03-10 05:00:00,1.00549,0.0,0.0
2024,3,10,6,61.72,24.64,93.48,1.22,2024-03-10 06:00:00,1.00162,6.18199864,6.18199864
2024,3,10,7,178.7,25.84,80.24,2.26,2024-03-10 07:00:00,0.99622,17.802451400000002,17.802451400000002
2024,3,10,8,339.45,26.51,72.85,3.37,2024-03-10 08:00:00,0.993205,33.714343725,33.714343725
2024,3,10,9,443.3,26.95,70.37,3.82,2024-03-10 09:00:00,0.991225,43.941004250000006,43.941004250000006
2024,3,10,10,492.3,27.51,68.81,3.71,2024-03-10 10:00:00,0.988705,48.673947150000004,48.673947150000004
2024,3,10,11,596.9,27.99,67.27,3.55,2024-03-10 11:00:00,0.986545,58.886871049999996,58.886871049999996
2024,3,10,12,521.75,28.4,66.15,3.49,2024-03-10 12:00:00,0.9847,51.37672250000001,51.37672250000001
2024,3,10,13,387.4,28.83,65.33,3.33,2024-03-10 13:00:00,0.982765,38.072316099999995,38.072316099999995
2024,3,10,14,321.08,28.74,67.18,2.91,2024-03-10 14:00:00,0.98317,31.567622359999998,31.567622359999998
2024,3,10,15,193.98,28.32,71.89,2.4,2024-03-10 15:00:00,0.98506,19.10819388,19.10819388
2024,3,10,16,91.47,27.64,76.87,2.13,2024-03-10 16:00:00,0.98812,9.03833364,9.03833364
2024,3,10,17,16.52,26.55,85.7,1.58,2024-03-10 17:00:00,0.993025,1.6404773,1.6404773
2024,3,10,18,0.0,25.91,86.38,1.36,2024-03-10 18:00:00,0.995905,0.0,0.0
2024,3,10,19,0.0,25.77,86.03,1.1,2024-03-10 19:00:00,0.996535,0.0,0.0
2024,3,10,20,0.0,25.83,84.23,0.6,2024-03-10 20:00:00,0.996265,0.0,0.0
2024,3,10,21,0.0,25.61,84.93,0.39,2024-03-10 21:00:00,0.997255,0.0,0.0
2024,3,10,22,0.0,25.0,88.99,0.9,2024-03-10 22:00:00,1.0,0.0,0.0
2024,3,10,23,0.0,24.53,91.93,1.19,2024-03-10 23:00:00,1.002115,0.0,0.0
2024,3,11,0,0.0,24.19,93.61,1.4,2024-03-11 00:00:00,1.003645,0.0,0.0
2024,3,11,1,0.0,24.0,94.33,1.48,2024-03-11 01:00:00,1.0045,0.0,0.0
2024,3,11,2,0.0,23.82,94.64,1.53,2024-03-11 02:00:00,1.00531,0.0,0.0
2024,3,11,3,0.0,23.69,94.76,1.55,2024-03-11 03:00:00,1.005895,0.0,0.0
2024,3,11,4,0.0,23.56,94.94,1.7,2024-03-11 04:00:00,1.00648,0.0,0.0
2024,3,11,5,0.0,23.45,95.12,1.88,2024-03-11 05:00:00,1.006975,0.0,0.0
2024,3,11,6,69.78,24.85,92.23,2.4,2024-03-11 06:00:00,1.000675,6.98271015,6.98271015
2024,3,11,7,226.45,26.24,87.87,3.18,2024-03-11 07:00:00,0.99442,22.518640899999998,22.518640899999998
2024,3,11,8,420.65,27.75,82.56,3.76,2024-03-11 08:00:00,0.987625,41.544445624999994,41.544445624999994
2024,3,11,9,496.73,28.91,77.53,4.31,2024-03-11 09:00:00,0.982405,48.799003565,48.799003565
2024,3,11,10,572.1,29.56,74.0,4.59,2024-03-11 10:00:00,0.97948,56.036050800000005,56.036050800000005
2024,3,11,11,545.9,29.86,72.05,4.74,2024-03-11 11:00:00,0.97813,53.3961167,53.3961167
2024,3,11,12,375.38,30.06,70.81,4.91,2024-03-11 12:00:00,0.97723,36.68325974,36.68325974
2024,3,11,13,408.6,29.98,71.13,4.79,2024-03-11 13:00:00,0.97759,39.9443274,39.9443274
2024,3,11,14,330.7,29.59,73.01,4.63,2024-03-11 14:00:00,0.979345,32.38693915,32.38693915
2024,3,11,15,223.7,28.56,78.9,4.36,2024-03-11 15:00:00,0.98398,22.011632599999995,22.011632599999995
2024,3,11,16,114.47,27.44,86.28,4.14,2024-03-11 16:00:00,0.98902,11.321311940000001,11.321311940000001
2024,3,11,17,22.55,26.36,92.49,3.99,2024-03-11 17:00:00,0.99388,2.2411993999999997,2.2411993999999997
2024,3,11,18,0.0,25.88,94.91,4.29,2024-03-11 18:00:00,0.99604,0.0,0.0
2024,3,11,19,0.0,25.58,95.74,4.26,2024-03-11 19:00:00,0.99739,0.0,0.0
2024,3,11,20,0.0,25.1,95.63,4.47,2024-03-11 20:00:00,0.9995499999999999,0.0,0.0
2024,3,11,21,0.0,24.69,96.16,4.06,2024-03-11 21:00:00,1.001395,0.0,0.0
2024,3,11,22,0.0,24.42,96.54,3.53,2024-03-11 22:00:00,1.00261,0.0,0.0
2024,3,11,23,0.0,24.28,96.57,3.18,2024-03-11 23:00:00,1.00324,0.0,0.0
2024,3,12,0,0.0,24.15,96.69,2.92,2024-03-12 00:00:00,1.003825,0.0,0.0
2024,3,12,1,0.0,24.04,96.87,2.89,2024-03-12 01:00:00,1.00432,0.0,0.0
2024,3,12,2,0.0,23.9,97.34,2.79,2024-03-12 02:00:00,1.00495,0.0,0.0
2024,3,12,3,0.0,23.8,97.66,2.7,2024-03-12 03:00:00,1.0054,0.0,0.0
2024,3,12,4,0.0,23.71,98.0,2.54,2024-03-12 04:00:00,1.005805,0.0,0.0
2024,3,12,5,0.0,23.68,98.15,2.41,2024-03-12 05:00:00,1.00594,0.0,0.0
2024,3,12,6,71.45,25.08,94.76,3.44,2024-03-12 06:00:00,0.99964,7.142427799999999,7.142427799999999
2024,3,12,7,231.38,26.55,89.75,4.61,2024-03-12 07:00:00,0.993025,22.97661245,22.97661245
2024,3,12,8,429.92,27.94,82.45,5.89,2024-03-12 08:00:00,0.98677,42.423215840000005,42.423215840000005
2024,3,12,9,629.3,28.96,75.95,6.92,2024-03-12 09:00:00,0.98218,61.8085874,61.8085874
2024,3,12,10,706.12,29.61,71.67,7.72,2024-03-12 10:00:00,0.979255,69.14715405999999,69.14715405999999
2024,3,12,11,718.3,29.9,69.73,8.19,2024-03-12 11:00:00,0.97795,70.2461485,70.2461485
2024,3,12,12,709.55,29.84,69.53,8.16,2024-03-12 12:00:00,0.97822,69.40960009999998,69.40960009999998
2024,3,12,13,548.8,29.37,71.6,7.71,2024-03-12 13:00:00,0.980335,53.800784799999995,53.800784799999995
2024,3,12,14,371.85,28.77,74.46,7.19,2024-03-12 14:00:00,0.983035,36.554156475,36.554156475
2024,3,12,15,261.05,28.17,77.72,6.59,2024-03-12 15:00:00,0.985735,25.732612175,25.732612175
2024,3,12,16,148.1,27.25,83.67,5.35,2024-03-12 16:00:00,0.989875,14.660048749999998,14.660048749999998
2024,3,12,17,29.2,25.99,90.62,3.64,2024-03-12 17:00:00,0.995545,2.9069914,2.9069914
2024,3,12,18,0.0,25.17,93.64,2.89,2024-03-12 18:00:00,0.999235,0.0,0.0
2024,3,12,19,0.0,24.9,94.45,2.56,2024-03-12 19:00:00,1.00045,0.0,0.0
2024,3,12,20,0.0,24.69,95.23,2.39,2024-03-12 20:00:00,1.001395,0.0,0.0
2024,3,12,21,0.0,24.54,95.8,2.37,2024-03-12 21:00:00,1.00207,0.0,0.0
2024,3,12,22,0.0,24.34,96.59,2.22,2024-03-12 22:00:00,1.00297,0.0,0.0
2024,3,12,23,0.0,23.95,97.86,2.06,2024-03-12 23:00:00,1.004725,0.0,0.0
2024,3,13,0,0.0,23.67,98.27,2.02,2024-03-13 00:00:00,1.005985,0.0,0.0
2024,3,13,1,0.0,23.46,98.32,1.99,2024-03-13 01:00:00,1.00693,0.0,0.0
2024,3,13,2,0.0,23.25,98.4,1.96,2024-03-13 02:00:00,1.007875,0.0,0.0
2024,3,13,3,0.0,23.02,98.61,1.97,2024-03-13 03:00:00,1.00891,0.0,0.0
2024,3,13,4,0.0,22.79,99.0,2.13,2024-03-13 04:00:00,1.009945,0.0,0.0
2024,3,13,5,0.0,22.76,98.94,2.25,2024-03-13 05:00:00,1.01008,0.0,0.0
2024,3,13,6,61.35,24.49,94.43,3.08,2024-03-13 06:00:00,1.002295,6.149079824999999,6.149079824999999
2024,3,13,7,191.25,25.91,87.25,3.67,2024-03-13 07:00:00,0.995905,19.046683125,19.046683125
2024,3,13,8,343.95,27.48,77.31,4.69,2024-03-13 08:00:00,0.98884,34.0111518,34.0111518
2024,3,13,9,356.8,28.77,72.46,5.74,2024-03-13 09:00:00,0.983035,35.0746888,35.0746888
2024,3,13,10,488.8,29.54,70.43,6.25,2024-03-13 10:00:00,0.97957,47.881381600000005,47.881381600000005
2024,3,13,11,670.6,29.9,69.59,6.48,2024-03-13 11:00:00,0.97795,65.581327,65.581327
2024,3,13,12,619.03,30.04,69.58,6.55,2024-03-13 12:00:00,0.97732,60.49903996,60.49903996
2024,3,13,13,531.4,29.81,71.34,6.5,2024-03-13 13:00:00,0.978355,51.9897847,51.9897847
2024,3,13,14,383.27,29.22,74.92,6.44,2024-03-13 14:00:00,0.98101,37.59917027,37.59917027
2024,3,13,15,261.67,28.51,79.45,6.14,2024-03-13 15:00:00,0.984205,25.753692235000003,25.753692235000003
2024,3,13,16,99.72,27.27,86.17,5.26,2024-03-13 16:00:00,0.989785,9.87013602,9.87013602
2024,3,13,17,20.08,26.02,91.59,4.47,2024-03-13 17:00:00,0.99541,1.9987832799999996,1.9987832799999996
2024,3,13,18,0.0,25.35,93.24,4.61,2024-03-13 18:00:00,0.998425,0.0,0.0
2024,3,13,19,0.0,25.0,94.1,4.54,2024-03-13 19:00:00,1.0,0.0,0.0
2024,3,13,20,0.0,24.69,95.29,4.29,2024-03-13 20:00:00,1.001395,0.0,0.0
2024,3,13,21,0.0,24.47,95.99,4.15,2024-03-13 21:00:00,1.002385,0.0,0.0
2024,3,13,22,0.0,24.34,96.27,3.93,2024-03-13 22:00:00,1.00297,0.0,0.0
2024,3,13,23,0.0,24.19,96.54,3.68,2024-03-13 23:00:00,1.003645,0.0,0.0
2024,3,14,0,0.0,24.06,96.68,3.5,2024-03-14 00:00:00,1.00423,0.0,0.0
2024,3,14,1,0.0,23.95,96.86,3.33,2024-03-14 01:00:00,1.004725,0.0,0.0
2024,3,14,2,0.0,23.81,97.24,2.95,2024-03-14 02:00:00,1.005355,0.0,0.0
2024,3,14,3,0.0,23.68,97.55,2.58,2024-03-14 03:00:00,1.00594,0.0,0.0
2024,3,14,4,0.0,23.49,98.12,2.43,2024-03-14 04:00:00,1.006795,0.0,0.0
2024,3,14,5,0.0,23.44,98.27,2.5,2024-03-14 05:00:00,1.00702,0.0,0.0
2024,3,14,6,41.78,24.95,95.1,3.72,2024-03-14 06:00:00,1.000225,4.17894005,4.17894005
2024,3,14,7,148.57,26.26,91.38,4.57,2024-03-14 07:00:00,0.99433,14.772760809999998,14.772760809999998
2024,3,14,8,259.8,27.46,85.83,5.78,2024-03-14 08:00:00,0.98893,25.692401400000005,25.692401400000005
2024,3,14,9,382.23,28.26,81.21,6.75,2024-03-14 09:00:00,0.98533,37.662268590000004,37.662268590000004
2024,3,14,10,435.65,28.75,77.58,7.11,2024-03-14 10:00:00,0.983125,42.829840624999996,42.829840624999996
2024,3,14,11,554.55,29.02,75.02,6.78,2024-03-14 11:00:00,0.98191,54.45181905,54.45181905
2024,3,14,12,528.33,29.35,73.24,6.35,2024-03-14 12:00:00,0.980425,51.79879402500001,51.79879402500001
2024,3,14,13,381.42,29.59,72.62,5.94,2024-03-14 13:00:00,0.979345,37.354176990000006,37.354176990000006
2024,3,14,14,205.82,29.6,73.17,5.34,2024-03-14 14:00:00,0.9793,20.1559526,20.1559526
2024,3,14,15,91.82,29.07,76.68,4.38,2024-03-14 15:00:00,0.981685,9.01383167,9.01383167
2024,3,14,16,36.45,28.15,82.47,3.38,2024-03-14 16:00:00,0.985825,3.5933321250000003,3.5933321250000003
2024,3,14,17,4.85,26.78,89.94,2.58,2024-03-14 17:00:00,0.99199,0.48111514999999994,0.48111514999999994
2024,3,14,18,0.0,25.99,93.33,2.52,2024-03-14 18:00:00,0.995545,0.0,0.0
2024,3,14,19,0.0,25.73,94.22,2.68,2024-03-14 19:00:00,0.996715,0.0,0.0
2024,3,14,20,0.0,25.52,94.86,2.46,2024-03-14 20:00:00,0.99766,0.0,0.0
2024,3,14,21,0.0,25.08,96.02,2.19,2024-03-14 21:00:00,0.99964,0.0,0.0
2024,3,14,22,0.0,24.75,97.08,2.26,2024-03-14 22:00:00,1.001125,0.0,0.0
2024,3,14,23,0.0,24.53,97.54,2.33,2024-03-14 23:00:00,1.002115,0.0,0.0
2024,3,15,0,0.0,24.29,98.01,2.25,2024-03-15 00:00:00,1.003195,0.0,0.0
2024,3,15,1,0.0,24.13,98.13,2.31,2024-03-15 01:00:00,1.0039150000000001,0.0,0.0
2024,3,15,2,0.0,23.78,98.77,2.35,2024-03-15 02:00:00,1.00549,0.0,0.0
2024,3,15,3,0.0,23.42,99.32,2.37,2024-03-15 03:00:00,1.00711,0.0,0.0
2024,3,15,4,0.0,23.19,99.32,2.39,2024-03-15 04:00:00,1.008145,0.0,0.0
2024,3,15,5,0.0,23.05,99.22,2.4,2024-03-15 05:00:00,1.008775,0.0,0.0
2024,3,15,6,60.8,24.84,94.59,3.24,2024-03-15 06:00:00,1.00072,6.084377600000001,6.084377600000001
2024,3,15,7,190.0,26.16,87.05,3.97,2024-03-15 07:00:00,0.99478,18.90082,18.90082
2024,3,15,8,341.5,27.6,77.75,4.77,2024-03-15 08:00:00,0.9883,33.750445000000006,33.750445000000006
2024,3,15,9,522.3,28.82,71.01,5.64,2024-03-15 09:00:00,0.98281,51.3321663,51.3321663
2024,3,15,10,706.0,29.74,67.05,5.98,2024-03-15 10:00:00,0.97867,69.09410199999999,69.09410199999999
2024,3,15,11,720.28,30.41,64.11,6.06,2024-03-15 11:00:00,0.975655,70.27447834,70.27447834
2024,3,15,12,665.47,30.82,62.98,5.9,2024-03-15 12:00:00,0.97381,64.80413406999999,64.80413406999999
2024,3,15,13,671.88,31.02,63.18,5.53,2024-03-15 13:00:00,0.97291,65.36787708,65.36787708
2024,3,15,14,472.38,30.79,64.86,5.19,2024-03-15 14:00:00,0.9739450000000001,46.007213910000004,46.007213910000004
2024,3,15,15,307.5,30.08,69.06,4.77,2024-03-15 15:00:00,0.97714,30.047055,30.047055
2024,3,15,16,157.15,28.61,77.18,4.18,2024-03-15 16:00:00,0.983755,15.459709825000003,15.459709825000003
2024,3,15,17,27.38,26.89,87.45,3.09,2024-03-15 17:00:00,0.991495,2.71471331,2.71471331
2024,3,15,18,0.0,26.04,92.35,2.55,2024-03-15 18:00:00,0.99532,0.0,0.0
2024,3,15,19,0.0,25.74,93.86,2.54,2024-03-15 19:00:00,0.9966700000000001,0.0,0.0
2024,3,15,20,0.0,25.42,95.4,2.46,2024-03-15 20:00:00,0.9981099999999999,0.0,0.0
2024,3,15,21,0.0,25.18,96.56,2.36,2024-03-15 21:00:00,0.99919,0.0,0.0
2024,3,15,22,0.0,25.13,96.81,2.7,2024-03-15 22:00:00,0.999415,0.0,0.0
2024,3,15,23,0.0,24.98,97.04,2.45,2024-03-15 23:00:00,1.00009,0.0,0.0
2024,3,16,0,0.0,24.83,97.0,2.19,2024-03-16 00:00:00,1.000765,0.0,0.0
2024,3,16,1,0.0,24.72,96.76,2.09,2024-03-16 01:00:00,1.00126,0.0,0.0
2024,3,16,2,0.0,24.55,96.81,1.89,2024-03-16 02:00:00,1.002025,0.0,0.0
2024,3,16,3,0.0,24.31,97.09,1.77,2024-03-16 03:00:00,1.003105,0.0,0.0
2024,3,16,4,0.0,24.15,97.32,1.76,2024-03-16 04:00:00,1.003825,0.0,0.0
2024,3,16,5,0.0,24.05,97.42,1.8,2024-03-16 05:00:00,1.004275,0.0,0.0
2024,3,16,6,85.35,25.03,94.75,2.44,2024-03-16 06:00:00,0.999865,8.533847775,8.533847775
2024,3,16,7,279.62,25.9,91.0,3.2,2024-03-16 07:00:00,0.99595,27.848753899999995,27.848753899999995
2024,3,16,8,487.8,26.65,87.5,3.8,2024-03-16 08:00:00,0.992575,48.4178085,48.4178085
2024,3,16,9,684.92,27.5,83.37,4.34,2024-03-16 09:00:00,0.98875,67.721465,67.721465
2024,3,16,10,745.9,28.64,77.23,4.76,2024-03-16 10:00:00,0.98362,73.3682158,73.3682158
2024,3,16,11,823.03,29.28,73.78,4.94,2024-03-16 11:00:00,0.98074,80.71784421999999,80.71784421999999
2024,3,16,12,777.47,29.52,73.3,5.02,2024-03-16 12:00:00,0.97966,76.16562602,76.16562602
2024,3,16,13,646.1,29.38,74.07,5.08,2024-03-16 13:00:00,0.98029,63.3365369,63.3365369
2024,3,16,14,514.67,28.47,78.13,4.98,2024-03-16 14:00:00,0.984385,50.663342795,50.663342795
2024,3,16,15,308.92,27.68,81.84,4.89,2024-03-16 15:00:00,0.98794,30.519442480000006,30.519442480000006
2024,3,16,16,154.65,26.88,85.88,4.58,2024-03-16 16:00:00,0.99154,15.334166100000001,15.334166100000001
2024,3,16,17,25.65,25.89,91.24,3.52,2024-03-16 17:00:00,0.995995,2.554727175,2.554727175
2024,3,16,18,0.0,25.22,93.86,2.91,2024-03-16 18:00:00,0.99901,0.0,0.0
2024,3,16,19,0.0,24.85,94.82,2.7,2024-03-16 19:00:00,1.000675,0.0,0.0
2024,3,16,20,0.0,24.51,95.55,2.61,2024-03-16 20:00:00,1.002205,0.0,0.0
2024,3,16,21,0.0,24.36,95.73,2.72,2024-03-16 21:00:00,1.00288,0.0,0.0
2024,3,16,22,0.0,24.22,96.17,2.81,2024-03-16 22:00:00,1.00351,0.0,0.0
2024,3,16,23,0.0,24.09,96.51,2.82,2024-03-16 23:00:00,1.004095,0.0,0.0
2024,3,17,0,0.0,23.95,96.88,2.9,2024-03-17 00:00:00,1.004725,0.0,0.0
2024,3,17,1,0.0,23.76,97.29,2.79,2024-03-17 01:00:00,1.00558,0.0,0.0
2024,3,17,2,0.0,23.53,97.81,2.65,2024-03-17 02:00:00,1.006615,0.0,0.0
2024,3,17,3,0.0,23.43,97.81,2.72,2024-03-17 03:00:00,1.007065,0.0,0.0
2024,3,17,4,0.0,23.35,97.78,2.65,2024-03-17 04:00:00,1.007425,0.0,0.0
2024,3,17,5,0.0,23.23,97.92,2.28,2024-03-17 05:00:00,1.007965,0.0,0.0
2024,3,17,6,86.05,24.34,94.38,2.85,2024-03-17 06:00:00,1.00297,8.63055685,8.63055685
2024,3,17,7,291.75,25.49,89.41,3.63,2024-03-17 07:00:00,0.997795,29.110669125,29.110669125
2024,3,17,8,507.85,26.85,83.44,4.2,2024-03-17 08:00:00,0.991675,50.362214875,50.362214875
2024,3,17,9,643.35,28.12,77.61,4.56,2024-03-17 09:00:00,0.98596,63.431736599999994,63.431736599999994
2024,3,17,10,775.65,29.05,73.68,4.87,2024-03-17 10:00:00,0.981775,76.151377875,76.151377875
2024,3,17,11,739.2,29.69,71.12,5.13,2024-03-17 11:00:00,0.978895,72.3599184,72.3599184
2024,3,17,12,643.67,30.15,69.08,5.38,2024-03-17 12:00:00,0.976825,62.87529477499999,62.87529477499999
2024,3,17,13,531.05,30.06,69.93,5.46,2024-03-17 13:00:00,0.97723,51.895799149999995,51.895799149999995
2024,3,17,14,413.35,28.95,74.92,5.11,2024-03-17 14:00:00,0.982225,40.600270375,40.600270375
2024,3,17,15,232.85,27.91,79.91,4.63,2024-03-17 15:00:00,0.986905,22.980082925,22.980082925
2024,3,17,16,112.2,26.87,85.34,4.08,2024-03-17 16:00:00,0.991585,11.125583700000002,11.125583700000002
2024,3,17,17,19.67,25.83,91.75,3.1,2024-03-17 17:00:00,0.996265,1.959653255,1.959653255
2024,3,17,18,0.0,25.3,94.79,2.8,2024-03-17 18:00:00,0.99865,0.0,0.0
2024,3,17,19,0.0,25.19,95.05,3.05,2024-03-17 19:00:00,0.999145,0.0,0.0
2024,3,17,20,0.0,25.08,95.11,3.27,2024-03-17 20:00:00,0.99964,0.0,0.0
2024,3,17,21,0.0,24.95,95.11,3.59,2024-03-17 21:00:00,1.000225,0.0,0.0
2024,3,17,22,0.0,24.76,95.34,3.55,2024-03-17 22:00:00,1.00108,0.0,0.0
2024,3,17,23,0.0,24.42,95.9,3.07,2024-03-17 23:00:00,1.00261,0.0,0.0
2024,3,18,0,0.0,24.08,96.06,2.81,2024-03-18 00:00:00,1.00414,0.0,0.0
2024,3,18,1,0.0,23.6,96.56,2.57,2024-03-18 01:00:00,1.0063,0.0,0.0
2024,3,18,2,0.0,23.49,96.48,2.64,2024-03-18 02:00:00,1.006795,0.0,0.0
2024,3,18,3,0.0,23.45,96.46,2.8,2024-03-18 03:00:00,1.006975,0.0,0.0
2024,3,18,4,0.0,23.34,96.69,2.64,2024-03-18 04:00:00,1.00747,0.0,0.0
2024,3,18,5,0.0,23.13,97.35,2.22,2024-03-18 05:00:00,1.008415,0.0,0.0
2024,3,18,6,86.7,24.3,93.94,2.59,2024-03-18 06:00:00,1.00315,8.6973105,8.6973105
2024,3,18,7,274.77,25.69,87.5,3.65,2024-03-18 07:00:00,0.996895,27.391683914999994,27.391683914999994
2024,3,18,8,488.08,27.1,80.31,4.69,2024-03-18 08:00:00,0.99055,48.3467644,48.3467644
2024,3,18,9,684.55,28.12,75.75,5.17,2024-03-18 09:00:00,0.98596,67.4938918,67.4938918
2024,3,18,10,790.97,28.94,72.97,5.27,2024-03-18 10:00:00,0.98227,77.69461019,77.69461019
2024,3,18,11,857.05,29.63,70.9,5.18,2024-03-18 11:00:00,0.9791650000000001,83.919336325,83.919336325
2024,3,18,12,826.28,30.19,69.44,4.94,2024-03-18 12:00:00,0.976645,80.69822306,80.69822306
2024,3,18,13,727.5,30.25,68.75,4.69,2024-03-18 13:00:00,0.976375,71.03128125,71.03128125
2024,3,18,14,642.53,30.11,69.56,4.4,2024-03-18 14:00:00,0.977005,62.775502265,62.775502265
2024,3,18,15,391.55,29.41,73.16,3.93,2024-03-18 15:00:00,0.980155,38.377969025,38.377969025
2024,3,18,16,193.48,28.38,78.8,3.38,2024-03-18 16:00:00,0.98479,19.05371692,19.05371692
2024,3,18,17,33.22,26.92,87.68,2.31,2024-03-18 17:00:00,0.99136,3.29329792,3.29329792
2024,3,18,18,0.0,25.97,92.6,1.85,2024-03-18 18:00:00,0.995635,0.0,0.0
2024,3,18,19,0.0,25.65,93.45,1.76,2024-03-18 19:00:00,0.997075,0.0,0.0
2024,3,18,20,0.0,25.36,94.12,1.76,2024-03-18 20:00:00,0.99838,0.0,0.0
2024,3,18,21,0.0,25.06,94.69,1.85,2024-03-18 21:00:00,0.99973,0.0,0.0
2024,3,18,22,0.0,24.78,95.17,2.03,2024-03-18 22:00:00,1.00099,0.0,0.0
2024,3,18,23,0.0,24.56,95.53,2.23,2024-03-18 23:00:00,1.00198,0.0,0.0
2024,3,19,0,0.0,24.28,96.04,2.43,2024-03-19 00:00:00,1.00324,0.0,0.0
2024,3,19,1,0.0,23.93,96.56,2.45,2024-03-19 01:00:00,1.004815,0.0,0.0
2024,3,19,2,0.0,23.6,96.84,2.44,2024-03-19 02:00:00,1.0063,0.0,0.0
2024,3,19,3,0.0,23.21,97.46,2.25,2024-03-19 03:00:00,1.008055,0.0,0.0
2024,3,19,4,0.0,22.45,99.91,2.15,2024-03-19 04:00:00,1.011475,0.0,0.0
2024,3,19,5,0.0,22.03,100.0,2.03,2024-03-19 05:00:00,1.013365,0.0,0.0
2024,3,19,6,115.1,23.85,93.02,2.32,2024-03-19 06:00:00,1.005175,11.569564249999999,11.569564249999999
2024,3,19,7,361.4,25.7,83.56,3.06,2024-03-19 07:00:00,0.99685,36.026159,36.026159
2024,3,19,8,614.5,27.21,74.77,3.48,2024-03-19 08:00:00,0.990055,60.838879750000004,60.838879750000004
2024,3,19,9,822.22,28.57,68.22,3.84,2024-03-19 09:00:00,0.983935,80.90110357,80.90110357
2024,3,19,10,956.05,29.7,63.01,4.18,2024-03-19 10:00:00,0.97885,93.58295424999999,93.58295424999999
2024,3,19,11,1028.25,30.44,60.02,4.47,2024-03-19 11:00:00,0.9755199999999999,100.30784400000002,100.30784400000002
2024,3,19,12,996.62,30.77,59.03,4.66,2024-03-19 12:00:00,0.974035,97.07427616999999,97.07427616999999
2024,3,19,13,885.03,30.75,59.54,4.75,2024-03-19 13:00:00,0.974125,86.212984875,86.212984875
2024,3,19,14,734.7,30.33,61.54,4.73,2024-03-19 14:00:00,0.976015,71.70782204999999,71.70782204999999
2024,3,19,15,509.75,29.53,65.3,4.53,2024-03-19 15:00:00,0.979615,49.935874625000004,49.935874625000004
2024,3,19,16,266.6,28.35,71.46,4.03,2024-03-19 16:00:00,0.984925,26.2581005,26.2581005
2024,3,19,17,46.1,26.21,84.51,2.8,2024-03-19 17:00:00,0.994555,4.58489855,4.58489855
2024,3,19,18,0.0,24.93,91.01,2.36,2024-03-19 18:00:00,1.000315,0.0,0.0
2024,3,19,19,0.0,24.39,93.3,2.21,2024-03-19 19:00:00,1.002745,0.0,0.0
2024,3,19,20,0.0,23.95,94.96,2.07,2024-03-19 20:00:00,1.004725,0.0,0.0
2024,3,19,21,0.0,23.53,96.77,2.02,2024-03-19 21:00:00,1.006615,0.0,0.0
2024,3,19,22,0.0,23.13,98.81,2.0,2024-03-19 22:00:00,1.008415,0.0,0.0
2024,3,19,23,0.0,22.74,100.0,2.03,2024-03-19 23:00:00,1.01017,0.0,0.0
2024,3,20,0,0.0,22.36,100.0,2.15,2024-03-20 00:00:00,1.0118800000000001,0.0,0.0
2024,3,20,1,0.0,22.0,100.0,2.24,2024-03-20 01:00:00,1.0135,0.0,0.0
2024,3,20,2,0.0,21.65,100.0,2.27,2024-03-20 02:00:00,1.015075,0.0,0.0
2024,3,20,3,0.0,21.43,100.0,2.19,2024-03-20 03:00:00,1.016065,0.0,0.0
2024,3,20,4,0.0,21.44,100.0,2.01,2024-03-20 04:00:00,1.01602,0.0,0.0
2024,3,20,5,0.0,21.59,100.0,1.77,2024-03-20 05:00:00,1.015345,0.0,0.0
2024,3,20,6,110.57,23.46,93.51,1.77,2024-03-20 06:00:00,1.00693,11.13362501,11.13362501
2024,3,20,7,348.83,25.58,83.49,2.5,2024-03-20 07:00:00,0.99739,34.79195537,34.79195537
2024,3,20,8,602.7,27.35,73.98,3.01,2024-03-20 08:00:00,0.989425,59.632644750000004,59.632644750000004
2024,3,20,9,799.28,28.87,67.15,3.24,2024-03-20 09:00:00,0.982585,78.53605388,78.53605388
2024,3,20,10,932.45,30.07,63.13,3.36,2024-03-20 10:00:00,0.977185,91.117615325,91.117615325
2024,3,20,11,998.67,30.94,60.83,3.39,2024-03-20 11:00:00,0.97327,97.19755508999998,97.19755508999998
2024,3,20,12,940.6,31.47,59.74,3.37,2024-03-20 12:00:00,0.970885,91.3214431,91.3214431
2024,3,20,13,857.67,31.66,59.7,3.33,2024-03-20 13:00:00,0.97003,83.19656300999999,83.19656300999999
2024,3,20,14,669.67,31.49,60.79,3.24,2024-03-20 14:00:00,0.970795,65.011228765,65.011228765
2024,3,20,15,470.55,30.85,63.95,3.07,2024-03-20 15:00:00,0.973675,45.816277125,45.816277125
2024,3,20,16,237.35,29.76,70.83,2.73,2024-03-20 16:00:00,0.97858,23.2265963,23.2265963
2024,3,20,17,38.65,27.65,82.1,2.57,2024-03-20 17:00:00,0.988075,3.818909875,3.818909875
2024,3,20,18,0.0,26.14,89.29,2.36,2024-03-20 18:00:00,0.99487,0.0,0.0
2024,3,20,19,0.0,25.48,91.43,2.39,2024-03-20 19:00:00,0.99784,0.0,0.0
2024,3,20,20,0.0,25.04,93.2,2.33,2024-03-20 20:00:00,0.99982,0.0,0.0
2024,3,20,21,0.0,24.7,94.59,2.16,2024-03-20 21:00:00,1.00135,0.0,0.0
2024,3,20,22,0.0,24.57,95.54,1.91,2024-03-20 22:00:00,1.001935,0.0,0.0
2024,3,20,23,0.0,24.45,96.05,1.82,2024-03-20 23:00:00,1.002475,0.0,0.0
2024,3,21,0,0.0,24.21,96.61,1.81,2024-03-21 00:00:00,1.003555,0.0,0.0
2024,3,21,1,0.0,23.95,97.3,1.73,2024-03-21 01:00:00,1.004725,0.0,0.0
2024,3,21,2,0.0,23.82,96.77,1.55,2024-03-21 02:00:00,1.00531,0.0,0.0
2024,3,21,3,0.0,23.85,95.43,1.25,2024-03-21 03:00:00,1.005175,0.0,0.0
2024,3,21,4,0.0,23.77,94.74,0.96,2024-03-21 04:00:00,1.005535,0.0,0.0
2024,3,21,5,0.0,23.63,94.55,0.78,2024-03-21 05:00:00,1.006165,0.0,0.0
2024,3,21,6,76.65,24.75,92.21,0.93,2024-03-21 06:00:00,1.001125,7.6736231250000015,7.6736231250000015
2024,3,21,7,247.93,26.6,83.61,1.64,2024-03-21 07:00:00,0.9928,24.614490400000005,24.614490400000005
2024,3,21,8,430.6,28.29,76.14,2.73,2024-03-21 08:00:00,0.985195,42.4224967,42.4224967
2024,3,21,9,629.6,29.4,72.78,3.42,2024-03-21 09:00:00,0.9802,61.713392000000006,61.713392000000006
2024,3,21,10,735.8,30.18,71.19,3.48,2024-03-21 10:00:00,0.9766900000000001,71.8648502,71.8648502
2024,3,21,11,770.25,30.78,69.36,3.22,2024-03-21 11:00:00,0.97399,75.02157975,75.02157975
2024,3,21,12,738.58,31.08,68.0,2.94,2024-03-21 12:00:00,0.9726400000000001,71.83724512,71.83724512
2024,3,21,13,618.75,31.11,67.47,2.84,2024-03-21 13:00:00,0.972505,60.173746875,60.173746875
2024,3,21,14,586.0,30.85,67.82,2.8,2024-03-21 14:00:00,0.973675,57.057354999999994,57.057354999999994
2024,3,21,15,399.7,30.08,70.87,2.45,2024-03-21 15:00:00,0.97714,39.0562858,39.0562858
2024,3,21,16,195.9,29.19,76.1,1.88,2024-03-21 16:00:00,0.981145,19.220630550000003,19.220630550000003
2024,3,21,17,31.95,27.82,83.11,1.56,2024-03-21 17:00:00,0.98731,3.15445545,3.15445545
2024,3,21,18,0.0,26.74,90.11,1.22,2024-03-21 18:00:00,0.99217,0.0,0.0
2024,3,21,19,0.0,26.26,90.78,1.13,2024-03-21 19:00:00,0.99433,0.0,0.0
2024,3,21,20,0.0,25.86,91.1,1.05,2024-03-21 20:00:00,0.99613,0.0,0.0
2024,3,21,21,0.0,25.5,91.3,1.04,2024-03-21 21:00:00,0.99775,0.0,0.0
2024,3,21,22,0.0,25.17,91.76,1.01,2024-03-21 22:00:00,0.999235,0.0,0.0
2024,3,21,23,0.0,24.85,92.51,1.01,2024-03-21 23:00:00,1.000675,0.0,0.0
2024,3,22,0,0.0,24.55,93.18,0.98,2024-03-22 00:00:00,1.002025,0.0,0.0
2024,3,22,1,0.0,24.3,94.07,0.93,2024-03-22 01:00:00,1.00315,0.0,0.0
2024,3,22,2,0.0,24.11,95.06,0.92,2024-03-22 02:00:00,1.004005,0.0,0.0
2024,3,22,3,0.0,24.08,95.01,0.86,2024-03-22 03:00:00,1.00414,0.0,0.0
2024,3,22,4,0.0,24.19,94.19,0.59,2024-03-22 04:00:00,1.003645,0.0,0.0
2024,3,22,5,0.0,24.34,93.04,0.04,2024-03-22 05:00:00,1.00297,0.0,0.0
2024,3,22,6,95.28,25.06,92.57,0.96,2024-03-22 06:00:00,0.99973,9.525427440000001,9.525427440000001
2024,3,22,7,309.8,26.59,86.45,1.6,2024-03-22 07:00:00,0.992845,30.7583381,30.7583381
2024,3,22,8,559.28,27.92,80.31,1.94,2024-03-22 08:00:00,0.98686,55.19310607999999,55.19310607999999
2024,3,22,9,706.9,29.15,75.17,2.03,2024-03-22 09:00:00,0.981325,69.36986424999999,69.36986424999999
2024,3,22,10,786.67,30.06,71.06,1.82,2024-03-22 10:00:00,0.97723,76.87575241,76.87575241
2024,3,22,11,817.15,30.66,68.29,1.82,2024-03-22 11:00:00,0.97453,79.63371894999999,79.63371894999999
2024,3,22,12,749.92,30.38,68.21,2.02,2024-03-22 12:00:00,0.97579,73.17644367999999,73.17644367999999
2024,3,22,13,661.0,29.93,69.56,2.12,2024-03-22 13:00:00,0.977815,64.6335715,64.6335715
2024,3,22,14,529.25,29.46,72.23,2.01,2024-03-22 14:00:00,0.97993,51.86279525,51.86279525
2024,3,22,15,326.17,29.11,74.82,1.59,2024-03-22 15:00:00,0.981505,32.013748585,32.013748585
2024,3,22,16,148.25,28.79,73.98,1.15,2024-03-22 16:00:00,0.982945,14.572159625,14.572159625
2024,3,22,17,22.58,27.98,78.94,1.0,2024-03-22 17:00:00,0.98659,2.22772022,2.22772022
2024,3,22,18,0.0,27.22,85.37,1.05,2024-03-22 18:00:00,0.9900100000000001,0.0,0.0
2024,3,22,19,0.0,26.73,87.58,1.2,2024-03-22 19:00:00,0.992215,0.0,0.0
2024,3,22,20,0.0,26.17,90.26,1.44,2024-03-22 20:00:00,0.994735,0.0,0.0
2024,3,22,21,0.0,25.67,92.8,1.75,2024-03-22 21:00:00,0.996985,0.0,0.0
2024,3,22,22,0.0,25.39,94.16,1.94,2024-03-22 22:00:00,0.998245,0.0,0.0
2024,3,22,23,0.0,25.19,94.77,2.01,2024-03-22 23:00:00,0.999145,0.0,0.0
2024,3,23,0,0.0,24.97,95.27,2.06,2024-03-23 00:00:00,1.000135,0.0,0.0
2024,3,23,1,0.0,24.71,95.7,2.11,2024-03-23 01:00:00,1.001305,0.0,0.0
2024,3,23,2,0.0,24.48,96.08,2.19,2024-03-23 02:00:00,1.00234,0.0,0.0
2024,3,23,3,0.0,24.32,96.44,2.24,2024-03-23 03:00:00,1.00306,0.0,0.0
2024,3,23,4,0.0,24.15,96.45,2.28,2024-03-23 04:00:00,1.003825,0.0,0.0
2024,3,23,5,0.0,23.98,96.43,2.21,2024-03-23 05:00:00,1.00459,0.0,0.0
2024,3,23,6,77.55,25.15,93.76,2.37,2024-03-23 06:00:00,0.999325,7.749765374999999,7.749765374999999
2024,3,23,7,273.0,26.37,88.66,2.93,2024-03-23 07:00:00,0.993835,27.131695500000003,27.131695500000003
2024,3,23,8,519.17,27.85,81.92,2.88,2024-03-23 08:00:00,0.987175,51.25116447499999,51.25116447499999
2024,3,23,9,687.12,29.22,75.34,2.5,2024-03-23 09:00:00,0.98101,67.40715911999999,67.40715911999999
2024,3,23,10,766.95,30.39,70.16,2.12,2024-03-23 10:00:00,0.975745,74.834762775,74.834762775
2024,3,23,11,751.55,31.23,67.1,2.1,2024-03-23 11:00:00,0.971965,73.048029575,73.048029575
2024,3,23,12,664.9,31.5,66.14,2.52,2024-03-23 12:00:00,0.97075,64.54516749999999,64.54516749999999
2024,3,23,13,643.35,31.36,66.77,3.03,2024-03-23 13:00:00,0.97138,62.4937323,62.4937323
2024,3,23,14,638.4,30.79,68.9,3.43,2024-03-23 14:00:00,0.9739450000000001,62.1766488,62.1766488
2024,3,23,15,318.4,29.92,73.22,3.57,2024-03-23 15:00:00,0.97786,31.135062399999995,31.135062399999995
2024,3,23,16,149.55,28.95,78.66,3.43,2024-03-23 16:00:00,0.982225,14.689174875000003,14.689174875000003
2024,3,23,17,22.35,27.39,88.26,2.5,2024-03-23 17:00:00,0.989245,2.2109625750000004,2.2109625750000004
2024,3,23,18,0.0,26.41,93.08,2.14,2024-03-23 18:00:00,0.993655,0.0,0.0
2024,3,23,19,0.0,26.03,93.98,2.08,2024-03-23 19:00:00,0.9953649999999999,0.0,0.0
2024,3,23,20,0.0,25.71,94.52,2.06,2024-03-23 20:00:00,0.9968049999999999,0.0,0.0
2024,3,23,21,0.0,25.43,94.93,2.05,2024-03-23 21:00:00,0.998065,0.0,0.0
2024,3,23,22,0.0,25.17,95.24,2.06,2024-03-23 22:00:00,0.999235,0.0,0.0
2024,3,23,23,0.0,24.9,95.52,2.09,2024-03-23 23:00:00,1.00045,0.0,0.0
2024,3,24,0,0.0,24.71,95.75,2.12,2024-03-24 00:00:00,1.001305,0.0,0.0
2024,3,24,1,0.0,24.58,95.99,2.17,2024-03-24 01:00:00,1.00189,0.0,0.0
2024,3,24,2,0.0,24.47,96.19,2.23,2024-03-24 02:00:00,1.002385,0.0,0.0
2024,3,24,3,0.0,24.38,96.39,2.27,2024-03-24 03:00:00,1.00279,0.0,0.0
2024,3,24,4,0.0,24.27,96.59,2.3,2024-03-24 04:00:00,1.003285,0.0,0.0
2024,3,24,5,0.0,24.19,96.6,2.28,2024-03-24 05:00:00,1.003645,0.0,0.0
2024,3,24,6,88.32,25.48,92.96,2.75,2024-03-24 06:00:00,0.99784,8.812922879999999,8.812922879999999
2024,3,24,7,298.88,26.77,87.65,3.24,2024-03-24 07:00:00,0.992035,29.64994208,29.64994208
2024,3,24,8,525.22,28.06,81.42,3.38,2024-03-24 08:00:00,0.98623,51.79877206000001,51.79877206000001
2024,3,24,9,674.03,29.25,76.32,3.28,2024-03-24 09:00:00,0.980875,66.11391762500001,66.11391762500001
2024,3,24,10,775.9,30.04,72.96,3.18,2024-03-24 10:00:00,0.97732,75.83025879999998,75.83025879999998
2024,3,24,11,793.47,30.42,71.08,3.25,2024-03-24 11:00:00,0.97561,77.41172667,77.41172667
2024,3,24,12,741.83,30.49,70.38,3.47,2024-03-24 12:00:00,0.975295,72.350308985,72.350308985
2024,3,24,13,650.88,30.43,70.29,3.49,2024-03-24 13:00:00,0.975565,63.49757472000001,63.49757472000001
2024,3,24,14,486.83,30.0,71.75,3.3,2024-03-24 14:00:00,0.9775,47.587632500000005,47.587632500000005
2024,3,24,15,306.25,29.34,75.14,3.13,2024-03-24 15:00:00,0.98047,30.026893750000003,30.026893750000003
2024,3,24,16,152.32,28.38,81.22,2.82,2024-03-24 16:00:00,0.98479,15.000321279999998,15.000321279999998
2024,3,24,17,22.48,27.07,89.17,2.27,2024-03-24 17:00:00,0.990685,2.22705988,2.22705988
2024,3,24,18,0.0,26.24,93.44,2.04,2024-03-24 18:00:00,0.99442,0.0,0.0
2024,3,24,19,0.0,25.93,94.3,2.21,2024-03-24 19:00:00,0.995815,0.0,0.0
2024,3,24,20,0.0,25.71,94.89,2.31,2024-03-24 20:00:00,0.9968049999999999,0.0,0.0
2024,3,24,21,0.0,25.57,95.34,2.28,2024-03-24 21:00:00,0.997435,0.0,0.0
2024,3,24,22,0.0,25.5,95.55,2.38,2024-03-24 22:00:00,0.99775,0.0,0.0
2024,3,24,23,0.0,25.46,95.54,2.56,2024-03-24 23:00:00,0.99793,0.0,0.0
2024,3,25,0,0.0,25.38,95.58,2.64,2024-03-25 00:00:00,0.99829,0.0,0.0
2024,3,25,1,0.0,25.28,95.75,2.47,2024-03-25 01:00:00,0.99874,0.0,0.0
2024,3,25,2,0.0,25.13,95.93,2.5,2024-03-25 02:00:00,0.999415,0.0,0.0
2024,3,25,3,0.0,25.06,95.86,2.62,2024-03-25 03:00:00,0.99973,0.0,0.0
2024,3,25,4,0.0,25.0,95.91,2.39,2024-03-25 04:00:00,1.0,0.0,0.0
2024,3,25,5,0.0,24.94,95.83,2.36,2024-03-25 05:00:00,1.00027,0.0,0.0
2024,3,25,6,77.47,25.19,95.13,2.53,2024-03-25 06:00:00,0.999145,7.740376315,7.740376315
2024,3,25,7,256.08,25.69,93.43,2.8,2024-03-25 07:00:00,0.996895,25.528487159999997,25.528487159999997
2024,3,25,8,467.98,26.06,92.13,2.81,2024-03-25 08:00:00,0.9952300000000001,46.57477354,46.57477354
2024,3,25,9,590.72,26.52,90.23,2.75,2024-03-25 09:00:00,0.99316,58.667947520000006,58.667947520000006
2024,3,25,10,662.4,27.07,87.09,2.73,2024-03-25 10:00:00,0.990685,65.6229744,65.6229744
2024,3,25,11,704.2,27.96,82.25,2.81,2024-03-25 11:00:00,0.98668,69.48200560000001,69.48200560000001
2024,3,25,12,544.95,28.78,78.03,2.8,2024-03-25 12:00:00,0.98299,53.56804005000001,53.56804005000001
2024,3,25,13,472.3,29.31,74.97,2.52,2024-03-25 13:00:00,0.9806050000000001,46.31397415,46.31397415
2024,3,25,14,181.98,29.19,75.3,2.29,2024-03-25 14:00:00,0.981145,17.854876710000003,17.854876710000003
2024,3,25,15,140.1,28.77,77.35,2.11,2024-03-25 15:00:00,0.983035,13.77232035,13.77232035
2024,3,25,16,71.25,28.12,81.96,1.87,2024-03-25 16:00:00,0.98596,7.024964999999999,7.024964999999999
2024,3,25,17,11.88,26.97,89.54,1.72,2024-03-25 17:00:00,0.991135,1.1774683799999999,1.1774683799999999
2024,3,25,18,0.0,26.22,92.8,1.77,2024-03-25 18:00:00,0.99451,0.0,0.0
2024,3,25,19,0.0,25.88,93.27,1.86,2024-03-25 19:00:00,0.99604,0.0,0.0
2024,3,25,20,0.0,25.63,93.52,1.9,2024-03-25 20:00:00,0.997165,0.0,0.0
2024,3,25,21,0.0,25.39,93.81,1.92,2024-03-25 21:00:00,0.998245,0.0,0.0
2024,3,25,22,0.0,25.13,94.16,1.95,2024-03-25 22:00:00,0.999415,0.0,0.0
2024,3,25,23,0.0,24.89,94.55,1.98,2024-03-25 23:00:00,1.000495,0.0,0.0
2024,3,26,0,0.0,24.67,95.05,2.0,2024-03-26 00:00:00,1.001485,0.0,0.0
2024,3,26,1,0.0,24.48,95.44,2.05,2024-03-26 01:00:00,1.00234,0.0,0.0
2024,3,26,2,0.0,24.35,95.81,2.08,2024-03-26 02:00:00,1.002925,0.0,0.0
2024,3,26,3,0.0,24.29,96.07,2.09,2024-03-26 03:00:00,1.003195,0.0,0.0
2024,3,26,4,0.0,24.26,96.12,2.1,2024-03-26 04:00:00,1.00333,0.0,0.0
2024,3,26,5,0.0,24.23,96.15,2.11,2024-03-26 05:00:00,1.003465,0.0,0.0
2024,3,26,6,86.95,25.15,93.88,2.34,2024-03-26 06:00:00,0.999325,8.689130875,8.689130875
2024,3,26,7,286.1,26.27,88.73,3.33,2024-03-26 07:00:00,0.994285,28.446493850000003,28.446493850000003
2024,3,26,8,500.27,27.51,83.13,4.1,2024-03-26 08:00:00,0.988705,49.461945035,49.461945035
2024,3,26,9,635.6,28.58,78.12,4.51,2024-03-26 09:00:00,0.98389,62.536048400000006,62.536048400000006
2024,3,26,10,761.6,29.12,75.85,4.61,2024-03-26 10:00:00,0.98146,74.74799360000002,74.74799360000002
2024,3,26,11,744.85,29.29,75.28,4.45,2024-03-26 11:00:00,0.980695,73.047067075,73.047067075
2024,3,26,12,638.75,29.08,76.57,4.05,2024-03-26 12:00:00,0.98164,62.702255,62.702255
2024,3,26,13,506.0,28.61,79.5,3.86,2024-03-26 13:00:00,0.983755,49.778003000000005,49.778003000000005
2024,3,26,14,395.27,28.06,82.56,3.87,2024-03-26 14:00:00,0.98623,38.98271320999999,38.98271320999999
2024,3,26,15,234.3,27.47,85.92,3.69,2024-03-26 15:00:00,0.988885,23.16957555,23.16957555
2024,3,26,16,80.72,26.8,89.36,3.36,2024-03-26 16:00:00,0.9919,8.0066168,8.0066168
2024,3,26,17,14.15,25.97,93.07,2.86,2024-03-26 17:00:00,0.995635,1.408823525,1.408823525
2024,3,26,18,0.0,25.54,94.17,2.77,2024-03-26 18:00:00,0.99757,0.0,0.0
2024,3,26,19,0.0,25.36,94.3,2.77,2024-03-26 19:00:00,0.99838,0.0,0.0
2024,3,26,20,0.0,25.23,94.03,2.83,2024-03-26 20:00:00,0.998965,0.0,0.0
2024,3,26,21,0.0,25.09,94.23,2.63,2024-03-26 21:00:00,0.999595,0.0,0.0
2024,3,26,22,0.0,24.98,94.58,2.49,2024-03-26 22:00:00,1.00009,0.0,0.0
2024,3,26,23,0.0,24.84,94.86,2.37,2024-03-26 23:00:00,1.00072,0.0,0.0
2024,3,27,0,0.0,24.69,95.1,2.36,2024-03-27 00:00:00,1.001395,0.0,0.0
2024,3,27,1,0.0,24.54,95.34,2.41,2024-03-27 01:00:00,1.00207,0.0,0.0
2024,3,27,2,0.0,24.4,95.5,2.57,2024-03-27 02:00:00,1.0027,0.0,0.0
2024,3,27,3,0.0,24.23,95.75,2.69,2024-03-27 03:00:00,1.003465,0.0,0.0
2024,3,27,4,0.0,24.15,95.92,2.6,2024-03-27 04:00:00,1.003825,0.0,0.0
2024,3,27,5,0.0,24.07,96.29,2.41,2024-03-27 05:00:00,1.004185,0.0,0.0
2024,3,27,6,79.2,24.8,94.32,3.09,2024-03-27 06:00:00,1.0009,7.927128,7.927128
2024,3,27,7,263.98,25.69,90.98,3.82,2024-03-27 07:00:00,0.996895,26.316034209999998,26.316034209999998
2024,3,27,8,484.8,26.34,87.32,4.17,2024-03-27 08:00:00,0.99397,48.1876656,48.1876656
2024,3,27,9,624.67,26.8,84.99,4.01,2024-03-27 09:00:00,0.9919,61.961017299999995,61.961017299999995
2024,3,27,10,669.62,27.4,82.85,3.82,2024-03-27 10:00:00,0.9892,66.2388104,66.2388104
2024,3,27,11,617.17,27.73,81.41,3.65,2024-03-27 11:00:00,0.987715,60.958806655,60.958806655
2024,3,27,12,508.23,27.74,81.33,3.46,2024-03-27 12:00:00,0.98767,50.19635241000001,50.19635241000001
2024,3,27,13,436.9,27.61,82.03,3.27,2024-03-27 13:00:00,0.988255,43.17686095,43.17686095
2024,3,27,14,339.67,27.27,83.23,3.25,2024-03-27 14:00:00,0.989785,33.620027095000005,33.620027095000005
2024,3,27,15,212.75,26.79,85.08,3.36,2024-03-27 15:00:00,0.991945,21.103629875,21.103629875
2024,3,27,16,95.3,26.11,88.27,3.28,2024-03-27 16:00:00,0.995005,9.48239765,9.48239765
2024,3,27,17,14.55,25.33,92.87,2.47,2024-03-27 17:00:00,0.998515,1.4528393250000002,1.4528393250000002
2024,3,27,18,0.0,24.92,94.63,2.26,2024-03-27 18:00:00,1.00036,0.0,0.0
2024,3,27,19,0.0,24.74,95.16,2.21,2024-03-27 19:00:00,1.0011700000000001,0.0,0.0
2024,3,27,20,0.0,24.51,95.73,2.11,2024-03-27 20:00:00,1.002205,0.0,0.0
2024,3,27,21,0.0,24.23,96.21,2.1,2024-03-27 21:00:00,1.003465,0.0,0.0
2024,3,27,22,0.0,23.94,96.72,2.07,2024-03-27 22:00:00,1.00477,0.0,0.0
2024,3,27,23,0.0,23.83,96.81,1.97,2024-03-27 23:00:00,1.005265,0.0,0.0
2024,3,28,0,0.0,23.72,96.7,2.0,2024-03-28 00:00:00,1.00576,0.0,0.0
2024,3,28,1,0.0,23.51,96.9,2.05,2024-03-28 01:00:00,1.006705,0.0,0.0
2024,3,28,2,0.0,23.36,97.03,1.98,2024-03-28 02:00:00,1.00738,0.0,0.0
2024,3,28,3,0.0,23.29,96.95,1.92,2024-03-28 03:00:00,1.007695,0.0,0.0
2024,3,28,4,0.0,23.26,96.94,1.87,2024-03-28 04:00:00,1.00783,0.0,0.0
2024,3,28,5,0.0,23.2,96.95,1.81,2024-03-28 05:00:00,1.0081,0.0,0.0
2024,3,28,6,73.07,24.17,94.39,2.5,2024-03-28 06:00:00,1.003735,7.3342916449999995,7.3342916449999995
2024,3,28,7,232.55,25.3,89.61,2.94,2024-03-28 07:00:00,0.99865,23.22360575,23.22360575
2024,3,28,8,421.23,26.72,83.23,2.91,2024-03-28 08:00:00,0.99226,41.79696798,41.79696798
2024,3,28,9,574.6,28.03,78.13,2.71,2024-03-28 09:00:00,0.986365,56.676532900000005,56.676532900000005
2024,3,28,10,664.22,29.02,74.5,2.58,2024-03-28 10:00:00,0.98191,65.22042601999999,65.22042601999999
2024,3,28,11,644.75,29.59,72.37,2.54,2024-03-28 11:00:00,0.979345,63.14326887500001,63.14326887500001
2024,3,28,12,596.65,29.8,71.7,2.64,2024-03-28 12:00:00,0.9784,58.376236,58.376236
2024,3,28,13,549.7,29.84,71.34,2.88,2024-03-28 13:00:00,0.97822,53.772753400000006,53.772753400000006
2024,3,28,14,330.1,29.44,72.85,3.3,2024-03-28 14:00:00,0.98002,32.3504602,32.3504602
2024,3,28,15,259.05,28.44,77.44,3.81,2024-03-28 15:00:00,0.98452,25.503990599999998,25.503990599999998
2024,3,28,16,118.25,27.25,83.21,3.83,2024-03-28 16:00:00,0.989875,11.705271875,11.705271875
2024,3,28,17,16.2,25.95,90.24,2.95,2024-03-28 17:00:00,0.995725,1.6130744999999997,1.6130744999999997
2024,3,28,18,0.0,25.28,93.28,2.63,2024-03-28 18:00:00,0.99874,0.0,0.0
2024,3,28,19,0.0,24.96,94.29,2.48,2024-03-28 19:00:00,1.00018,0.0,0.0
2024,3,28,20,0.0,24.71,94.92,2.38,2024-03-28 20:00:00,1.001305,0.0,0.0
2024,3,28,21,0.0,24.46,95.47,2.28,2024-03-28 21:00:00,1.00243,0.0,0.0
2024,3,28,22,0.0,24.24,95.72,2.17,2024-03-28 22:00:00,1.00342,0.0,0.0
2024,3,28,23,0.0,24.16,95.74,2.1,2024-03-28 23:00:00,1.00378,0.0,0.0
2024,3,29,0,0.0,24.05,95.81,2.03,2024-03-29 00:00:00,1.004275,0.0,0.0
2024,3,29,1,0.0,23.95,95.8,1.99,2024-03-29 01:00:00,1.004725,0.0,0.0
2024,3,29,2,0.0,23.84,95.7,1.98,2024-03-29 02:00:00,1.00522,0.0,0.0
2024,3,29,3,0.0,23.45,95.92,2.05,2024-03-29 03:00:00,1.006975,0.0,0.0
2024,3,29,4,0.0,23.24,96.02,2.0,2024-03-29 04:00:00,1.00792,0.0,0.0
2024,3,29,5,0.0,23.1,96.0,1.92,2024-03-29 05:00:00,1.00855,0.0,0.0
2024,3,29,6,88.4,24.66,91.86,2.09,2024-03-29 06:00:00,1.00153,8.8535252,8.8535252
2024,3,29,7,300.92,26.28,85.19,2.44,2024-03-29 07:00:00,0.99424,29.918670080000002,29.918670080000002
2024,3,29,8,551.75,27.92,78.05,2.43,2024-03-29 08:00:00,0.98686,54.450000499999994,54.450000499999994
2024,3,29,9,726.42,29.4,72.12,2.39,2024-03-29 09:00:00,0.9802,71.20368839999999,71.20368839999999
2024,3,29,10,810.7,30.42,68.63,2.49,2024-03-29 10:00:00,0.97561,79.0927027,79.0927027
2024,3,29,11,815.65,30.95,67.25,2.72,2024-03-29 11:00:00,0.973225,79.381097125,79.381097125
2024,3,29,12,764.47,31.09,67.37,2.94,2024-03-29 12:00:00,0.972595,74.351969965,74.351969965
2024,3,29,13,644.15,30.93,68.41,3.13,2024-03-29 13:00:00,0.973315,62.69608572500001,62.69608572500001
2024,3,29,14,499.8,30.45,70.98,3.37,2024-03-29 14:00:00,0.975475,48.7542405,48.7542405
2024,3,29,15,350.8,29.67,75.15,3.6,2024-03-29 15:00:00,0.978985,34.342793799999995,34.342793799999995
2024,3,29,16,160.25,28.5,82.14,3.32,2024-03-29 16:00:00,0.98425,15.772606249999997,15.772606249999997
2024,3,29,17,20.65,27.11,89.66,2.7,2024-03-29 17:00:00,0.990505,2.045392825,2.045392825
2024,3,29,18,0.0,26.28,93.91,2.27,2024-03-29 18:00:00,0.99424,0.0,0.0
2024,3,29,19,0.0,25.99,94.83,2.21,2024-03-29 19:00:00,0.995545,0.0,0.0
2024,3,29,20,0.0,25.79,95.13,2.23,2024-03-29 20:00:00,0.996445,0.0,0.0
2024,3,29,21,0.0,25.59,95.44,2.26,2024-03-29 21:00:00,0.997345,0.0,0.0
2024,3,29,22,0.0,25.41,95.6,2.29,2024-03-29 22:00:00,0.998155,0.0,0.0
2024,3,29,23,0.0,25.17,95.92,2.33,2024-03-29 23:00:00,0.999235,0.0,0.0
2024,3,30,0,0.0,24.88,96.27,2.37,2024-03-30 00:00:00,1.00054,0.0,0.0
2024,3,30,1,0.0,24.62,96.69,2.42,2024-03-30 01:00:00,1.00171,0.0,0.0
2024,3,30,2,0.0,24.44,97.01,2.43,2024-03-30 02:00:00,1.00252,0.0,0.0
2024,3,30,3,0.0,24.28,97.38,2.43,2024-03-30 03:00:00,1.00324,0.0,0.0
2024,3,30,4,0.0,24.14,97.71,2.37,2024-03-30 04:00:00,1.00387,0.0,0.0
2024,3,30,5,0.0,24.05,97.89,2.29,2024-03-30 05:00:00,1.004275,0.0,0.0
2024,3,30,6,81.53,25.44,94.63,2.85,2024-03-30 06:00:00,0.99802,8.13685706,8.13685706
2024,3,30,7,266.98,26.83,90.11,3.62,2024-03-30 07:00:00,0.991765,26.47814197,26.47814197
2024,3,30,8,465.73,28.26,83.95,3.73,2024-03-30 08:00:00,0.98533,45.88977409,45.88977409
2024,3,30,9,620.9,29.3,79.42,3.48,2024-03-30 09:00:00,0.98065,60.8885585,60.8885585
2024,3,30,10,722.58,30.15,76.42,3.39,2024-03-30 10:00:00,0.976825,70.58342085,70.58342085
2024,3,30,11,805.08,30.62,74.74,3.49,2024-03-30 11:00:00,0.97471,78.47195267999999,78.47195267999999
2024,3,30,12,740.28,30.74,74.13,3.71,2024-03-30 12:00:00,0.97417,72.11585675999999,72.11585675999999
2024,3,30,13,655.22,30.87,73.48,3.91,2024-03-30 13:00:00,0.973585,63.79123637000001,63.79123637000001
2024,3,30,14,510.4,30.45,74.91,4.11,2024-03-30 14:00:00,0.975475,49.788244,49.788244
2024,3,30,15,308.73,29.45,79.31,4.14,2024-03-30 15:00:00,0.979975,30.254768175000002,30.254768175000002
2024,3,30,16,140.43,28.32,84.7,3.94,2024-03-30 16:00:00,0.98506,13.83319758,13.83319758
2024,3,30,17,18.1,27.02,91.32,3.13,2024-03-30 17:00:00,0.99091,1.7935471,1.7935471
2024,3,30,18,0.0,26.27,93.72,3.05,2024-03-30 18:00:00,0.994285,0.0,0.0
2024,3,30,19,0.0,25.95,94.01,3.28,2024-03-30 19:00:00,0.995725,0.0,0.0
2024,3,30,20,0.0,25.67,94.17,3.5,2024-03-30 20:00:00,0.996985,0.0,0.0
2024,3,30,21,0.0,25.42,94.02,3.58,2024-03-30 21:00:00,0.9981099999999999,0.0,0.0
2024,3,30,22,0.0,25.13,94.05,3.59,2024-03-30 22:00:00,0.999415,0.0,0.0
2024,3,30,23,0.0,24.83,94.26,3.49,2024-03-30 23:00:00,1.000765,0.0,0.0
2024,3,31,0,0.0,24.58,94.31,3.42,2024-03-31 00:00:00,1.00189,0.0,0.0
2024,3,31,1,0.0,24.36,94.38,3.46,2024-03-31 01:00:00,1.00288,0.0,0.0
2024,3,31,2,0.0,24.14,94.59,3.22,2024-03-31 02:00:00,1.00387,0.0,0.0
2024,3,31,3,0.0,23.92,94.57,3.04,2024-03-31 03:00:00,1.00486,0.0,0.0
2024,3,31,4,0.0,23.84,94.26,3.05,2024-03-31 04:00:00,1.00522,0.0,0.0
2024,3,31,5,0.0,23.7,94.67,2.49,2024-03-31 05:00:00,1.00585,0.0,0.0
2024,3,31,6,92.62,24.44,93.99,1.73,2024-03-31 06:00:00,1.00252,9.285340240000002,9.285340240000002
2024,3,31,7,272.12,25.52,88.09,1.45,2024-03-31 07:00:00,0.99766,27.148323920000003,27.148323920000003
2024,3,31,8,478.92,26.91,82.29,1.31,2024-03-31 08:00:00,0.991405,47.48036826,47.48036826
2024,3,31,9,629.45,28.52,73.85,1.9,2024-03-31 09:00:00,0.98416,61.94795120000001,61.94795120000001
2024,3,31,10,717.88,29.73,70.48,2.15,2024-03-31 10:00:00,0.978715,70.25999242,70.25999242
2024,3,31,11,760.35,30.37,69.47,2.57,2024-03-31 11:00:00,0.975835,74.197614225,74.197614225
2024,3,31,12,738.53,30.75,69.16,3.06,2024-03-31 12:00:00,0.974125,71.94205362500001,71.94205362500001
2024,3,31,13,621.38,30.64,69.95,3.66,2024-03-31 13:00:00,0.97462,60.560937560000006,60.560937560000006
2024,3,31,14,477.5,29.94,72.33,4.39,2024-03-31 14:00:00,0.97777,46.6885175,46.6885175
2024,3,31,15,297.3,28.85,76.69,4.82,2024-03-31 15:00:00,0.982675,29.21492775,29.21492775
2024,3,31,16,136.88,27.51,82.5,4.66,2024-03-31 16:00:00,0.988705,13.53339404,13.53339404
2024,3,31,17,19.52,26.11,89.27,3.72,2024-03-31 17:00:00,0.995005,1.94224976,1.94224976
2024,3,31,18,0.0,25.43,91.88,3.21,2024-03-31 18:00:00,0.998065,0.0,0.0
2024,3,31,19,0.0,25.15,92.67,2.81,2024-03-31 19:00:00,0.999325,0.0,0.0
2024,3,31,20,0.0,24.92,93.19,2.47,2024-03-31 20:00:00,1.00036,0.0,0.0
2024,3,31,21,0.0,24.71,93.37,2.37,2024-03-31 21:00:00,1.001305,0.0,0.0
2024,3,31,22,0.0,24.57,93.68,2.31,2024-03-31 22:00:00,1.001935,0.0,0.0
2024,3,31,23,0.0,24.42,94.18,2.2,2024-03-31 23:00:00,1.00261,0.0,0.0
2024,4,1,0,0.0,24.3,94.52,2.11,2024-04-01 00:00:00,1.00315,0.0,0.0
2024,4,1,1,0.0,24.16,94.91,2.04,2024-04-01 01:00:00,1.00378,0.0,0.0
2024,4,1,2,0.0,23.96,95.31,2.04,2024-04-01 02:00:00,1.00468,0.0,0.0
2024,4,1,3,0.0,23.87,95.51,2.15,2024-04-01 03:00:00,1.005085,0.0,0.0
2024,4,1,4,0.0,23.83,95.55,2.18,2024-04-01 04:00:00,1.005265,0.0,0.0
2024,4,1,5,0.0,23.9,95.51,2.14,2024-04-01 05:00:00,1.00495,0.0,0.0
2024,4,1,6,76.97,24.84,93.19,2.78,2024-04-01 06:00:00,1.00072,7.70254184,7.70254184
2024,4,1,7,221.82,25.62,90.35,3.44,2024-04-01 07:00:00,0.99721,22.12011222,22.12011222
2024,4,1,8,410.42,26.54,86.21,3.72,2024-04-01 08:00:00,0.99307,40.75757894,40.75757894
2024,4,1,9,545.7,27.18,82.55,3.81,2024-04-01 09:00:00,0.99019,54.03466830000001,54.03466830000001
2024,4,1,10,568.9,27.61,80.31,3.93,2024-04-01 10:00:00,0.988255,56.22182694999999,56.22182694999999
2024,4,1,11,593.6,27.81,79.51,4.13,2024-04-01 11:00:00,0.987355,58.6093928,58.6093928
2024,4,1,12,520.42,27.68,80.46,4.35,2024-04-01 12:00:00,0.98794,51.41437348,51.41437348
2024,4,1,13,502.95,27.38,81.92,4.5,2024-04-01 13:00:00,0.98929,49.756340550000004,49.756340550000004
2024,4,1,14,321.95,26.99,83.66,4.55,2024-04-01 14:00:00,0.991045,31.906693774999997,31.906693774999997
2024,4,1,15,233.27,26.4,86.16,4.42,2024-04-01 15:00:00,0.9937,23.180039900000004,23.180039900000004
2024,4,1,16,120.45,25.66,90.13,3.7,2024-04-01 16:00:00,0.99703,12.009226349999999,12.009226349999999
2024,4,1,17,15.82,25.04,93.62,2.66,2024-04-01 17:00:00,0.99982,1.58171524,1.58171524
2024,4,1,18,0.0,24.62,95.07,2.15,2024-04-01 18:00:00,1.00171,0.0,0.0
2024,4,1,19,0.0,24.41,95.54,1.91,2024-04-01 19:00:00,1.002655,0.0,0.0
2024,4,1,20,0.0,24.25,96.0,1.71,2024-04-01 20:00:00,1.003375,0.0,0.0
2024,4,1,21,0.0,24.12,96.35,1.57,2024-04-01 21:00:00,1.00396,0.0,0.0
2024,4,1,22,0.0,24.12,96.45,1.45,2024-04-01 22:00:00,1.00396,0.0,0.0
2024,4,1,23,0.0,24.13,96.75,1.39,2024-04-01 23:00:00,1.0039150000000001,0.0,0.0
2024,4,2,0,0.0,24.2,96.85,1.46,2024-04-02 00:00:00,1.0036,0.0,0.0
2024,4,2,1,0.0,24.12,97.14,1.69,2024-04-02 01:00:00,1.00396,0.0,0.0
2024,4,2,2,0.0,24.12,97.35,1.8,2024-04-02 02:00:00,1.00396,0.0,0.0
2024,4,2,3,0.0,24.16,97.59,1.83,2024-04-02 03:00:00,1.00378,0.0,0.0
2024,4,2,4,0.0,24.21,97.67,1.83,2024-04-02 04:00:00,1.003555,0.0,0.0
2024,4,2,5,0.0,24.28,97.6,1.81,2024-04-02 05:00:00,1.00324,0.0,0.0
2024,4,2,6,64.6,25.42,95.55,1.87,2024-04-02 06:00:00,0.9981099999999999,6.4477905999999985,6.4477905999999985
2024,4,2,7,224.77,26.43,92.18,2.56,2024-04-02 07:00:00,0.993565,22.332360505,22.332360505
2024,4,2,8,406.15,27.35,88.73,3.08,2024-04-02 08:00:00,0.989425,40.18549637499999,40.18549637499999
2024,4,2,9,491.2,28.11,84.64,3.51,2024-04-02 09:00:00,0.986005,48.4325656,48.4325656
2024,4,2,10,545.2,28.82,81.14,3.94,2024-04-02 10:00:00,0.98281,53.5828012,53.5828012
2024,4,2,11,697.3,29.31,79.12,3.98,2024-04-02 11:00:00,0.9806050000000001,68.37758665,68.37758665
2024,4,2,12,688.33,28.66,81.56,4.16,2024-04-02 12:00:00,0.98353,67.69932049,67.69932049
2024,4,2,13,637.85,27.67,85.5,4.44,2024-04-02 13:00:00,0.987985,63.018623225000006,63.018623225000006
2024,4,2,14,458.42,26.88,88.67,4.71,2024-04-02 14:00:00,0.99154,45.454176679999996,45.454176679999996
2024,4,2,15,255.3,26.16,91.82,4.67,2024-04-02 15:00:00,0.99478,25.396733400000002,25.396733400000002
2024,4,2,16,116.85,25.69,94.6,4.29,2024-04-02 16:00:00,0.996895,11.648718074999998,11.648718074999998
2024,4,2,17,17.02,25.48,95.93,3.82,2024-04-02 17:00:00,0.99784,1.69832368,1.69832368
2024,4,2,18,0.0,25.44,96.11,3.89,2024-04-02 18:00:00,0.99802,0.0,0.0
2024,4,2,19,0.0,25.43,96.24,3.66,2024-04-02 19:00:00,0.998065,0.0,0.0
2024,4,2,20,0.0,25.41,96.58,3.13,2024-04-02 20:00:00,0.998155,0.0,0.0
2024,4,2,21,0.0,25.49,96.6,3.11,2024-04-02 21:00:00,0.997795,0.0,0.0
2024,4,2,22,0.0,25.54,96.68,3.11,2024-04-02 22:00:00,0.99757,0.0,0.0
2024,4,2,23,0.0,25.46,97.0,2.78,2024-04-02 23:00:00,0.99793,0.0,0.0
2024,4,3,0,0.0,25.38,97.2,2.67,2024-04-03 00:00:00,0.99829,0.0,0.0
2024,4,3,1,0.0,25.47,96.68,2.66,2024-04-03 01:00:00,0.997885,0.0,0.0
2024,4,3,2,0.0,25.52,96.16,3.01,2024-04-03 02:00:00,0.99766,0.0,0.0
2024,4,3,3,0.0,25.58,95.38,3.6,2024-04-03 03:00:00,0.99739,0.0,0.0
2024,4,3,4,0.0,25.59,94.68,4.27,2024-04-03 04:00:00,0.997345,0.0,0.0
2024,4,3,5,0.0,25.36,94.91,3.82,2024-04-03 05:00:00,0.99838,0.0,0.0
2024,4,3,6,73.05,25.51,94.95,2.8,2024-04-03 06:00:00,0.997705,7.2882350250000005,7.2882350250000005
2024,4,3,7,241.12,26.24,92.77,2.8,2024-04-03 07:00:00,0.99442,23.977455040000002,23.977455040000002
2024,4,3,8,433.17,26.82,90.5,3.32,2024-04-03 08:00:00,0.99181,42.96223377,42.96223377
2024,4,3,9,549.58,27.43,87.62,3.66,2024-04-03 09:00:00,0.989065,54.35703427000001,54.35703427000001
2024,4,3,10,605.3,28.07,84.24,3.61,2024-04-03 10:00:00,0.986185,59.69377804999999,59.69377804999999
2024,4,3,11,695.33,28.62,81.36,3.45,2024-04-03 11:00:00,0.98371,68.40030743,68.40030743
2024,4,3,12,654.17,28.91,79.71,3.19,2024-04-03 12:00:00,0.982405,64.26598788499999,64.26598788499999
2024,4,3,13,505.65,28.81,80.2,3.05,2024-04-03 13:00:00,0.982855,49.69806307499999,49.69806307499999
2024,4,3,14,411.35,28.42,82.68,3.27,2024-04-03 14:00:00,0.98461,40.501932350000004,40.501932350000004
2024,4,3,15,261.3,27.77,86.27,3.57,2024-04-03 15:00:00,0.987535,25.804289550000004,25.804289550000004
2024,4,3,16,124.0,26.95,90.8,3.38,2024-04-03 16:00:00,0.991225,12.29119,12.29119
2024,4,3,17,17.4,26.18,94.21,2.9,2024-04-03 17:00:00,0.99469,1.7307605999999998,1.7307605999999998
2024,4,3,18,0.0,25.81,95.12,2.79,2024-04-03 18:00:00,0.996355,0.0,0.0
2024,4,3,19,0.0,25.66,95.25,2.9,2024-04-03 19:00:00,0.99703,0.0,0.0
2024,4,3,20,0.0,25.58,95.21,3.1,2024-04-03 20:00:00,0.99739,0.0,0.0
2024,4,3,21,0.0,25.54,95.15,3.27,2024-04-03 21:00:00,0.99757,0.0,0.0
2024,4,3,22,0.0,25.47,95.25,3.34,2024-04-03 22:00:00,0.997885,0.0,0.0
2024,4,3,23,0.0,25.39,95.36,3.57,2024-04-03 23:00:00,0.998245,0.0,0.0
2024,4,4,0,0.0,25.27,95.5,3.81,2024-04-04 00:00:00,0.998785,0.0,0.0
2024,4,4,1,0.0,25.19,95.5,3.95,2024-04-04 01:00:00,0.999145,0.0,0.0
2024,4,4,2,0.0,25.03,95.66,3.91,2024-04-04 02:00:00,0.999865,0.0,0.0
2024,4,4,3,0.0,24.86,95.83,3.56,2024-04-04 03:00:00,1.00063,0.0,0.0
2024,4,4,4,0.0,24.7,96.0,3.14,2024-04-04 04:00:00,1.00135,0.0,0.0
2024,4,4,5,0.0,24.53,96.39,2.6,2024-04-04 05:00:00,1.002115,0.0,0.0
2024,4,4,6,79.75,25.01,95.43,2.57,2024-04-04 06:00:00,0.999955,7.974641125000001,7.974641125000001
2024,4,4,7,243.77,25.62,93.62,2.87,2024-04-04 07:00:00,0.99721,24.308988170000003,24.308988170000003
2024,4,4,8,430.1,26.24,91.3,2.97,2024-04-04 08:00:00,0.99442,42.7700042,42.7700042
2024,4,4,9,676.9,26.82,88.56,2.97,2024-04-04 09:00:00,0.99181,67.1356189,67.1356189
2024,4,4,10,794.38,27.26,86.46,2.86,2024-04-04 10:00:00,0.98983,78.63011554,78.63011554
2024,4,4,11,817.2,27.58,85.19,2.73,2024-04-04 11:00:00,0.98839,80.7712308,80.7712308
2024,4,4,12,744.2,27.79,84.62,2.63,2024-04-04 12:00:00,0.987445,73.48565690000001,73.48565690000001
2024,4,4,13,628.67,27.83,84.78,2.51,2024-04-04 13:00:00,0.9872650000000001,62.066388755,62.066388755
2024,4,4,14,549.5,27.67,85.77,2.42,2024-04-04 14:00:00,0.987985,54.28977575,54.28977575
2024,4,4,15,391.77,27.25,88.37,2.34,2024-04-04 15:00:00,0.989875,38.780332875,38.780332875
2024,4,4,16,183.15,26.71,91.38,2.12,2024-04-04 16:00:00,0.992305,18.174066075000002,18.174066075000002
2024,4,4,17,20.77,26.07,94.54,1.69,2024-04-04 17:00:00,0.995185,2.066999245,2.066999245
2024,4,4,18,0.0,25.72,95.51,1.61,2024-04-04 18:00:00,0.99676,0.0,0.0
2024,4,4,19,0.0,25.58,95.81,1.6,2024-04-04 19:00:00,0.99739,0.0,0.0
2024,4,4,20,0.0,25.5,96.01,1.58,2024-04-04 20:00:00,0.99775,0.0,0.0
2024,4,4,21,0.0,25.4,96.3,1.59,2024-04-04 21:00:00,0.9982,0.0,0.0
2024,4,4,22,0.0,25.29,96.53,1.58,2024-04-04 22:00:00,0.998695,0.0,0.0
2024,4,4,23,0.0,25.18,96.77,1.58,2024-04-04 23:00:00,0.99919,0.0,0.0
2024,4,5,0,0.0,25.12,96.7,1.64,2024-04-05 00:00:00,0.99946,0.0,0.0
2024,4,5,1,0.0,25.03,96.87,1.76,2024-04-05 01:00:00,0.999865,0.0,0.0
2024,4,5,2,0.0,24.99,96.8,1.87,2024-04-05 02:00:00,1.000045,0.0,0.0
2024,4,5,3,0.0,24.92,96.87,1.87,2024-04-05 03:00:00,1.00036,0.0,0.0
2024,4,5,4,0.0,24.84,96.89,1.76,2024-04-05 04:00:00,1.00072,0.0,0.0
2024,4,5,5,0.0,24.8,96.8,1.64,2024-04-05 05:00:00,1.0009,0.0,0.0
2024,4,5,6,86.12,25.28,96.3,1.57,2024-04-05 06:00:00,0.99874,8.60114888,8.60114888
2024,4,5,7,262.25,25.88,93.91,2.07,2024-04-05 07:00:00,0.99604,26.121149,26.121149
2024,4,5,8,441.42,26.47,91.56,2.02,2024-04-05 08:00:00,0.993385,43.85000067,43.85000067
2024,4,5,9,613.9,27.14,88.36,1.74,2024-04-05 09:00:00,0.99037,60.7988143,60.7988143
2024,4,5,10,690.17,27.71,85.83,1.52,2024-04-05 10:00:00,0.987805,68.175337685,68.175337685
2024,4,5,11,707.05,28.14,84.2,1.45,2024-04-05 11:00:00,0.98587,69.70593835,69.70593835
2024,4,5,12,668.75,28.47,82.66,1.47,2024-04-05 12:00:00,0.984385,65.830746875,65.830746875
2024,4,5,13,527.47,28.74,80.74,1.58,2024-04-05 13:00:00,0.98317,51.85926799,51.85926799
2024,4,5,14,368.08,28.73,80.42,1.79,2024-04-05 14:00:00,0.983215,36.190177719999994,36.190177719999994
2024,4,5,15,276.2,28.12,83.33,2.09,2024-04-05 15:00:00,0.98596,27.2322152,27.2322152
2024,4,5,16,128.52,27.23,88.96,2.08,2024-04-05 16:00:00,0.989965,12.723030180000002,12.723030180000002
2024,4,5,17,17.8,26.25,93.76,1.78,2024-04-05 17:00:00,0.994375,1.7699875,1.7699875
2024,4,5,18,0.0,25.64,95.88,1.66,2024-04-05 18:00:00,0.99712,0.0,0.0
2024,4,5,19,0.0,25.43,96.21,1.7,2024-04-05 19:00:00,0.998065,0.0,0.0
2024,4,5,20,0.0,25.26,96.43,1.69,2024-04-05 20:00:00,0.99883,0.0,0.0
2024,4,5,21,0.0,25.13,96.32,1.66,2024-04-05 21:00:00,0.999415,0.0,0.0
2024,4,5,22,0.0,24.96,96.37,1.64,2024-04-05 22:00:00,1.00018,0.0,0.0
2024,4,5,23,0.0,24.8,96.23,1.61,2024-04-05 23:00:00,1.0009,0.0,0.0
2024,4,6,0,0.0,24.63,96.1,1.57,2024-04-06 00:00:00,1.001665,0.0,0.0
2024,4,6,1,0.0,24.43,96.18,1.56,2024-04-06 01:00:00,1.002565,0.0,0.0
2024,4,6,2,0.0,24.23,96.27,1.58,2024-04-06 02:00:00,1.003465,0.0,0.0
2024,4,6,3,0.0,24.09,96.45,1.57,2024-04-06 03:00:00,1.004095,0.0,0.0
2024,4,6,4,0.0,23.99,96.64,1.58,2024-04-06 04:00:00,1.004545,0.0,0.0
2024,4,6,5,0.0,23.9,96.73,1.61,2024-04-06 05:00:00,1.00495,0.0,0.0
2024,4,6,6,96.25,24.94,94.85,1.76,2024-04-06 06:00:00,1.00027,9.62759875,9.62759875
2024,4,6,7,302.67,26.04,89.96,2.4,2024-04-06 07:00:00,0.99532,30.12535044,30.12535044
2024,4,6,8,530.05,27.23,84.46,2.6,2024-04-06 08:00:00,0.989965,52.47309482499999,52.47309482499999
2024,4,6,9,715.55,28.44,78.9,2.6,2024-04-06 09:00:00,0.98452,70.44732859999999,70.44732859999999
2024,4,6,10,845.92,29.42,74.93,2.65,2024-04-06 10:00:00,0.98011,82.90946512000001,82.90946512000001
2024,4,6,11,875.0,29.96,72.85,2.72,2024-04-06 11:00:00,0.97768,85.547,85.547
2024,4,6,12,863.15,30.13,72.04,2.76,2024-04-06 12:00:00,0.976915,84.32241822499999,84.32241822499999
2024,4,6,13,746.9,30.13,71.71,2.76,2024-04-06 13:00:00,0.976915,72.96578135,72.96578135
2024,4,6,14,542.45,29.86,72.11,2.75,2024-04-06 14:00:00,0.97813,53.058661850000014,53.058661850000014
2024,4,6,15,325.83,29.28,73.74,2.78,2024-04-06 15:00:00,0.98074,31.955451419999996,31.955451419999996
2024,4,6,16,153.85,28.25,79.63,2.55,2024-04-06 16:00:00,0.985375,15.159994374999998,15.159994374999998
2024,4,6,17,19.48,26.71,88.16,2.12,2024-04-06 17:00:00,0.992305,1.9330101400000002,1.9330101400000002
2024,4,6,18,0.0,25.47,93.45,1.9,2024-04-06 18:00:00,0.997885,0.0,0.0
2024,4,6,19,0.0,24.97,94.76,1.89,2024-04-06 19:00:00,1.000135,0.0,0.0
2024,4,6,20,0.0,24.66,95.46,1.86,2024-04-06 20:00:00,1.00153,0.0,0.0
2024,4,6,21,0.0,24.38,96.31,1.83,2024-04-06 21:00:00,1.00279,0.0,0.0
2024,4,6,22,0.0,24.08,97.26,1.79,2024-04-06 22:00:00,1.00414,0.0,0.0
2024,4,6,23,0.0,23.8,97.93,1.71,2024-04-06 23:00:00,1.0054,0.0,0.0
2024,4,7,0,0.0,23.59,98.12,1.6,2024-04-07 00:00:00,1.006345,0.0,0.0
2024,4,7,1,0.0,23.43,97.94,1.54,2024-04-07 01:00:00,1.007065,0.0,0.0
2024,4,7,2,0.0,23.26,98.0,1.51,2024-04-07 02:00:00,1.00783,0.0,0.0
2024,4,7,3,0.0,23.18,97.81,1.48,2024-04-07 03:00:00,1.00819,0.0,0.0
2024,4,7,4,0.0,23.15,97.44,1.44,2024-04-07 04:00:00,1.008325,0.0,0.0
2024,4,7,5,0.0,23.18,96.92,1.35,2024-04-07 05:00:00,1.00819,0.0,0.0
2024,4,7,6,105.62,24.51,94.1,1.2,2024-04-07 06:00:00,1.002205,10.585289210000001,10.585289210000001
2024,4,7,7,331.6,26.11,87.66,1.36,2024-04-07 07:00:00,0.995005,32.994365800000004,32.994365800000004
2024,4,7,8,559.9,27.54,81.15,1.49,2024-04-07 08:00:00,0.98857,55.35003429999999,55.35003429999999
2024,4,7,9,768.28,28.9,75.09,1.69,2024-04-07 09:00:00,0.98245,75.47966860000001,75.47966860000001
2024,4,7,10,890.8,29.95,71.08,2.03,2024-04-07 10:00:00,0.977725,87.095743,87.095743
2024,4,7,11,904.33,30.63,68.44,2.49,2024-04-07 11:00:00,0.974665,88.14187994500001,88.14187994500001
2024,4,7,12,840.95,30.93,67.15,2.89,2024-04-07 12:00:00,0.973315,81.85092492500002,81.85092492500002
2024,4,7,13,748.22,30.81,67.29,3.23,2024-04-07 13:00:00,0.973855,72.86577881000001,72.86577881000001
2024,4,7,14,605.83,30.27,69.33,3.43,2024-04-07 14:00:00,0.976285,59.14627415500001,59.14627415500001
2024,4,7,15,337.73,29.53,73.29,3.28,2024-04-07 15:00:00,0.979615,33.084537395000005,33.084537395000005
2024,4,7,16,153.57,28.38,79.7,2.95,2024-04-07 16:00:00,0.98479,15.12342003,15.12342003
2024,4,7,17,18.0,26.8,88.9,2.49,2024-04-07 17:00:00,0.9919,1.7854199999999998,1.7854199999999998
2024,4,7,18,0.0,25.87,93.98,2.22,2024-04-07 18:00:00,0.996085,0.0,0.0
2024,4,7,19,0.0,25.52,95.92,2.12,2024-04-07 19:00:00,0.99766,0.0,0.0
2024,4,7,20,0.0,25.45,96.79,1.97,2024-04-07 20:00:00,0.9979750000000001,0.0,0.0
2024,4,7,21,0.0,25.36,97.12,1.73,2024-04-07 21:00:00,0.99838,0.0,0.0
2024,4,7,22,0.0,25.33,97.3,1.63,2024-04-07 22:00:00,0.998515,0.0,0.0
2024,4,7,23,0.0,25.23,97.41,1.57,2024-04-07 23:00:00,0.998965,0.0,0.0
2024,4,8,0,0.0,25.13,97.47,1.54,2024-04-08 00:00:00,0.999415,0.0,0.0
2024,4,8,1,0.0,24.93,97.74,1.61,2024-04-08 01:00:00,1.000315,0.0,0.0
2024,4,8,2,0.0,24.75,97.9,1.74,2024-04-08 02:00:00,1.001125,0.0,0.0
2024,4,8,3,0.0,24.56,98.14,1.82,2024-04-08 03:00:00,1.00198,0.0,0.0
2024,4,8,4,0.0,24.42,98.06,1.75,2024-04-08 04:00:00,1.00261,0.0,0.0
2024,4,8,5,0.0,24.49,96.92,1.31,2024-04-08 05:00:00,1.002295,0.0,0.0
2024,4,8,6,72.05,25.54,94.66,0.52,2024-04-08 06:00:00,0.99757,7.18749185,7.18749185
2024,4,8,7,208.98,26.6,86.6,0.18,2024-04-08 07:00:00,0.9928,20.7475344,20.7475344
2024,4,8,8,378.02,27.65,80.12,0.32,2024-04-08 08:00:00,0.988075,37.35121115,37.35121115
2024,4,8,9,611.95,28.63,75.74,0.8,2024-04-08 09:00:00,0.983665,60.195379675,60.195379675
2024,4,8,10,716.12,29.22,73.9,1.7,2024-04-08 10:00:00,0.98101,70.25208812,70.25208812
2024,4,8,11,778.42,29.49,73.56,2.4,2024-04-08 11:00:00,0.979795,76.26920238999999,76.26920238999999
2024,4,8,12,726.1,29.58,73.79,2.57,2024-04-08 12:00:00,0.97939,71.1135079,71.1135079
2024,4,8,13,623.17,29.6,74.32,2.5,2024-04-08 13:00:00,0.9793,61.0270381,61.0270381
2024,4,8,14,503.45,29.45,75.04,2.4,2024-04-08 14:00:00,0.979975,49.336841375,49.336841375
2024,4,8,15,292.05,28.97,77.43,2.4,2024-04-08 15:00:00,0.982135,28.683252675000002,28.683252675000002
2024,4,8,16,135.65,28.07,83.92,2.22,2024-04-08 16:00:00,0.986185,13.377599524999999,13.377599524999999
2024,4,8,17,16.45,26.87,89.98,2.04,2024-04-08 17:00:00,0.991585,1.631157325,1.631157325
2024,4,8,18,0.0,26.09,94.01,1.87,2024-04-08 18:00:00,0.995095,0.0,0.0
2024,4,8,19,0.0,25.79,95.16,1.89,2024-04-08 19:00:00,0.996445,0.0,0.0
2024,4,8,20,0.0,25.59,95.88,1.86,2024-04-08 20:00:00,0.997345,0.0,0.0
2024,4,8,21,0.0,25.39,96.48,1.81,2024-04-08 21:00:00,0.998245,0.0,0.0
2024,4,8,22,0.0,25.27,96.78,1.74,2024-04-08 22:00:00,0.998785,0.0,0.0
2024,4,8,23,0.0,25.12,97.0,1.7,2024-04-08 23:00:00,0.99946,0.0,0.0
2024,4,9,0,0.0,25.0,97.06,1.63,2024-04-09 00:00:00,1.0,0.0,0.0
2024,4,9,1,0.0,24.89,97.01,1.56,2024-04-09 01:00:00,1.000495,0.0,0.0
2024,4,9,2,0.0,24.79,96.89,1.52,2024-04-09 02:00:00,1.000945,0.0,0.0
2024,4,9,3,0.0,24.7,96.85,1.53,2024-04-09 03:00:00,1.00135,0.0,0.0
2024,4,9,4,0.0,24.63,96.78,1.49,2024-04-09 04:00:00,1.001665,0.0,0.0
2024,4,9,5,0.0,24.6,96.7,1.47,2024-04-09 05:00:00,1.0018,0.0,0.0
2024,4,9,6,31.85,25.42,95.85,1.35,2024-04-09 06:00:00,0.9981099999999999,3.1789803500000002,3.1789803500000002
2024,4,9,7,96.5,26.38,91.92,1.72,2024-04-09 07:00:00,0.99379,9.590073499999999,9.590073499999999
2024,4,9,8,158.93,27.4,87.17,1.59,2024-04-09 08:00:00,0.9892,15.7213556,15.7213556
2024,4,9,9,235.15,28.29,82.52,1.7,2024-04-09 09:00:00,0.985195,23.166860425000003,23.166860425000003
2024,4,9,10,230.38,28.88,79.56,1.98,2024-04-09 10:00:00,0.98254,22.63575652,22.63575652
2024,4,9,11,274.4,29.29,77.74,2.27,2024-04-09 11:00:00,0.980695,26.910270799999996,26.910270799999996
2024,4,9,12,358.2,29.54,76.23,2.6,2024-04-09 12:00:00,0.97957,35.0881974,35.0881974
2024,4,9,13,402.75,29.47,76.07,2.8,2024-04-09 13:00:00,0.979885,39.464868375,39.464868375
2024,4,9,14,340.7,28.9,78.83,2.87,2024-04-09 14:00:00,0.98245,33.4720715,33.4720715
2024,4,9,15,223.62,28.21,82.82,2.51,2024-04-09 15:00:00,0.985555,22.03898091,22.03898091
2024,4,9,16,105.3,27.41,87.05,1.92,2024-04-09 16:00:00,0.989155,10.41580215,10.41580215
2024,4,9,17,11.88,26.56,91.58,1.45,2024-04-09 17:00:00,0.99298,1.1796602399999998,1.1796602399999998
2024,4,9,18,0.0,26.04,94.7,1.06,2024-04-09 18:00:00,0.99532,0.0,0.0
2024,4,9,19,0.0,25.68,95.67,1.28,2024-04-09 19:00:00,0.99694,0.0,0.0
2024,4,9,20,0.0,25.38,96.34,1.41,2024-04-09 20:00:00,0.99829,0.0,0.0
2024,4,9,21,0.0,25.16,96.69,1.54,2024-04-09 21:00:00,0.99928,0.0,0.0
2024,4,9,22,0.0,25.03,96.94,1.58,2024-04-09 22:00:00,0.999865,0.0,0.0
2024,4,9,23,0.0,24.92,97.12,1.53,2024-04-09 23:00:00,1.00036,0.0,0.0
2024,4,10,0,0.0,24.79,97.2,1.53,2024-04-10 00:00:00,1.000945,0.0,0.0
2024,4,10,1,0.0,24.66,97.23,1.59,2024-04-10 01:00:00,1.00153,0.0,0.0
2024,4,10,2,0.0,24.53,97.36,1.67,2024-04-10 02:00:00,1.002115,0.0,0.0
2024,4,10,3,0.0,24.44,97.38,1.73,2024-04-10 03:00:00,1.00252,0.0,0.0
2024,4,10,4,0.0,24.35,97.26,1.77,2024-04-10 04:00:00,1.002925,0.0,0.0
2024,4,10,5,0.0,24.22,97.26,1.81,2024-04-10 05:00:00,1.00351,0.0,0.0
2024,4,10,6,84.88,25.2,94.92,2.14,2024-04-10 06:00:00,0.9991,8.4803608,8.4803608
2024,4,10,7,267.17,26.23,90.84,2.75,2024-04-10 07:00:00,0.994465,26.569121405000004,26.569121405000004
2024,4,10,8,461.4,27.44,85.89,3.0,2024-04-10 08:00:00,0.98902,45.6333828,45.6333828
2024,4,10,9,584.67,28.48,81.78,2.83,2024-04-10 09:00:00,0.98434,57.55140677999999,57.55140677999999
2024,4,10,10,712.28,29.17,78.92,2.57,2024-04-10 10:00:00,0.981235,69.89140658000001,69.89140658000001
2024,4,10,11,745.42,29.57,77.38,2.54,2024-04-10 11:00:00,0.9794350000000001,73.00904377,73.00904377
2024,4,10,12,669.05,29.67,77.02,2.82,2024-04-10 12:00:00,0.978985,65.49899142499999,65.49899142499999
2024,4,10,13,589.75,29.47,78.13,3.32,2024-04-10 13:00:00,0.979885,57.788717875,57.788717875
2024,4,10,14,337.88,28.56,82.3,3.76,2024-04-10 14:00:00,0.98398,33.246716240000005,33.246716240000005
2024,4,10,15,225.15,27.56,87.21,3.95,2024-04-10 15:00:00,0.98848,22.255627200000003,22.255627200000003
2024,4,10,16,96.25,26.7,91.41,3.76,2024-04-10 16:00:00,0.99235,9.55136875,9.55136875
2024,4,10,17,12.9,26.0,94.45,3.18,2024-04-10 17:00:00,0.9955,1.2841950000000002,1.2841950000000002
2024,4,10,18,0.0,25.69,95.33,2.9,2024-04-10 18:00:00,0.996895,0.0,0.0
2024,4,10,19,0.0,25.59,95.53,2.7,2024-04-10 19:00:00,0.997345,0.0,0.0
2024,4,10,20,0.0,25.5,95.79,2.58,2024-04-10 20:00:00,0.99775,0.0,0.0
2024,4,10,21,0.0,25.42,96.0,2.39,2024-04-10 21:00:00,0.9981099999999999,0.0,0.0
2024,4,10,22,0.0,25.35,96.38,2.02,2024-04-10 22:00:00,0.998425,0.0,0.0
2024,4,10,23,0.0,25.29,96.72,1.7,2024-04-10 23:00:00,0.998695,0.0,0.0
2024,4,11,0,0.0,25.23,96.9,1.55,2024-04-11 00:00:00,0.998965,0.0,0.0
2024,4,11,1,0.0,25.16,96.99,1.58,2024-04-11 01:00:00,0.99928,0.0,0.0
2024,4,11,2,0.0,25.11,97.04,1.78,2024-04-11 02:00:00,0.999505,0.0,0.0
2024,4,11,3,0.0,25.13,96.92,2.12,2024-04-11 03:00:00,0.999415,0.0,0.0
2024,4,11,4,0.0,25.15,96.78,2.31,2024-04-11 04:00:00,0.999325,0.0,0.0
2024,4,11,5,0.0,25.09,96.86,2.24,2024-04-11 05:00:00,0.999595,0.0,0.0
2024,4,11,6,81.53,25.46,96.14,2.38,2024-04-11 06:00:00,0.99793,8.13612329,8.13612329
2024,4,11,7,259.3,26.12,94.01,2.73,2024-04-11 07:00:00,0.99496,25.799312800000003,25.799312800000003
2024,4,11,8,448.33,26.74,91.42,2.49,2024-04-11 08:00:00,0.99217,44.481957609999995,44.481957609999995
2024,4,11,9,584.1,27.31,88.07,2.05,2024-04-11 09:00:00,0.989605,57.80282805,57.80282805
2024,4,11,10,676.9,27.84,84.81,1.63,2024-04-11 10:00:00,0.98722,66.8249218,66.8249218
2024,4,11,11,676.55,27.97,83.98,1.71,2024-04-11 11:00:00,0.986635,66.750790925,66.750790925
2024,4,11,12,613.53,27.89,84.83,2.17,2024-04-11 12:00:00,0.986995,60.555104235,60.555104235
2024,4,11,13,474.58,27.7,86.15,2.74,2024-04-11 13:00:00,0.98785,46.8813853,46.8813853
2024,4,11,14,296.98,27.3,88.37,3.11,2024-04-11 14:00:00,0.98965,29.3906257,29.3906257
2024,4,11,15,94.9,26.87,90.83,3.13,2024-04-11 15:00:00,0.991585,9.410141650000002,9.410141650000002
2024,4,11,16,45.62,26.47,93.45,2.73,2024-04-11 16:00:00,0.993385,4.53182237,4.53182237
2024,4,11,17,6.07,25.97,95.39,2.37,2024-04-11 17:00:00,0.995635,0.604350445,0.604350445
2024,4,11,18,0.0,25.72,95.6,2.59,2024-04-11 18:00:00,0.99676,0.0,0.0
2024,4,11,19,0.0,25.55,95.65,2.68,2024-04-11 19:00:00,0.997525,0.0,0.0
2024,4,11,20,0.0,25.36,96.17,2.5,2024-04-11 20:00:00,0.99838,0.0,0.0
2024,4,11,21,0.0,25.15,96.75,2.26,2024-04-11 21:00:00,0.999325,0.0,0.0
2024,4,11,22,0.0,24.96,97.25,2.02,2024-04-11 22:00:00,1.00018,0.0,0.0
2024,4,11,23,0.0,24.84,97.33,1.89,2024-04-11 23:00:00,1.00072,0.0,0.0
2024,4,12,0,0.0,24.74,97.46,1.84,2024-04-12 00:00:00,1.0011700000000001,0.0,0.0
2024,4,12,1,0.0,24.71,97.42,1.82,2024-04-12 01:00:00,1.001305,0.0,0.0
2024,4,12,2,0.0,24.72,97.31,1.94,2024-04-12 02:00:00,1.00126,0.0,0.0
2024,4,12,3,0.0,24.79,96.96,2.22,2024-04-12 03:00:00,1.000945,0.0,0.0
2024,4,12,4,0.0,24.86,96.42,2.45,2024-04-12 04:00:00,1.00063,0.0,0.0
2024,4,12,5,0.0,24.81,96.29,2.39,2024-04-12 05:00:00,1.000855,0.0,0.0
2024,4,12,6,86.53,25.47,95.28,2.39,2024-04-12 06:00:00,0.997885,8.634698904999999,8.634698904999999
2024,4,12,7,294.2,26.26,92.53,3.33,2024-04-12 07:00:00,0.99433,29.253188599999994,29.253188599999994
2024,4,12,8,529.2,26.98,89.24,3.87,2024-04-12 08:00:00,0.99109,52.4484828,52.4484828
2024,4,12,9,659.22,27.84,84.08,3.95,2024-04-12 09:00:00,0.98722,65.07951684,65.07951684
2024,4,12,10,757.25,28.94,78.8,3.57,2024-04-12 10:00:00,0.98227,74.38239574999999,74.38239574999999
2024,4,12,11,777.55,29.75,75.36,3.02,2024-04-12 11:00:00,0.978625,76.092986875,76.092986875
2024,4,12,12,667.42,29.97,74.06,2.69,2024-04-12 12:00:00,0.977635,65.24931517,65.24931517
2024,4,12,13,364.45,29.97,73.86,2.6,2024-04-12 13:00:00,0.977635,35.629907575000004,35.629907575000004
2024,4,12,14,191.8,29.76,74.58,2.68,2024-04-12 14:00:00,0.97858,18.7691644,18.7691644
2024,4,12,15,123.4,29.13,77.96,2.76,2024-04-12 15:00:00,0.981415,12.110661100000002,12.110661100000002
2024,4,12,16,84.03,28.27,83.29,2.64,2024-04-12 16:00:00,0.985285,8.279349855,8.279349855
2024,4,12,17,11.18,27.0,90.15,2.26,2024-04-12 17:00:00,0.991,1.1079379999999999,1.1079379999999999
2024,4,12,18,0.0,26.21,93.65,2.1,2024-04-12 18:00:00,0.994555,0.0,0.0
2024,4,12,19,0.0,25.85,94.33,2.24,2024-04-12 19:00:00,0.996175,0.0,0.0
2024,4,12,20,0.0,25.57,94.8,2.35,2024-04-12 20:00:00,0.997435,0.0,0.0
2024,4,12,21,0.0,25.33,95.26,2.34,2024-04-12 21:00:00,0.998515,0.0,0.0
2024,4,12,22,0.0,25.03,95.7,2.26,2024-04-12 22:00:00,0.999865,0.0,0.0
2024,4,12,23,0.0,24.76,96.16,2.12,2024-04-12 23:00:00,1.00108,0.0,0.0
2024,4,13,0,0.0,24.56,96.53,2.07,2024-04-13 00:00:00,1.00198,0.0,0.0
2024,4,13,1,0.0,24.45,96.73,2.13,2024-04-13 01:00:00,1.002475,0.0,0.0
2024,4,13,2,0.0,24.32,96.95,2.15,2024-04-13 02:00:00,1.00306,0.0,0.0
2024,4,13,3,0.0,24.25,97.09,2.13,2024-04-13 03:00:00,1.003375,0.0,0.0
2024,4,13,4,0.0,24.18,97.12,2.08,2024-04-13 04:00:00,1.00369,0.0,0.0
2024,4,13,5,0.0,24.08,96.78,1.99,2024-04-13 05:00:00,1.00414,0.0,0.0
2024,4,13,6,79.97,25.43,93.96,2.07,2024-04-13 06:00:00,0.998065,7.9815258049999995,7.9815258049999995
2024,4,13,7,232.75,26.8,88.61,2.59,2024-04-13 07:00:00,0.9919,23.086472500000003,23.086472500000003
2024,4,13,8,425.02,28.1,83.07,2.63,2024-04-13 08:00:00,0.98605,41.909097100000004,41.909097100000004
2024,4,13,9,656.3,29.21,78.02,2.54,2024-04-13 09:00:00,0.981055,64.38663964999999,64.38663964999999
2024,4,13,10,758.42,30.09,73.54,2.43,2024-04-13 10:00:00,0.977095,74.10483899,74.10483899
2024,4,13,11,744.12,30.68,70.79,2.29,2024-04-13 11:00:00,0.97444,72.51002928,72.51002928
2024,4,13,12,715.92,30.89,69.89,2.26,2024-04-13 12:00:00,0.973495,69.69445404,69.69445404
2024,4,13,13,570.15,30.77,70.23,2.39,2024-04-13 13:00:00,0.974035,55.53460552499999,55.53460552499999
2024,4,13,14,391.15,30.41,71.48,2.58,2024-04-13 14:00:00,0.975655,38.162745325,38.162745325
2024,4,13,15,165.9,29.63,75.48,2.6,2024-04-13 15:00:00,0.9791650000000001,16.24434735,16.24434735
2024,4,13,16,78.3,28.74,81.2,2.29,2024-04-13 16:00:00,0.98317,7.698221099999999,7.698221099999999
2024,4,13,17,7.78,27.43,87.47,2.03,2024-04-13 17:00:00,0.989065,0.76949257,0.76949257
2024,4,13,18,0.0,26.63,92.8,1.71,2024-04-13 18:00:00,0.992665,0.0,0.0
2024,4,13,19,0.0,26.31,94.24,1.62,2024-04-13 19:00:00,0.994105,0.0,0.0
2024,4,13,20,0.0,26.1,95.11,1.56,2024-04-13 20:00:00,0.99505,0.0,0.0
2024,4,13,21,0.0,25.91,95.53,1.57,2024-04-13 21:00:00,0.995905,0.0,0.0
2024,4,13,22,0.0,25.71,95.79,1.62,2024-04-13 22:00:00,0.9968049999999999,0.0,0.0
2024,4,13,23,0.0,25.51,95.92,1.68,2024-04-13 23:00:00,0.997705,0.0,0.0
2024,4,14,0,0.0,25.32,96.1,1.74,2024-04-14 00:00:00,0.99856,0.0,0.0
2024,4,14,1,0.0,25.16,96.19,1.83,2024-04-14 01:00:00,0.99928,0.0,0.0
2024,4,14,2,0.0,25.0,96.28,1.96,2024-04-14 02:00:00,1.0,0.0,0.0
2024,4,14,3,0.0,24.87,96.28,2.16,2024-04-14 03:00:00,1.000585,0.0,0.0
2024,4,14,4,0.0,24.74,96.21,2.24,2024-04-14 04:00:00,1.0011700000000001,0.0,0.0
2024,4,14,5,0.0,24.6,96.08,2.19,2024-04-14 05:00:00,1.0018,0.0,0.0
2024,4,14,6,79.22,25.6,94.07,2.5,2024-04-14 06:00:00,0.9973,7.900610599999999,7.900610599999999
2024,4,14,7,247.32,26.44,91.53,3.24,2024-04-14 07:00:00,0.99352,24.571736639999997,24.571736639999997
2024,4,14,8,451.42,27.29,88.1,3.88,2024-04-14 08:00:00,0.989695,44.67681169,44.67681169
2024,4,14,9,528.65,27.93,84.27,4.29,2024-04-14 09:00:00,0.986815,52.16797497499999,52.16797497499999
2024,4,14,10,617.88,28.22,81.38,4.19,2024-04-14 10:00:00,0.98551,60.892691879999994,60.892691879999994
2024,4,14,11,626.12,28.31,80.13,3.89,2024-04-14 11:00:00,0.985105,61.67939426,61.67939426
2024,4,14,12,574.65,28.3,80.13,3.63,2024-04-14 12:00:00,0.98515,56.611644749999996,56.611644749999996
2024,4,14,13,462.67,28.01,81.7,3.4,2024-04-14 13:00:00,0.986455,45.640313485,45.640313485
2024,4,14,14,274.1,27.53,84.24,3.19,2024-04-14 14:00:00,0.988615,27.09793715,27.09793715
2024,4,14,15,60.38,27.04,87.59,2.89,2024-04-14 15:00:00,0.99082,5.982571160000001,5.982571160000001
2024,4,14,16,28.98,26.59,90.76,2.52,2024-04-14 16:00:00,0.992845,2.87726481,2.87726481
2024,4,14,17,3.58,26.06,94.17,2.02,2024-04-14 17:00:00,0.9952300000000001,0.35629234000000004,0.35629234000000004
2024,4,14,18,0.0,25.82,95.16,1.97,2024-04-14 18:00:00,0.99631,0.0,0.0
2024,4,14,19,0.0,25.72,95.27,2.05,2024-04-14 19:00:00,0.99676,0.0,0.0
2024,4,14,20,0.0,25.57,95.17,2.26,2024-04-14 20:00:00,0.997435,0.0,0.0
2024,4,14,21,0.0,25.38,95.11,2.38,2024-04-14 21:00:00,0.99829,0.0,0.0
2024,4,14,22,0.0,25.11,95.38,2.24,2024-04-14 22:00:00,0.999505,0.0,0.0
2024,4,14,23,0.0,24.85,95.28,2.04,2024-04-14 23:00:00,1.000675,0.0,0.0
2024,4,15,0,0.0,24.73,94.6,1.8,2024-04-15 00:00:00,1.001215,0.0,0.0
2024,4,15,1,0.0,24.61,94.14,1.71,2024-04-15 01:00:00,1.001755,0.0,0.0
2024,4,15,2,0.0,24.37,94.51,1.81,2024-04-15 02:00:00,1.002835,0.0,0.0
2024,4,15,3,0.0,24.09,95.28,1.95,2024-04-15 03:00:00,1.004095,0.0,0.0
2024,4,15,4,0.0,23.91,95.62,1.94,2024-04-15 04:00:00,1.004905,0.0,0.0
2024,4,15,5,0.0,23.96,95.06,1.76,2024-04-15 05:00:00,1.00468,0.0,0.0
2024,4,15,6,82.18,25.32,93.04,1.55,2024-04-15 06:00:00,0.99856,8.20616608,8.20616608
2024,4,15,7,260.4,26.94,86.45,2.03,2024-04-15 07:00:00,0.99127,25.812670799999996,25.812670799999996
2024,4,15,8,477.33,27.92,82.96,2.22,2024-04-15 08:00:00,0.98686,47.10578837999999,47.10578837999999
2024,4,15,9,688.85,28.77,79.9,2.31,2024-04-15 09:00:00,0.983035,67.716365975,67.716365975
2024,4,15,10,739.17,29.72,76.1,2.34,2024-04-15 10:00:00,0.97876,72.34700292,72.34700292
2024,4,15,11,775.4,30.31,73.93,2.56,2024-04-15 11:00:00,0.976105,75.6871817,75.6871817
2024,4,15,12,714.03,29.7,76.37,2.91,2024-04-15 12:00:00,0.97885,69.89282655,69.89282655
2024,4,15,13,583.28,28.99,79.91,3.27,2024-04-15 13:00:00,0.9820450000000001,57.28072076000001,57.28072076000001
2024,4,15,14,493.48,28.23,83.41,3.37,2024-04-15 14:00:00,0.985465,48.63072682000001,48.63072682000001
2024,4,15,15,315.08,27.57,86.58,3.33,2024-04-15 15:00:00,0.988435,31.143609979999994,31.143609979999994
2024,4,15,16,139.5,26.94,90.15,2.91,2024-04-15 16:00:00,0.99127,13.828216500000002,13.828216500000002
2024,4,15,17,12.98,26.25,93.85,2.23,2024-04-15 17:00:00,0.994375,1.29069875,1.29069875
2024,4,15,18,0.0,25.9,95.18,1.96,2024-04-15 18:00:00,0.99595,0.0,0.0
2024,4,15,19,0.0,25.77,95.38,1.96,2024-04-15 19:00:00,0.996535,0.0,0.0
2024,4,15,20,0.0,25.64,95.6,1.97,2024-04-15 20:00:00,0.99712,0.0,0.0
2024,4,15,21,0.0,25.51,95.83,2.01,2024-04-15 21:00:00,0.997705,0.0,0.0
2024,4,15,22,0.0,25.4,95.92,2.03,2024-04-15 22:00:00,0.9982,0.0,0.0
2024,4,15,23,0.0,25.3,95.97,2.05,2024-04-15 23:00:00,0.99865,0.0,0.0
2024,4,16,0,0.0,25.2,95.96,2.09,2024-04-16 00:00:00,0.9991,0.0,0.0
2024,4,16,1,0.0,25.09,96.0,2.15,2024-04-16 01:00:00,0.999595,0.0,0.0
2024,4,16,2,0.0,24.99,95.92,2.19,2024-04-16 02:00:00,1.000045,0.0,0.0
2024,4,16,3,0.0,24.91,95.89,2.18,2024-04-16 03:00:00,1.000405,0.0,0.0
2024,4,16,4,0.0,24.82,95.79,2.14,2024-04-16 04:00:00,1.00081,0.0,0.0
2024,4,16,5,0.0,24.75,95.98,2.06,2024-04-16 05:00:00,1.001125,0.0,0.0
2024,4,16,6,96.07,25.65,94.86,2.13,2024-04-16 06:00:00,0.997075,9.578899524999999,9.578899524999999
2024,4,16,7,306.58,26.6,91.56,2.93,2024-04-16 07:00:00,0.9928,30.437262399999998,30.437262399999998
2024,4,16,8,535.25,27.52,88.69,3.32,2024-04-16 08:00:00,0.98866,52.918026499999996,52.918026499999996
2024,4,16,9,694.42,28.63,84.43,3.37,2024-04-16 09:00:00,0.983665,68.30766492999999,68.30766492999999
2024,4,16,10,777.67,29.61,79.98,3.36,2024-04-16 10:00:00,0.979255,76.153723585,76.153723585
2024,4,16,11,810.38,30.39,76.12,3.33,2024-04-16 11:00:00,0.975745,79.07242330999999,79.07242330999999
2024,4,16,12,775.3,30.97,73.58,3.27,2024-04-16 12:00:00,0.973135,75.44715655,75.44715655
2024,4,16,13,668.62,30.99,73.15,3.22,2024-04-16 13:00:00,0.973045,65.05973479,65.05973479
2024,4,16,14,508.05,30.89,73.21,3.3,2024-04-16 14:00:00,0.973495,49.458413475,49.458413475
2024,4,16,15,333.3,30.27,76.38,3.17,2024-04-16 15:00:00,0.976285,32.53957905,32.53957905
2024,4,16,16,143.65,29.37,81.11,2.87,2024-04-16 16:00:00,0.980335,14.082512275,14.082512275
2024,4,16,17,13.1,27.72,89.18,2.54,2024-04-16 17:00:00,0.98776,1.2939655999999997,1.2939655999999997
2024,4,16,18,0.0,26.62,93.46,2.44,2024-04-16 18:00:00,0.99271,0.0,0.0
2024,4,16,19,0.0,26.18,94.8,2.49,2024-04-16 19:00:00,0.99469,0.0,0.0
2024,4,16,20,0.0,25.9,95.68,2.5,2024-04-16 20:00:00,0.99595,0.0,0.0
2024,4,16,21,0.0,25.7,96.32,2.5,2024-04-16 21:00:00,0.99685,0.0,0.0
2024,4,16,22,0.0,25.54,96.76,2.57,2024-04-16 22:00:00,0.99757,0.0,0.0
2024,4,16,23,0.0,25.42,96.81,2.68,2024-04-16 23:00:00,0.9981099999999999,0.0,0.0
2024,4,17,0,0.0,25.31,96.43,2.84,2024-04-17 00:00:00,0.998605,0.0,0.0
2024,4,17,1,0.0,25.13,96.21,3.02,2024-04-17 01:00:00,0.999415,0.0,0.0
2024,4,17,2,0.0,24.94,95.94,3.15,2024-04-17 02:00:00,1.00027,0.0,0.0
2024,4,17,3,0.0,24.66,95.91,3.11,2024-04-17 03:00:00,1.00153,0.0,0.0
2024,4,17,4,0.0,24.39,95.85,2.89,2024-04-17 04:00:00,1.002745,0.0,0.0
2024,4,17,5,0.0,24.19,95.89,2.73,2024-04-17 05:00:00,1.003645,0.0,0.0
2024,4,17,6,83.4,25.22,93.66,3.17,2024-04-17 06:00:00,0.99901,8.331743399999999,8.331743399999999
2024,4,17,7,250.43,26.37,89.84,3.94,2024-04-17 07:00:00,0.993835,24.888609905,24.888609905
2024,4,17,8,419.55,27.59,84.12,4.72,2024-04-17 08:00:00,0.988345,41.46601447500001,41.46601447500001
2024,4,17,9,573.05,28.52,78.84,4.89,2024-04-17 09:00:00,0.98416,56.39728879999999,56.39728879999999
2024,4,17,10,615.33,29.19,75.72,4.75,2024-04-17 10:00:00,0.981145,60.372795285,60.372795285
2024,4,17,11,674.78,29.72,73.81,4.55,2024-04-17 11:00:00,0.97876,66.04476727999999,66.04476727999999
2024,4,17,12,622.3,30.04,72.86,4.35,2024-04-17 12:00:00,0.97732,60.818623599999995,60.818623599999995
2024,4,17,13,508.0,30.1,73.0,4.12,2024-04-17 13:00:00,0.97705,49.634139999999995,49.634139999999995
2024,4,17,14,347.08,29.91,74.18,3.89,2024-04-17 14:00:00,0.977905,33.94112674,33.94112674
2024,4,17,15,175.4,29.11,78.76,3.84,2024-04-17 15:00:00,0.981505,17.2155977,17.2155977
2024,4,17,16,77.05,27.97,85.32,3.59,2024-04-17 16:00:00,0.986635,7.602022675,7.602022675
2024,4,17,17,5.75,26.74,91.52,3.07,2024-04-17 17:00:00,0.99217,0.5704977499999999,0.5704977499999999
2024,4,17,18,0.0,26.21,93.26,3.1,2024-04-17 18:00:00,0.994555,0.0,0.0
2024,4,17,19,0.0,25.99,93.85,3.4,2024-04-17 19:00:00,0.995545,0.0,0.0
2024,4,17,20,0.0,25.82,94.3,3.87,2024-04-17 20:00:00,0.99631,0.0,0.0
2024,4,17,21,0.0,25.7,94.5,4.33,2024-04-17 21:00:00,0.99685,0.0,0.0
2024,4,17,22,0.0,25.56,94.85,4.2,2024-04-17 22:00:00,0.99748,0.0,0.0
2024,4,17,23,0.0,25.47,95.04,4.31,2024-04-17 23:00:00,0.997885,0.0,0.0
2024,4,18,0,0.0,25.41,95.2,4.32,2024-04-18 00:00:00,0.998155,0.0,0.0
2024,4,18,1,0.0,25.34,95.41,3.93,2024-04-18 01:00:00,0.99847,0.0,0.0
2024,4,18,2,0.0,25.16,95.68,3.59,2024-04-18 02:00:00,0.99928,0.0,0.0
2024,4,18,3,0.0,24.98,95.74,3.35,2024-04-18 03:00:00,1.00009,0.0,0.0
2024,4,18,4,0.0,24.8,95.78,3.14,2024-04-18 04:00:00,1.0009,0.0,0.0
2024,4,18,5,0.0,24.61,96.02,2.83,2024-04-18 05:00:00,1.001755,0.0,0.0
2024,4,18,6,86.65,25.05,95.19,2.8,2024-04-18 06:00:00,0.999775,8.663050375000001,8.663050375000001
2024,4,18,7,261.33,26.06,91.67,3.57,2024-04-18 07:00:00,0.9952300000000001,26.00834559,26.00834559
2024,4,18,8,452.05,27.2,86.69,4.01,2024-04-18 08:00:00,0.9901,44.7574705,44.7574705
2024,4,18,9,577.92,28.18,81.43,3.84,2024-04-18 09:00:00,0.98569,56.964996479999996,56.964996479999996
2024,4,18,10,627.92,28.78,78.44,3.42,2024-04-18 10:00:00,0.98299,61.723908079999994,61.723908079999994
2024,4,18,11,627.4,29.14,76.72,3.03,2024-04-18 11:00:00,0.98137,61.57115379999999,61.57115379999999
2024,4,18,12,562.12,29.29,75.73,2.65,2024-04-18 12:00:00,0.980695,55.12682734,55.12682734
2024,4,18,13,325.95,29.51,74.55,2.34,2024-04-18 13:00:00,0.979705,31.933484475,31.933484475
2024,4,18,14,204.35,29.41,75.06,2.21,2024-04-18 14:00:00,0.980155,20.029467425,20.029467425
2024,4,18,15,73.95,28.61,80.08,2.2,2024-04-18 15:00:00,0.983755,7.2748682250000005,7.2748682250000005
2024,4,18,16,42.0,27.74,85.8,2.15,2024-04-18 16:00:00,0.98767,4.148214,4.148214
2024,4,18,17,5.93,26.7,91.18,2.11,2024-04-18 17:00:00,0.99235,0.58846355,0.58846355
2024,4,18,18,0.0,26.12,94.68,1.97,2024-04-18 18:00:00,0.99496,0.0,0.0
2024,4,18,19,0.0,25.89,95.62,2.12,2024-04-18 19:00:00,0.995995,0.0,0.0
2024,4,18,20,0.0,25.78,96.04,2.28,2024-04-18 20:00:00,0.99649,0.0,0.0
2024,4,18,21,0.0,25.71,96.26,2.42,2024-04-18 21:00:00,0.9968049999999999,0.0,0.0
2024,4,18,22,0.0,25.66,96.39,2.44,2024-04-18 22:00:00,0.99703,0.0,0.0
2024,4,18,23,0.0,25.57,96.48,2.34,2024-04-18 23:00:00,0.997435,0.0,0.0
2024,4,19,0,0.0,25.45,96.49,2.3,2024-04-19 00:00:00,0.9979750000000001,0.0,0.0
2024,4,19,1,0.0,25.3,96.56,2.32,2024-04-19 01:00:00,0.99865,0.0,0.0
2024,4,19,2,0.0,25.14,96.63,2.35,2024-04-19 02:00:00,0.99937,0.0,0.0
2024,4,19,3,0.0,24.96,96.73,2.41,2024-04-19 03:00:00,1.00018,0.0,0.0
2024,4,19,4,0.0,24.74,96.84,2.41,2024-04-19 04:00:00,1.0011700000000001,0.0,0.0
2024,4,19,5,0.0,24.58,96.82,2.41,2024-04-19 05:00:00,1.00189,0.0,0.0
2024,4,19,6,89.72,25.27,95.37,2.64,2024-04-19 06:00:00,0.998785,8.96109902,8.96109902
2024,4,19,7,287.33,26.12,92.44,3.27,2024-04-19 07:00:00,0.99496,28.588185679999995,28.588185679999995
2024,4,19,8,511.12,27.2,87.31,3.49,2024-04-19 08:00:00,0.9901,50.6059912,50.6059912
2024,4,19,9,631.4,28.37,81.41,3.26,2024-04-19 09:00:00,0.984835,62.18248189999999,62.18248189999999
2024,4,19,10,647.92,29.4,76.84,2.84,2024-04-19 10:00:00,0.9802,63.509118399999984,63.509118399999984
2024,4,19,11,685.85,30.06,74.03,2.43,2024-04-19 11:00:00,0.97723,67.02331955000001,67.02331955000001
2024,4,19,12,662.53,30.42,72.35,2.09,2024-04-19 12:00:00,0.97561,64.63708933,64.63708933
2024,4,19,13,561.58,30.38,72.13,1.73,2024-04-19 13:00:00,0.97579,54.79841482000001,54.79841482000001
2024,4,19,14,381.9,30.2,72.65,1.31,2024-04-19 14:00:00,0.9766,37.296354,37.296354
2024,4,19,15,237.48,29.63,76.01,1.18,2024-04-19 15:00:00,0.9791650000000001,23.253210420000002,23.253210420000002
2024,4,19,16,104.15,28.9,80.62,1.43,2024-04-19 16:00:00,0.98245,10.232216750000001,10.232216750000001
2024,4,19,17,9.88,27.61,88.9,1.6,2024-04-19 17:00:00,0.988255,0.9763959400000002,0.9763959400000002
2024,4,19,18,0.0,26.74,94.31,1.69,2024-04-19 18:00:00,0.99217,0.0,0.0
2024,4,19,19,0.0,26.33,95.28,1.86,2024-04-19 19:00:00,0.994015,0.0,0.0
2024,4,19,20,0.0,26.04,96.06,2.01,2024-04-19 20:00:00,0.99532,0.0,0.0
2024,4,19,21,0.0,25.83,96.67,2.07,2024-04-19 21:00:00,0.996265,0.0,0.0
2024,4,19,22,0.0,25.61,97.19,2.05,2024-04-19 22:00:00,0.997255,0.0,0.0
2024,4,19,23,0.0,25.41,97.52,2.01,2024-04-19 23:00:00,0.998155,0.0,0.0
2024,4,20,0,0.0,25.24,97.68,2.03,2024-04-20 00:00:00,0.99892,0.0,0.0
2024,4,20,1,0.0,25.1,97.72,2.09,2024-04-20 01:00:00,0.9995499999999999,0.0,0.0
2024,4,20,2,0.0,24.97,97.77,2.13,2024-04-20 02:00:00,1.000135,0.0,0.0
2024,4,20,3,0.0,24.82,97.85,2.13,2024-04-20 03:00:00,1.00081,0.0,0.0
2024,4,20,4,0.0,24.69,97.89,2.09,2024-04-20 04:00:00,1.001395,0.0,0.0
2024,4,20,5,0.0,24.59,97.72,1.96,2024-04-20 05:00:00,1.001845,0.0,0.0
2024,4,20,6,96.88,25.51,96.16,1.63,2024-04-20 06:00:00,0.997705,9.665766039999998,9.665766039999998
2024,4,20,7,301.2,26.52,92.23,2.13,2024-04-20 07:00:00,0.99316,29.9139792,29.9139792
2024,4,20,8,528.92,27.37,88.69,2.61,2024-04-20 08:00:00,0.989335,52.327906819999995,52.327906819999995
2024,4,20,9,659.72,28.21,84.42,2.94,2024-04-20 09:00:00,0.985555,65.01903445999999,65.01903445999999
2024,4,20,10,756.0,29.05,80.31,3.12,2024-04-20 10:00:00,0.981775,74.22219,74.22219
2024,4,20,11,738.58,29.7,77.24,3.07,2024-04-20 11:00:00,0.97885,72.2959033,72.2959033
2024,4,20,12,656.17,30.16,74.93,2.7,2024-04-20 12:00:00,0.97678,64.09337325999999,64.09337325999999
2024,4,20,13,537.35,30.3,74.02,2.28,2024-04-20 13:00:00,0.97615,52.45342025,52.45342025
2024,4,20,14,373.67,30.14,74.73,1.86,2024-04-20 14:00:00,0.97687,36.50270129,36.50270129
2024,4,20,15,233.88,29.68,77.67,1.42,2024-04-20 15:00:00,0.97894,22.89544872,22.89544872
2024,4,20,16,107.9,29.19,79.99,1.19,2024-04-20 16:00:00,0.981145,10.58655455,10.58655455
2024,4,20,17,9.07,28.18,86.96,1.11,2024-04-20 17:00:00,0.98569,0.89402083,0.89402083
2024,4,20,18,0.0,27.52,90.0,1.13,2024-04-20 18:00:00,0.98866,0.0,0.0
2024,4,20,19,0.0,27.19,90.35,1.12,2024-04-20 19:00:00,0.9901449999999999,0.0,0.0
2024,4,20,20,0.0,26.96,90.17,0.98,2024-04-20 20:00:00,0.99118,0.0,0.0
2024,4,20,21,0.0,26.68,90.76,0.81,2024-04-20 21:00:00,0.99244,0.0,0.0
2024,4,20,22,0.0,26.4,91.56,0.85,2024-04-20 22:00:00,0.9937,0.0,0.0
2024,4,20,23,0.0,25.98,93.05,1.0,2024-04-20 23:00:00,0.99559,0.0,0.0
2024,4,21,0,0.0,25.64,93.72,1.11,2024-04-21 00:00:00,0.99712,0.0,0.0
2024,4,21,1,0.0,25.38,93.98,1.15,2024-04-21 01:00:00,0.99829,0.0,0.0
2024,4,21,2,0.0,25.25,93.64,1.08,2024-04-21 02:00:00,0.998875,0.0,0.0
2024,4,21,3,0.0,25.07,94.21,1.1,2024-04-21 03:00:00,0.999685,0.0,0.0
2024,4,21,4,0.0,24.81,95.93,1.26,2024-04-21 04:00:00,1.000855,0.0,0.0
2024,4,21,5,0.0,24.81,96.56,1.24,2024-04-21 05:00:00,1.000855,0.0,0.0
2024,4,21,6,100.3,25.9,94.65,1.12,2024-04-21 06:00:00,0.99595,9.989378499999999,9.989378499999999
2024,4,21,7,313.75,27.32,88.82,1.5,2024-04-21 07:00:00,0.98956,31.047444999999996,31.047444999999996
2024,4,21,8,537.47,28.31,83.66,1.49,2024-04-21 08:00:00,0.985105,52.946438435,52.946438435
2024,4,21,9,678.0,29.27,78.9,1.34,2024-04-21 09:00:00,0.980785,66.497223,66.497223
2024,4,21,10,713.1,29.99,74.6,0.9,2024-04-21 10:00:00,0.977545,69.70873395,69.70873395
2024,4,21,11,729.58,30.51,71.93,0.8,2024-04-21 11:00:00,0.975205,71.14900639,71.14900639
2024,4,21,12,609.05,30.84,70.58,1.16,2024-04-21 12:00:00,0.97372,59.3044166,59.3044166
2024,4,21,13,540.22,30.71,71.0,1.62,2024-04-21 13:00:00,0.974305,52.63390471,52.63390471
2024,4,21,14,322.9,30.15,73.8,2.07,2024-04-21 14:00:00,0.976825,31.54167925,31.54167925
2024,4,21,15,197.3,29.24,80.06,2.24,2024-04-21 15:00:00,0.98092,19.3535516,19.3535516
2024,4,21,16,90.3,28.28,85.84,2.13,2024-04-21 16:00:00,0.98524,8.8967172,8.8967172
2024,4,21,17,8.77,27.16,91.48,2.13,2024-04-21 17:00:00,0.99028,0.86847556,0.86847556
2024,4,21,18,0.0,26.56,94.99,2.0,2024-04-21 18:00:00,0.99298,0.0,0.0
2024,4,21,19,0.0,26.31,96.22,1.95,2024-04-21 19:00:00,0.994105,0.0,0.0
2024,4,21,20,0.0,26.18,96.87,1.85,2024-04-21 20:00:00,0.99469,0.0,0.0
2024,4,21,21,0.0,26.08,97.14,1.81,2024-04-21 21:00:00,0.99514,0.0,0.0
2024,4,21,22,0.0,25.98,97.25,1.76,2024-04-21 22:00:00,0.99559,0.0,0.0
2024,4,21,23,0.0,25.86,97.16,1.88,2024-04-21 23:00:00,0.99613,0.0,0.0
2024,4,22,0,0.0,25.73,96.94,2.33,2024-04-22 00:00:00,0.996715,0.0,0.0
2024,4,22,1,0.0,25.71,96.59,2.86,2024-04-22 01:00:00,0.9968049999999999,0.0,0.0
2024,4,22,2,0.0,25.63,96.4,3.07,2024-04-22 02:00:00,0.997165,0.0,0.0
2024,4,22,3,0.0,25.5,96.38,2.99,2024-04-22 03:00:00,0.99775,0.0,0.0
2024,4,22,4,0.0,25.3,96.65,2.44,2024-04-22 04:00:00,0.99865,0.0,0.0
2024,4,22,5,0.0,25.08,96.91,1.93,2024-04-22 05:00:00,0.99964,0.0,0.0
2024,4,22,6,86.55,25.62,95.99,1.69,2024-04-22 06:00:00,0.99721,8.63085255,8.63085255
2024,4,22,7,287.45,26.29,92.91,2.49,2024-04-22 07:00:00,0.994195,28.578135274999998,28.578135274999998
2024,4,22,8,519.3,26.92,89.3,3.16,2024-04-22 08:00:00,0.99136,51.4813248,51.4813248
2024,4,22,9,649.83,27.64,83.98,3.4,2024-04-22 09:00:00,0.98812,64.21100196,64.21100196
2024,4,22,10,739.6,28.47,79.01,3.35,2024-04-22 10:00:00,0.984385,72.80511460000001,72.80511460000001
2024,4,22,11,789.25,29.1,76.09,3.09,2024-04-22 11:00:00,0.98155,77.46883375,77.46883375
2024,4,22,12,655.85,29.42,75.13,2.86,2024-04-22 12:00:00,0.98011,64.28051435,64.28051435
2024,4,22,13,553.55,29.36,75.87,2.87,2024-04-22 13:00:00,0.98038,54.2689349,54.2689349
2024,4,22,14,389.12,29.09,77.53,3.03,2024-04-22 14:00:00,0.981595,38.19582464,38.19582464
2024,4,22,15,245.32,28.85,79.2,3.22,2024-04-22 15:00:00,0.982675,24.106983099999997,24.106983099999997
2024,4,22,16,111.28,28.0,84.74,3.0,2024-04-22 16:00:00,0.9865,10.977772,10.977772
2024,4,22,17,9.27,26.69,92.0,2.54,2024-04-22 17:00:00,0.992395,0.9199501649999998,0.9199501649999998
2024,4,22,18,0.0,25.94,95.23,2.43,2024-04-22 18:00:00,0.99577,0.0,0.0
2024,4,22,19,0.0,25.72,95.95,2.55,2024-04-22 19:00:00,0.99676,0.0,0.0
2024,4,22,20,0.0,25.57,96.4,2.51,2024-04-22 20:00:00,0.997435,0.0,0.0
2024,4,22,21,0.0,25.44,96.73,2.48,2024-04-22 21:00:00,0.99802,0.0,0.0
2024,4,22,22,0.0,25.28,97.08,2.53,2024-04-22 22:00:00,0.99874,0.0,0.0
2024,4,22,23,0.0,25.18,97.06,2.64,2024-04-22 23:00:00,0.99919,0.0,0.0
2024,4,23,0,0.0,25.06,97.11,2.67,2024-04-23 00:00:00,0.99973,0.0,0.0
2024,4,23,1,0.0,24.92,97.23,2.67,2024-04-23 01:00:00,1.00036,0.0,0.0
2024,4,23,2,0.0,24.85,97.01,2.87,2024-04-23 02:00:00,1.000675,0.0,0.0
2024,4,23,3,0.0,24.74,96.99,2.83,2024-04-23 03:00:00,1.0011700000000001,0.0,0.0
2024,4,23,4,0.0,24.59,97.22,2.66,2024-04-23 04:00:00,1.001845,0.0,0.0
2024,4,23,5,0.0,24.47,97.36,2.51,2024-04-23 05:00:00,1.002385,0.0,0.0
2024,4,23,6,59.65,25.37,95.41,2.88,2024-04-23 06:00:00,0.998335,5.9550682749999995,5.9550682749999995
2024,4,23,7,169.77,26.33,92.87,3.68,2024-04-23 07:00:00,0.994015,16.875392655,16.875392655
2024,4,23,8,291.45,27.38,88.01,4.15,2024-04-23 08:00:00,0.98929,28.83285705,28.83285705
2024,4,23,9,416.15,28.12,83.27,4.21,2024-04-23 09:00:00,0.98596,41.030725399999994,41.030725399999994
2024,4,23,10,500.9,28.85,79.54,4.14,2024-04-23 10:00:00,0.982675,49.22219075,49.22219075
2024,4,23,11,551.55,29.19,77.96,3.88,2024-04-23 11:00:00,0.981145,54.115052475000006,54.115052475000006
2024,4,23,12,356.05,29.11,77.69,3.49,2024-04-23 12:00:00,0.981505,34.946485525,34.946485525
2024,4,23,13,212.88,29.02,77.52,3.2,2024-04-23 13:00:00,0.98191,20.90290008,20.90290008
2024,4,23,14,206.85,28.78,78.23,2.84,2024-04-23 14:00:00,0.98299,20.333148150000003,20.333148150000003
2024,4,23,15,166.23,28.27,81.58,2.44,2024-04-23 15:00:00,0.985285,16.378392554999998,16.378392554999998
2024,4,23,16,74.43,27.53,85.42,2.35,2024-04-23 16:00:00,0.988615,7.358261445000002,7.358261445000002
2024,4,23,17,7.15,26.36,92.15,2.07,2024-04-23 17:00:00,0.99388,0.7106241999999999,0.7106241999999999
2024,4,23,18,0.0,25.67,94.76,2.04,2024-04-23 18:00:00,0.996985,0.0,0.0
2024,4,23,19,0.0,25.38,95.67,2.09,2024-04-23 19:00:00,0.99829,0.0,0.0
2024,4,23,20,0.0,25.21,96.25,2.13,2024-04-23 20:00:00,0.999055,0.0,0.0
2024,4,23,21,0.0,25.08,96.66,2.16,2024-04-23 21:00:00,0.99964,0.0,0.0
2024,4,23,22,0.0,24.99,96.89,2.14,2024-04-23 22:00:00,1.000045,0.0,0.0
2024,4,23,23,0.0,24.89,97.05,2.13,2024-04-23 23:00:00,1.000495,0.0,0.0
2024,4,24,0,0.0,24.75,97.24,2.01,2024-04-24 00:00:00,1.001125,0.0,0.0
2024,4,24,1,0.0,24.67,97.06,1.68,2024-04-24 01:00:00,1.001485,0.0,0.0
2024,4,24,2,0.0,24.65,96.89,1.46,2024-04-24 02:00:00,1.001575,0.0,0.0
2024,4,24,3,0.0,24.56,97.26,1.53,2024-04-24 03:00:00,1.00198,0.0,0.0
2024,4,24,4,0.0,24.45,97.4,1.61,2024-04-24 04:00:00,1.002475,0.0,0.0
2024,4,24,5,0.0,24.37,97.39,1.7,2024-04-24 05:00:00,1.002835,0.0,0.0
2024,4,24,6,96.57,25.07,96.69,1.64,2024-04-24 06:00:00,0.999685,9.653958045,9.653958045
2024,4,24,7,275.83,25.93,94.04,2.27,2024-04-24 07:00:00,0.995815,27.467565144999995,27.467565144999995
2024,4,24,8,466.3,26.78,91.02,2.42,2024-04-24 08:00:00,0.99199,46.25649370000001,46.25649370000001
2024,4,24,9,624.08,27.56,87.34,2.41,2024-04-24 09:00:00,0.98848,61.68905984000001,61.68905984000001
2024,4,24,10,701.1,28.33,83.69,2.25,2024-04-24 10:00:00,0.985015,69.05940165,69.05940165
2024,4,24,11,689.25,29.31,79.32,1.93,2024-04-24 11:00:00,0.9806050000000001,67.588199625,67.588199625
2024,4,24,12,623.55,29.86,75.74,1.49,2024-04-24 12:00:00,0.97813,60.991296150000004,60.991296150000004
2024,4,24,13,476.02,30.06,73.92,0.98,2024-04-24 13:00:00,0.97723,46.51810246,46.51810246
2024,4,24,14,363.0,30.1,73.2,0.61,2024-04-24 14:00:00,0.97705,35.46691499999999,35.46691499999999
2024,4,24,15,231.0,29.8,74.61,0.76,2024-04-24 15:00:00,0.9784,22.60104,22.60104
2024,4,24,16,101.6,29.08,79.55,1.05,2024-04-24 16:00:00,0.98164,9.973462399999999,9.973462399999999
2024,4,24,17,10.18,27.77,89.25,1.22,2024-04-24 17:00:00,0.987535,1.00531063,1.00531063
2024,4,24,18,0.0,26.81,94.49,1.42,2024-04-24 18:00:00,0.991855,0.0,0.0
2024,4,24,19,0.0,26.35,95.8,1.53,2024-04-24 19:00:00,0.993925,0.0,0.0
2024,4,24,20,0.0,26.04,96.66,1.57,2024-04-24 20:00:00,0.99532,0.0,0.0
2024,4,24,21,0.0,25.83,97.28,1.57,2024-04-24 21:00:00,0.996265,0.0,0.0
2024,4,24,22,0.0,25.68,97.58,1.57,2024-04-24 22:00:00,0.99694,0.0,0.0
2024,4,24,23,0.0,25.6,97.79,1.57,2024-04-24 23:00:00,0.9973,0.0,0.0
2024,4,25,0,0.0,25.57,97.72,1.56,2024-04-25 00:00:00,0.997435,0.0,0.0
2024,4,25,1,0.0,25.55,97.63,1.58,2024-04-25 01:00:00,0.997525,0.0,0.0
2024,4,25,2,0.0,25.5,97.64,1.6,2024-04-25 02:00:00,0.99775,0.0,0.0
2024,4,25,3,0.0,25.43,97.74,1.65,2024-04-25 03:00:00,0.998065,0.0,0.0
2024,4,25,4,0.0,25.36,97.82,1.72,2024-04-25 04:00:00,0.99838,0.0,0.0
2024,4,25,5,0.0,25.32,97.78,1.74,2024-04-25 05:00:00,0.99856,0.0,0.0
2024,4,25,6,70.95,25.83,97.12,1.63,2024-04-25 06:00:00,0.996265,7.068500175,7.068500175
2024,4,25,7,204.27,26.44,94.72,2.14,2024-04-25 07:00:00,0.99352,20.294633039999997,20.294633039999997
2024,4,25,8,353.55,26.88,92.29,2.23,2024-04-25 08:00:00,0.99154,35.055896700000005,35.055896700000005
2024,4,25,9,501.62,27.26,89.39,2.35,2024-04-25 09:00:00,0.98983,49.65185245999999,49.65185245999999
2024,4,25,10,578.75,27.52,86.78,2.38,2024-04-25 10:00:00,0.98866,57.2186975,57.2186975
2024,4,25,11,559.5,27.68,84.98,2.36,2024-04-25 11:00:00,0.98794,55.275243,55.275243
2024,4,25,12,407.35,27.75,84.06,2.28,2024-04-25 12:00:00,0.987625,40.23090437500001,40.23090437500001
2024,4,25,13,410.38,27.77,83.91,2.26,2024-04-25 13:00:00,0.987535,40.526461330000004,40.526461330000004
2024,4,25,14,284.55,27.56,84.23,2.32,2024-04-25 14:00:00,0.98848,28.1271984,28.1271984
2024,4,25,15,194.05,27.23,85.74,2.16,2024-04-25 15:00:00,0.989965,19.210270825000002,19.210270825000002
2024,4,25,16,83.53,26.66,87.73,1.88,2024-04-25 16:00:00,0.99253,8.290603090000001,8.290603090000001
2024,4,25,17,7.6,25.81,92.6,1.15,2024-04-25 17:00:00,0.996355,0.7572298,0.7572298
2024,4,25,18,0.0,25.5,91.68,0.74,2024-04-25 18:00:00,0.99775,0.0,0.0
2024,4,25,19,0.0,25.36,91.42,0.59,2024-04-25 19:00:00,0.99838,0.0,0.0
2024,4,25,20,0.0,25.19,91.51,0.6,2024-04-25 20:00:00,0.999145,0.0,0.0
2024,4,25,21,0.0,25.02,92.27,0.64,2024-04-25 21:00:00,0.99991,0.0,0.0
2024,4,25,22,0.0,24.79,93.3,0.8,2024-04-25 22:00:00,1.000945,0.0,0.0
2024,4,25,23,0.0,24.52,94.39,0.92,2024-04-25 23:00:00,1.00216,0.0,0.0
2024,4,26,0,0.0,24.34,94.76,0.93,2024-04-26 00:00:00,1.00297,0.0,0.0
2024,4,26,1,0.0,24.21,94.87,0.88,2024-04-26 01:00:00,1.003555,0.0,0.0
2024,4,26,2,0.0,24.0,95.45,0.92,2024-04-26 02:00:00,1.0045,0.0,0.0
2024,4,26,3,0.0,23.79,95.94,1.03,2024-04-26 03:00:00,1.005445,0.0,0.0
2024,4,26,4,0.0,23.58,96.53,1.16,2024-04-26 04:00:00,1.0063900000000001,0.0,0.0
2024,4,26,5,0.0,23.42,97.08,1.32,2024-04-26 05:00:00,1.00711,0.0,0.0
2024,4,26,6,91.22,24.33,94.7,1.61,2024-04-26 06:00:00,1.003015,9.14950283,9.14950283
2024,4,26,7,269.0,25.61,89.29,1.79,2024-04-26 07:00:00,0.997255,26.826159500000003,26.826159500000003
2024,4,26,8,474.33,27.41,81.75,1.24,2024-04-26 08:00:00,0.989155,46.918589115,46.918589115
2024,4,26,9,659.3,28.92,74.67,0.94,2024-04-26 09:00:00,0.98236,64.7669948,64.7669948
2024,4,26,10,759.1,29.88,71.08,0.95,2024-04-26 10:00:00,0.97804,74.2430164,74.2430164
2024,4,26,11,768.22,30.6,69.01,0.93,2024-04-26 11:00:00,0.9748,74.8860856,74.8860856
2024,4,26,12,734.22,31.09,67.49,0.8,2024-04-26 12:00:00,0.972595,71.40987009,71.40987009
2024,4,26,13,627.75,31.29,66.64,0.58,2024-04-26 13:00:00,0.971695,60.998153625,60.998153625
2024,4,26,14,515.7,31.23,66.67,0.48,2024-04-26 14:00:00,0.971965,50.12423505,50.12423505
2024,4,26,15,318.1,31.01,69.35,0.71,2024-04-26 15:00:00,0.972955,30.949698550000004,30.949698550000004
2024,4,26,16,132.55,30.23,70.58,1.06,2024-04-26 16:00:00,0.976465,12.943043575,12.943043575
2024,4,26,17,8.27,28.62,83.72,1.15,2024-04-26 17:00:00,0.98371,0.8135281699999999,0.8135281699999999
2024,4,26,18,0.0,27.47,91.16,1.31,2024-04-26 18:00:00,0.988885,0.0,0.0
2024,4,26,19,0.0,26.83,93.38,1.39,2024-04-26 19:00:00,0.991765,0.0,0.0
2024,4,26,20,0.0,26.3,94.77,1.48,2024-04-26 20:00:00,0.99415,0.0,0.0
2024,4,26,21,0.0,25.89,95.96,1.5,2024-04-26 21:00:00,0.995995,0.0,0.0
2024,4,26,22,0.0,25.6,96.58,1.47,2024-04-26 22:00:00,0.9973,0.0,0.0
2024,4,26,23,0.0,25.35,96.94,1.47,2024-04-26 23:00:00,0.998425,0.0,0.0
2024,4,27,0,0.0,25.12,97.38,1.5,2024-04-27 00:00:00,0.99946,0.0,0.0
2024,4,27,1,0.0,24.95,97.14,1.5,2024-04-27 01:00:00,1.000225,0.0,0.0
2024,4,27,2,0.0,24.8,96.74,1.49,2024-04-27 02:00:00,1.0009,0.0,0.0
2024,4,27,3,0.0,24.67,96.34,1.48,2024-04-27 03:00:00,1.001485,0.0,0.0
2024,4,27,4,0.0,24.5,96.19,1.53,2024-04-27 04:00:00,1.00225,0.0,0.0
2024,4,27,5,0.0,24.31,96.38,1.61,2024-04-27 05:00:00,1.003105,0.0,0.0
2024,4,27,6,100.28,25.2,95.53,1.53,2024-04-27 06:00:00,0.9991,10.0189748,10.0189748
2024,4,27,7,307.23,26.54,90.38,1.99,2024-04-27 07:00:00,0.99307,30.510089609999998,30.510089609999998
2024,4,27,8,527.17,27.83,85.23,2.21,2024-04-27 08:00:00,0.9872650000000001,52.045649004999994,52.045649004999994
2024,4,27,9,685.03,29.01,79.69,2.4,2024-04-27 09:00:00,0.981955,67.266863365,67.266863365
2024,4,27,10,753.7,29.89,75.56,2.42,2024-04-27 10:00:00,0.977995,73.71148315,73.71148315
2024,4,27,11,756.0,30.46,73.15,2.27,2024-04-27 11:00:00,0.97543,73.742508,73.742508
2024,4,27,12,755.62,30.86,71.36,2.12,2024-04-27 12:00:00,0.97363,73.56943006,73.56943006
2024,4,27,13,669.2,30.94,70.68,2.01,2024-04-27 13:00:00,0.97327,65.1312284,65.1312284
2024,4,27,14,497.08,30.65,71.29,1.96,2024-04-27 14:00:00,0.974575,48.4441741,48.4441741
2024,4,27,15,299.92,30.15,73.48,1.92,2024-04-27 15:00:00,0.976825,29.296935400000002,29.296935400000002
2024,4,27,16,129.07,29.36,79.85,1.83,2024-04-27 16:00:00,0.98038,12.653764659999998,12.653764659999998
2024,4,27,17,8.25,27.98,88.13,1.69,2024-04-27 17:00:00,0.98659,0.81393675,0.81393675
2024,4,27,18,0.0,26.94,93.71,1.77,2024-04-27 18:00:00,0.99127,0.0,0.0
2024,4,27,19,0.0,26.43,95.21,1.86,2024-04-27 19:00:00,0.993565,0.0,0.0
2024,4,27,20,0.0,26.02,96.32,1.94,2024-04-27 20:00:00,0.99541,0.0,0.0
2024,4,27,21,0.0,25.75,97.02,2.02,2024-04-27 21:00:00,0.996625,0.0,0.0
2024,4,27,22,0.0,25.57,97.39,2.05,2024-04-27 22:00:00,0.997435,0.0,0.0
2024,4,27,23,0.0,25.46,97.48,2.08,2024-04-27 23:00:00,0.99793,0.0,0.0
2024,4,28,0,0.0,25.37,97.52,2.15,2024-04-28 00:00:00,0.998335,0.0,0.0
2024,4,28,1,0.0,25.24,97.6,2.18,2024-04-28 01:00:00,0.99892,0.0,0.0
2024,4,28,2,0.0,25.13,97.73,2.21,2024-04-28 02:00:00,0.999415,0.0,0.0
2024,4,28,3,0.0,25.04,97.75,2.22,2024-04-28 03:00:00,0.99982,0.0,0.0
2024,4,28,4,0.0,24.97,97.74,2.16,2024-04-28 04:00:00,1.000135,0.0,0.0
2024,4,28,5,0.0,24.96,97.75,2.1,2024-04-28 05:00:00,1.00018,0.0,0.0
2024,4,28,6,92.93,25.75,96.35,2.33,2024-04-28 06:00:00,0.996625,9.261636125,9.261636125
2024,4,28,7,278.8,26.67,93.51,3.04,2024-04-28 07:00:00,0.992485,27.670481799999997,27.670481799999997
2024,4,28,8,467.52,27.59,89.44,3.22,2024-04-28 08:00:00,0.988345,46.20710544000001,46.20710544000001
2024,4,28,9,667.35,28.53,84.49,3.08,2024-04-28 09:00:00,0.984115,65.67491452499999,65.67491452499999
2024,4,28,10,728.92,29.31,80.19,2.87,2024-04-28 10:00:00,0.9806050000000001,71.47825966,71.47825966
2024,4,28,11,687.65,29.82,77.07,2.64,2024-04-28 11:00:00,0.97831,67.27348715000001,67.27348715000001
2024,4,28,12,630.0,30.14,74.93,2.41,2024-04-28 12:00:00,0.97687,61.54281,61.54281
2024,4,28,13,578.03,30.1,74.3,2.22,2024-04-28 13:00:00,0.97705,56.476421149999986,56.476421149999986
2024,4,28,14,411.65,29.85,75.47,2.25,2024-04-28 14:00:00,0.978175,40.266573875,40.266573875
2024,4,28,15,248.25,29.2,80.23,2.26,2024-04-28 15:00:00,0.9811,24.355807499999997,24.355807499999997
2024,4,28,16,102.2,28.26,85.43,2.2,2024-04-28 16:00:00,0.98533,10.070072600000001,10.070072600000001
2024,4,28,17,8.6,27.17,92.03,1.94,2024-04-28 17:00:00,0.990235,0.8516020999999999,0.8516020999999999
2024,4,28,18,0.0,26.55,95.2,1.8,2024-04-28 18:00:00,0.993025,0.0,0.0
2024,4,28,19,0.0,26.28,96.25,1.83,2024-04-28 19:00:00,0.99424,0.0,0.0
2024,4,28,20,0.0,26.08,96.9,1.88,2024-04-28 20:00:00,0.99514,0.0,0.0
2024,4,28,21,0.0,25.93,97.18,1.92,2024-04-28 21:00:00,0.995815,0.0,0.0
2024,4,28,22,0.0,25.66,97.76,1.92,2024-04-28 22:00:00,0.99703,0.0,0.0
2024,4,28,23,0.0,25.45,98.46,1.94,2024-04-28 23:00:00,0.9979750000000001,0.0,0.0
2024,4,29,0,0.0,25.3,98.82,1.99,2024-04-29 00:00:00,0.99865,0.0,0.0
2024,4,29,1,0.0,25.19,99.09,2.08,2024-04-29 01:00:00,0.999145,0.0,0.0
2024,4,29,2,0.0,25.08,99.27,2.14,2024-04-29 02:00:00,0.99964,0.0,0.0
2024,4,29,3,0.0,24.97,99.43,2.21,2024-04-29 03:00:00,1.000135,0.0,0.0
2024,4,29,4,0.0,24.9,99.46,2.24,2024-04-29 04:00:00,1.00045,0.0,0.0
2024,4,29,5,0.0,24.81,99.48,2.26,2024-04-29 05:00:00,1.000855,0.0,0.0
2024,4,29,6,97.03,25.66,96.76,2.51,2024-04-29 06:00:00,0.99703,9.67418209,9.67418209
2024,4,29,7,299.45,26.63,93.24,3.28,2024-04-29 07:00:00,0.992665,29.725353425,29.725353425
2024,4,29,8,507.88,27.44,89.51,3.56,2024-04-29 08:00:00,0.98902,50.23034776,50.23034776
2024,4,29,9,639.83,28.15,85.43,3.67,2024-04-29 09:00:00,0.985825,63.076040975,63.076040975
2024,4,29,10,728.3,28.76,82.3,3.67,2024-04-29 10:00:00,0.98308,71.5977164,71.5977164
2024,4,29,11,764.35,29.35,79.55,3.63,2024-04-29 11:00:00,0.980425,74.938784875,74.938784875
2024,4,29,12,689.8,29.68,77.87,3.62,2024-04-29 12:00:00,0.97894,67.52728119999999,67.52728119999999
2024,4,29,13,606.95,29.8,77.11,3.64,2024-04-29 13:00:00,0.9784,59.38398800000001,59.38398800000001
2024,4,29,14,470.6,29.52,78.2,3.7,2024-04-29 14:00:00,0.97966,46.102799600000004,46.102799600000004
2024,4,29,15,301.95,28.78,82.11,3.69,2024-04-29 15:00:00,0.98299,29.68138305,29.68138305
2024,4,29,16,123.38,27.82,87.34,3.33,2024-04-29 16:00:00,0.98731,12.18143078,12.18143078
2024,4,29,17,9.38,26.6,93.3,2.75,2024-04-29 17:00:00,0.9928,0.9312464000000001,0.9312464000000001
2024,4,29,18,0.0,26.05,95.36,2.74,2024-04-29 18:00:00,0.995275,0.0,0.0
2024,4,29,19,0.0,25.81,95.96,2.83,2024-04-29 19:00:00,0.996355,0.0,0.0
2024,4,29,20,0.0,25.65,95.84,2.99,2024-04-29 20:00:00,0.997075,0.0,0.0
2024,4,29,21,0.0,25.48,95.88,2.94,2024-04-29 21:00:00,0.99784,0.0,0.0
2024,4,29,22,0.0,25.3,95.9,2.76,2024-04-29 22:00:00,0.99865,0.0,0.0
2024,4,29,23,0.0,25.13,96.07,2.48,2024-04-29 23:00:00,0.999415,0.0,0.0
2024,4,30,0,0.0,24.95,96.27,2.34,2024-04-30 00:00:00,1.000225,0.0,0.0
2024,4,30,1,0.0,24.8,96.28,2.3,2024-04-30 01:00:00,1.0009,0.0,0.0
2024,4,30,2,0.0,24.62,96.48,2.24,2024-04-30 02:00:00,1.00171,0.0,0.0
2024,4,30,3,0.0,24.42,96.75,2.18,2024-04-30 03:00:00,1.00261,0.0,0.0
2024,4,30,4,0.0,24.26,97.24,2.12,2024-04-30 04:00:00,1.00333,0.0,0.0
2024,4,30,5,0.0,24.14,97.47,2.11,2024-04-30 05:00:00,1.00387,0.0,0.0
2024,4,30,6,90.12,25.06,95.46,2.71,2024-04-30 06:00:00,0.99973,9.00956676,9.00956676
2024,4,30,7,282.83,26.15,91.99,3.59,2024-04-30 07:00:00,0.994825,28.136635474999995,28.136635474999995
2024,4,30,8,480.85,27.35,86.6,3.98,2024-04-30 08:00:00,0.989425,47.576501125,47.576501125
2024,4,30,9,567.4,28.48,81.66,3.69,2024-04-30 09:00:00,0.98434,55.851451600000004,55.851451600000004
2024,4,30,10,567.12,29.32,78.18,3.25,2024-04-30 10:00:00,0.98056,55.60951872,55.60951872
2024,4,30,11,627.35,29.78,76.29,2.97,2024-04-30 11:00:00,0.97849,61.38557015000001,61.38557015000001
2024,4,30,12,614.28,29.98,75.54,2.95,2024-04-30 12:00:00,0.97759,60.05139851999999,60.05139851999999
2024,4,30,13,461.98,29.9,76.02,3.14,2024-04-30 13:00:00,0.97795,45.1793341,45.1793341
2024,4,30,14,351.85,29.11,79.72,3.49,2024-04-30 14:00:00,0.981505,34.534253425,34.534253425
2024,4,30,15,221.27,28.25,84.16,3.74,2024-04-30 15:00:00,0.985375,21.803392625,21.803392625
2024,4,30,16,95.65,27.33,88.83,3.56,2024-04-30 16:00:00,0.989515,9.464710975,9.464710975
2024,4,30,17,7.55,26.34,93.35,3.01,2024-04-30 17:00:00,0.99397,0.75044735,0.75044735
2024,4,30,18,0.0,25.83,94.89,3.03,2024-04-30 18:00:00,0.996265,0.0,0.0
2024,4,30,19,0.0,25.61,95.28,3.16,2024-04-30 19:00:00,0.997255,0.0,0.0
2024,4,30,20,0.0,25.44,95.64,3.05,2024-04-30 20:00:00,0.99802,0.0,0.0
2024,4,30,21,0.0,25.27,95.92,2.85,2024-04-30 21:00:00,0.998785,0.0,0.0
2024,4,30,22,0.0,25.14,95.98,2.81,2024-04-30 22:00:00,0.99937,0.0,0.0
2024,4,30,23,0.0,24.99,96.47,2.54,2024-04-30 23:00:00,1.000045,0.0,0.0
2024,5,1,0,0.0,24.85,96.83,2.43,2024-05-01 00:00:00,1.000675,0.0,0.0
2024,5,1,1,0.0,24.74,96.96,2.35,2024-05-01 01:00:00,1.0011700000000001,0.0,0.0
2024,5,1,2,0.0,24.65,96.94,2.4,2024-05-01 02:00:00,1.001575,0.0,0.0
2024,5,1,3,0.0,24.62,96.52,2.77,2024-05-01 03:00:00,1.00171,0.0,0.0
2024,5,1,4,0.0,24.47,96.51,2.76,2024-05-01 04:00:00,1.002385,0.0,0.0
2024,5,1,5,0.0,24.2,96.7,2.3,2024-05-01 05:00:00,1.0036,0.0,0.0
2024,5,1,6,71.15,25.19,94.65,2.18,2024-05-01 06:00:00,0.999145,7.108916675,7.108916675
2024,5,1,7,263.15,26.33,89.87,2.59,2024-05-01 07:00:00,0.994015,26.157504725,26.157504725
2024,5,1,8,459.05,27.66,84.26,2.81,2024-05-01 08:00:00,0.98803,45.35551715,45.35551715
2024,5,1,9,598.67,29.08,78.34,2.59,2024-05-01 09:00:00,0.98164,58.767841879999985,58.767841879999985
2024,5,1,10,662.03,30.09,74.05,2.17,2024-05-01 10:00:00,0.977095,64.686620285,64.686620285
2024,5,1,11,634.4,30.81,71.04,1.7,2024-05-01 11:00:00,0.973855,61.7813612,61.7813612
2024,5,1,12,613.15,31.05,69.78,1.57,2024-05-01 12:00:00,0.972775,59.64569912499999,59.64569912499999
2024,5,1,13,513.47,30.98,70.0,1.83,2024-05-01 13:00:00,0.97309,49.965252230000004,49.965252230000004
2024,5,1,14,386.73,30.63,71.69,2.44,2024-05-01 14:00:00,0.974665,37.693219545000005,37.693219545000005
2024,5,1,15,235.38,29.77,76.37,2.91,2024-05-01 15:00:00,0.978535,23.03275683,23.03275683
2024,5,1,16,93.93,28.68,82.2,3.05,2024-05-01 16:00:00,0.98344,9.23745192,9.23745192
2024,5,1,17,7.7,27.16,89.54,2.83,2024-05-01 17:00:00,0.99028,0.7625156000000001,0.7625156000000001
2024,5,1,18,0.0,26.28,93.13,2.96,2024-05-01 18:00:00,0.99424,0.0,0.0
2024,5,1,19,0.0,25.92,94.53,3.26,2024-05-01 19:00:00,0.99586,0.0,0.0
2024,5,1,20,0.0,25.66,95.74,3.31,2024-05-01 20:00:00,0.99703,0.0,0.0
2024,5,1,21,0.0,25.45,96.55,2.89,2024-05-01 21:00:00,0.9979750000000001,0.0,0.0
2024,5,1,22,0.0,25.26,97.07,2.64,2024-05-01 22:00:00,0.99883,0.0,0.0
2024,5,1,23,0.0,25.1,97.31,2.57,2024-05-01 23:00:00,0.9995499999999999,0.0,0.0
2024,5,2,0,0.0,24.97,97.34,2.66,2024-05-02 00:00:00,1.000135,0.0,0.0
2024,5,2,1,0.0,24.8,97.39,2.78,2024-05-02 01:00:00,1.0009,0.0,0.0
2024,5,2,2,0.0,24.65,97.49,2.77,2024-05-02 02:00:00,1.001575,0.0,0.0
2024,5,2,3,0.0,24.46,97.88,2.64,2024-05-02 03:00:00,1.00243,0.0,0.0
2024,5,2,4,0.0,24.27,98.36,2.45,2024-05-02 04:00:00,1.003285,0.0,0.0
2024,5,2,5,0.0,24.08,98.97,2.33,2024-05-02 05:00:00,1.00414,0.0,0.0
2024,5,2,6,82.68,25.12,95.29,2.85,2024-05-02 06:00:00,0.99946,8.263535280000001,8.263535280000001
2024,5,2,7,259.08,26.39,90.26,3.81,2024-05-02 07:00:00,0.993745,25.745945459999998,25.745945459999998
2024,5,2,8,465.77,27.4,86.01,4.22,2024-05-02 08:00:00,0.9892,46.0739684,46.0739684
2024,5,2,9,626.22,28.21,82.97,4.0,2024-05-02 09:00:00,0.985555,61.717425209999995,61.717425209999995
2024,5,2,10,686.5,28.86,80.52,3.79,2024-05-02 10:00:00,0.98263,67.4575495,67.4575495
2024,5,2,11,720.33,29.33,78.68,3.67,2024-05-02 11:00:00,0.980515,70.629436995,70.629436995
2024,5,2,12,653.83,29.65,77.47,3.63,2024-05-02 12:00:00,0.979075,64.01486072499999,64.01486072499999
2024,5,2,13,591.25,29.71,77.16,3.69,2024-05-02 13:00:00,0.978805,57.871845625000006,57.871845625000006
2024,5,2,14,416.85,29.25,79.36,3.87,2024-05-02 14:00:00,0.980875,40.887774375000006,40.887774375000006
2024,5,2,15,263.02,28.38,83.99,4.13,2024-05-02 15:00:00,0.98479,25.901946579999997,25.901946579999997
2024,5,2,16,108.43,27.34,89.49,3.99,2024-05-02 16:00:00,0.98947,10.728823210000002,10.728823210000002
2024,5,2,17,8.82,26.33,94.15,3.57,2024-05-02 17:00:00,0.994015,0.87672123,0.87672123
2024,5,2,18,0.0,25.89,95.68,3.6,2024-05-02 18:00:00,0.995995,0.0,0.0
2024,5,2,19,0.0,25.73,95.51,3.77,2024-05-02 19:00:00,0.996715,0.0,0.0
2024,5,2,20,0.0,25.54,95.41,3.86,2024-05-02 20:00:00,0.99757,0.0,0.0
2024,5,2,21,0.0,25.34,95.57,3.75,2024-05-02 21:00:00,0.99847,0.0,0.0
2024,5,2,22,0.0,25.07,96.23,3.08,2024-05-02 22:00:00,0.999685,0.0,0.0
2024,5,2,23,0.0,24.79,96.98,2.58,2024-05-02 23:00:00,1.000945,0.0,0.0
2024,5,3,0,0.0,24.58,97.54,2.32,2024-05-03 00:00:00,1.00189,0.0,0.0
2024,5,3,1,0.0,24.42,97.92,2.22,2024-05-03 01:00:00,1.00261,0.0,0.0
2024,5,3,2,0.0,24.36,97.98,2.28,2024-05-03 02:00:00,1.00288,0.0,0.0
2024,5,3,3,0.0,24.32,97.89,2.41,2024-05-03 03:00:00,1.00306,0.0,0.0
2024,5,3,4,0.0,24.39,97.46,2.63,2024-05-03 04:00:00,1.002745,0.0,0.0
2024,5,3,5,0.0,24.39,97.32,2.68,2024-05-03 05:00:00,1.002745,0.0,0.0
2024,5,3,6,91.35,25.08,95.63,3.26,2024-05-03 06:00:00,0.99964,9.1317114,9.1317114
2024,5,3,7,296.02,25.95,92.94,3.96,2024-05-03 07:00:00,0.995725,29.475451449999998,29.475451449999998
2024,5,3,8,512.62,26.89,88.35,4.27,2024-05-03 08:00:00,0.991495,50.826016689999996,50.826016689999996
2024,5,3,9,679.17,27.9,83.27,4.19,2024-05-03 09:00:00,0.98695,67.03068314999999,67.03068314999999
2024,5,3,10,780.4,28.73,79.62,4.02,2024-05-03 10:00:00,0.983215,76.73009859999999,76.73009859999999
2024,5,3,11,809.22,29.33,77.25,3.86,2024-05-03 11:00:00,0.980515,79.34523483000001,79.34523483000001
2024,5,3,12,769.0,29.72,75.81,3.71,2024-05-03 12:00:00,0.97876,75.266644,75.266644
2024,5,3,13,647.6,29.78,75.62,3.56,2024-05-03 13:00:00,0.97849,63.3670124,63.3670124
2024,5,3,14,473.98,29.35,78.21,3.46,2024-05-03 14:00:00,0.980425,46.47018415,46.47018415
2024,5,3,15,297.35,28.84,81.25,3.49,2024-05-03 15:00:00,0.98272,29.2211792,29.2211792
2024,5,3,16,121.93,27.83,86.24,3.23,2024-05-03 16:00:00,0.9872650000000001,12.037722145000002,12.037722145000002
2024,5,3,17,9.57,26.5,93.03,2.6,2024-05-03 17:00:00,0.99325,0.9505402500000001,0.9505402500000001
2024,5,3,18,0.0,25.91,95.02,2.68,2024-05-03 18:00:00,0.995905,0.0,0.0
2024,5,3,19,0.0,25.67,95.57,2.88,2024-05-03 19:00:00,0.996985,0.0,0.0
2024,5,3,20,0.0,25.49,95.94,3.02,2024-05-03 20:00:00,0.997795,0.0,0.0
2024,5,3,21,0.0,25.34,96.25,3.09,2024-05-03 21:00:00,0.99847,0.0,0.0
2024,5,3,22,0.0,25.23,96.31,3.22,2024-05-03 22:00:00,0.998965,0.0,0.0
2024,5,3,23,0.0,25.08,96.52,3.28,2024-05-03 23:00:00,0.99964,0.0,0.0
2024,5,4,0,0.0,24.91,96.82,3.03,2024-05-04 00:00:00,1.000405,0.0,0.0
2024,5,4,1,0.0,24.77,96.82,3.1,2024-05-04 01:00:00,1.001035,0.0,0.0
2024,5,4,2,0.0,24.65,96.67,3.28,2024-05-04 02:00:00,1.001575,0.0,0.0
2024,5,4,3,0.0,24.47,96.95,3.19,2024-05-04 03:00:00,1.002385,0.0,0.0
2024,5,4,4,0.0,24.27,97.43,2.97,2024-05-04 04:00:00,1.003285,0.0,0.0
2024,5,4,5,0.0,23.97,98.3,2.73,2024-05-04 05:00:00,1.004635,0.0,0.0
2024,5,4,6,91.65,24.76,95.0,3.4,2024-05-04 06:00:00,1.00108,9.174898200000001,9.174898200000001
2024,5,4,7,296.55,25.93,89.15,4.39,2024-05-04 07:00:00,0.995815,29.530893825000003,29.530893825000003
2024,5,4,8,521.42,27.09,83.24,4.73,2024-05-04 08:00:00,0.990595,51.65160449,51.65160449
2024,5,4,9,700.15,28.11,79.06,4.5,2024-05-04 09:00:00,0.986005,69.035140075,69.035140075
2024,5,4,10,807.85,28.93,76.24,4.34,2024-05-04 10:00:00,0.982315,79.35631727500001,79.35631727500001
2024,5,4,11,837.4,29.44,74.2,4.33,2024-05-04 11:00:00,0.98002,82.0668748,82.0668748
2024,5,4,12,797.28,29.57,73.45,4.43,2024-05-04 12:00:00,0.9794350000000001,78.08839368,78.08839368
2024,5,4,13,712.42,29.43,73.49,4.59,2024-05-04 13:00:00,0.980065,69.82179072999999,69.82179072999999
2024,5,4,14,538.45,29.05,73.93,4.71,2024-05-04 14:00:00,0.981775,52.86367487500001,52.86367487500001
2024,5,4,15,346.27,28.13,77.38,4.71,2024-05-04 15:00:00,0.985915,34.139278704999995,34.139278704999995
2024,5,4,16,143.4,26.97,83.06,4.47,2024-05-04 16:00:00,0.991135,14.2128759,14.2128759
2024,5,4,17,10.02,25.42,91.36,3.37,2024-05-04 17:00:00,0.9981099999999999,1.00010622,1.00010622
2024,5,4,18,0.0,24.61,94.79,2.92,2024-05-04 18:00:00,1.001755,0.0,0.0
2024,5,4,19,0.0,24.25,95.85,2.67,2024-05-04 19:00:00,1.003375,0.0,0.0
2024,5,4,20,0.0,23.91,97.05,2.4,2024-05-04 20:00:00,1.004905,0.0,0.0
2024,5,4,21,0.0,23.61,98.15,2.26,2024-05-04 21:00:00,1.006255,0.0,0.0
2024,5,4,22,0.0,23.31,99.19,2.24,2024-05-04 22:00:00,1.007605,0.0,0.0
2024,5,4,23,0.0,23.07,99.9,2.27,2024-05-04 23:00:00,1.008685,0.0,0.0
2024,5,5,0,0.0,22.84,100.0,2.33,2024-05-05 00:00:00,1.00972,0.0,0.0
2024,5,5,1,0.0,22.63,100.0,2.39,2024-05-05 01:00:00,1.010665,0.0,0.0
2024,5,5,2,0.0,22.46,100.0,2.44,2024-05-05 02:00:00,1.01143,0.0,0.0
2024,5,5,3,0.0,22.35,100.0,2.49,2024-05-05 03:00:00,1.011925,0.0,0.0
2024,5,5,4,0.0,22.25,100.0,2.46,2024-05-05 04:00:00,1.012375,0.0,0.0
2024,5,5,5,0.0,22.17,100.0,2.35,2024-05-05 05:00:00,1.012735,0.0,0.0
2024,5,5,6,92.15,23.67,95.94,2.3,2024-05-05 06:00:00,1.005985,9.270151775,9.270151775
2024,5,5,7,285.55,25.26,88.96,3.07,2024-05-05 07:00:00,0.99883,28.521590650000004,28.521590650000004
2024,5,5,8,487.38,26.4,83.71,3.34,2024-05-05 08:00:00,0.9937,48.4309506,48.4309506
2024,5,5,9,644.83,27.36,79.91,3.27,2024-05-05 09:00:00,0.98938,63.79819054000001,63.79819054000001
2024,5,5,10,749.0,28.2,76.65,3.28,2024-05-05 10:00:00,0.9856,73.82144000000001,73.82144000000001
2024,5,5,11,764.58,28.78,74.14,3.41,2024-05-05 11:00:00,0.98299,75.15744942,75.15744942
2024,5,5,12,659.17,28.96,73.06,3.55,2024-05-05 12:00:00,0.98218,64.74235905999998,64.74235905999998
2024,5,5,13,599.35,28.8,73.28,3.71,2024-05-05 13:00:00,0.9829,58.9101115,58.9101115
2024,5,5,14,409.4,28.4,74.38,3.81,2024-05-05 14:00:00,0.9847,40.313618,40.313618
2024,5,5,15,268.77,27.78,77.12,3.69,2024-05-05 15:00:00,0.98749,26.540768730000003,26.540768730000003
2024,5,5,16,114.5,26.76,82.86,3.32,2024-05-05 16:00:00,0.99208,11.359316,11.359316
2024,5,5,17,9.57,25.19,91.19,2.61,2024-05-05 17:00:00,0.999145,0.9561817650000001,0.9561817650000001
2024,5,5,18,0.0,24.33,94.32,2.59,2024-05-05 18:00:00,1.003015,0.0,0.0
2024,5,5,19,0.0,24.01,95.37,2.69,2024-05-05 19:00:00,1.004455,0.0,0.0
2024,5,5,20,0.0,23.73,96.4,2.66,2024-05-05 20:00:00,1.005715,0.0,0.0
2024,5,5,21,0.0,23.46,97.37,2.62,2024-05-05 21:00:00,1.00693,0.0,0.0
2024,5,5,22,0.0,23.2,97.94,2.62,2024-05-05 22:00:00,1.0081,0.0,0.0
2024,5,5,23,0.0,22.93,98.16,2.66,2024-05-05 23:00:00,1.009315,0.0,0.0
2024,5,6,0,0.0,22.62,98.52,2.66,2024-05-06 00:00:00,1.01071,0.0,0.0
2024,5,6,1,0.0,22.3,99.1,2.66,2024-05-06 01:00:00,1.01215,0.0,0.0
2024,5,6,2,0.0,22.02,99.67,2.67,2024-05-06 02:00:00,1.01341,0.0,0.0
2024,5,6,3,0.0,21.82,99.94,2.72,2024-05-06 03:00:00,1.01431,0.0,0.0
2024,5,6,4,0.0,21.62,100.0,2.69,2024-05-06 04:00:00,1.01521,0.0,0.0
2024,5,6,5,0.0,21.44,100.0,2.64,2024-05-06 05:00:00,1.01602,0.0,0.0
2024,5,6,6,107.78,23.15,94.02,2.75,2024-05-06 06:00:00,1.008325,10.86772685,10.86772685
2024,5,6,7,324.85,25.13,85.71,3.82,2024-05-06 07:00:00,0.999415,32.465996275,32.465996275
2024,5,6,8,551.5,26.58,79.4,4.02,2024-05-06 08:00:00,0.99289,54.7578835,54.7578835
2024,5,6,9,710.92,27.68,74.77,3.77,2024-05-06 09:00:00,0.98794,70.23463048,70.23463048
2024,5,6,10,807.4,28.59,70.79,3.67,2024-05-06 10:00:00,0.983845,79.43564529999999,79.43564529999999
2024,5,6,11,808.08,29.21,68.14,3.62,2024-05-06 11:00:00,0.981055,79.27709244,79.27709244
2024,5,6,12,768.45,29.51,67.11,3.62,2024-05-06 12:00:00,0.979705,75.28543072500001,75.28543072500001
2024,5,6,13,662.45,29.47,67.49,3.76,2024-05-06 13:00:00,0.979885,64.912481825,64.912481825
2024,5,6,14,531.85,29.07,69.01,3.98,2024-05-06 14:00:00,0.981685,52.210916725000004,52.210916725000004
2024,5,6,15,323.95,28.28,72.41,4.21,2024-05-06 15:00:00,0.98524,31.916849800000005,31.916849800000005
2024,5,6,16,138.32,26.97,79.64,4.0,2024-05-06 16:00:00,0.991135,13.70937932,13.70937932
2024,5,6,17,9.4,25.11,89.58,3.04,2024-05-06 17:00:00,0.999505,0.9395347000000001,0.9395347000000001
2024,5,6,18,0.0,24.17,93.17,2.92,2024-05-06 18:00:00,1.003735,0.0,0.0
2024,5,6,19,0.0,23.83,94.16,2.86,2024-05-06 19:00:00,1.005265,0.0,0.0
2024,5,6,20,0.0,23.55,94.63,2.81,2024-05-06 20:00:00,1.006525,0.0,0.0
2024,5,6,21,0.0,23.3,95.0,2.76,2024-05-06 21:00:00,1.00765,0.0,0.0
2024,5,6,22,0.0,23.08,95.4,2.73,2024-05-06 22:00:00,1.00864,0.0,0.0
2024,5,6,23,0.0,22.79,96.73,2.58,2024-05-06 23:00:00,1.009945,0.0,0.0
2024,5,7,0,0.0,22.48,98.17,2.48,2024-05-07 00:00:00,1.01134,0.0,0.0
2024,5,7,1,0.0,22.18,99.44,2.41,2024-05-07 01:00:00,1.01269,0.0,0.0
2024,5,7,2,0.0,21.91,100.0,2.4,2024-05-07 02:00:00,1.013905,0.0,0.0
2024,5,7,3,0.0,21.72,100.0,2.41,2024-05-07 03:00:00,1.01476,0.0,0.0
2024,5,7,4,0.0,21.59,100.0,2.4,2024-05-07 04:00:00,1.015345,0.0,0.0
2024,5,7,5,0.0,21.48,100.0,2.38,2024-05-07 05:00:00,1.01584,0.0,0.0
2024,5,7,6,99.53,23.25,94.95,2.52,2024-05-07 06:00:00,1.007875,10.031379875000002,10.031379875000002
2024,5,7,7,302.0,25.21,87.27,3.4,2024-05-07 07:00:00,0.999055,30.171461,30.171461
2024,5,7,8,517.3,26.67,81.35,3.56,2024-05-07 08:00:00,0.992485,51.341249049999995,51.341249049999995
2024,5,7,9,690.12,27.78,76.61,3.43,2024-05-07 09:00:00,0.98749,68.14865988,68.14865988
2024,5,7,10,817.12,28.66,72.76,3.36,2024-05-07 10:00:00,0.98353,80.36620335999999,80.36620335999999
2024,5,7,11,875.0,29.29,70.09,3.4,2024-05-07 11:00:00,0.980695,85.8108125,85.8108125
2024,5,7,12,795.85,29.67,68.59,3.46,2024-05-07 12:00:00,0.978985,77.912521225,77.912521225
2024,5,7,13,695.88,29.72,68.54,3.57,2024-05-07 13:00:00,0.97876,68.10995087999999,68.10995087999999
2024,5,7,14,517.3,29.41,69.87,3.75,2024-05-07 14:00:00,0.980155,50.70341815,50.70341815
2024,5,7,15,328.25,28.65,73.17,3.99,2024-05-07 15:00:00,0.983575,32.285849375,32.285849375
2024,5,7,16,135.8,27.29,80.82,3.88,2024-05-07 16:00:00,0.989695,13.4400581,13.4400581
2024,5,7,17,9.23,25.5,90.16,3.24,2024-05-07 17:00:00,0.99775,0.9209232500000001,0.9209232500000001
2024,5,7,18,0.0,24.66,94.01,3.2,2024-05-07 18:00:00,1.00153,0.0,0.0
2024,5,7,19,0.0,24.41,95.49,3.14,2024-05-07 19:00:00,1.002655,0.0,0.0
2024,5,7,20,0.0,24.23,96.33,2.97,2024-05-07 20:00:00,1.003465,0.0,0.0
2024,5,7,21,0.0,23.92,97.54,2.61,2024-05-07 21:00:00,1.00486,0.0,0.0
2024,5,7,22,0.0,23.53,98.63,2.42,2024-05-07 22:00:00,1.006615,0.0,0.0
2024,5,7,23,0.0,23.28,99.01,2.36,2024-05-07 23:00:00,1.00774,0.0,0.0
2024,5,8,0,0.0,23.06,99.29,2.3,2024-05-08 00:00:00,1.00873,0.0,0.0
2024,5,8,1,0.0,22.87,99.37,2.28,2024-05-08 01:00:00,1.009585,0.0,0.0
2024,5,8,2,0.0,22.7,99.33,2.29,2024-05-08 02:00:00,1.01035,0.0,0.0
2024,5,8,3,0.0,22.54,99.25,2.3,2024-05-08 03:00:00,1.01107,0.0,0.0
2024,5,8,4,0.0,22.4,99.14,2.27,2024-05-08 04:00:00,1.0117,0.0,0.0
2024,5,8,5,0.0,22.27,99.03,2.23,2024-05-08 05:00:00,1.012285,0.0,0.0
2024,5,8,6,113.57,23.89,95.42,2.28,2024-05-08 06:00:00,1.004995,11.413728215,11.413728215
2024,5,8,7,336.33,25.52,89.44,2.75,2024-05-08 07:00:00,0.99766,33.554298779999996,33.554298779999996
2024,5,8,8,552.33,27.08,82.24,2.59,2024-05-08 08:00:00,0.99064,54.71601912,54.71601912
2024,5,8,9,711.42,28.56,75.75,2.04,2024-05-08 09:00:00,0.98398,70.00230515999999,70.00230515999999
2024,5,8,10,793.53,29.7,71.22,1.65,2024-05-08 10:00:00,0.97885,77.67468405,77.67468405
2024,5,8,11,801.4,30.48,68.45,1.43,2024-05-08 11:00:00,0.97534,78.1637476,78.1637476
2024,5,8,12,743.55,30.91,66.7,1.24,2024-05-08 12:00:00,0.973405,72.37752877499999,72.37752877499999
2024,5,8,13,622.62,31.01,65.62,0.97,2024-05-08 13:00:00,0.972955,60.57812420999999,60.57812420999999
2024,5,8,14,477.83,30.84,65.47,0.74,2024-05-08 14:00:00,0.97372,46.52726276,46.52726276
2024,5,8,15,287.8,30.38,66.84,0.83,2024-05-08 15:00:00,0.97579,28.0832362,28.0832362
2024,5,8,16,116.55,29.66,71.86,1.17,2024-05-08 16:00:00,0.97903,11.410594649999998,11.410594649999998
2024,5,8,17,7.53,27.85,81.9,1.43,2024-05-08 17:00:00,0.987175,0.743342775,0.743342775
2024,5,8,18,0.0,26.35,91.71,1.65,2024-05-08 18:00:00,0.993925,0.0,0.0
2024,5,8,19,0.0,25.68,93.68,1.74,2024-05-08 19:00:00,0.99694,0.0,0.0
2024,5,8,20,0.0,25.12,94.92,1.82,2024-05-08 20:00:00,0.99946,0.0,0.0
2024,5,8,21,0.0,24.61,96.01,1.87,2024-05-08 21:00:00,1.001755,0.0,0.0
2024,5,8,22,0.0,24.24,96.93,1.86,2024-05-08 22:00:00,1.00342,0.0,0.0
2024,5,8,23,0.0,23.93,97.83,1.87,2024-05-08 23:00:00,1.004815,0.0,0.0
2024,5,9,0,0.0,23.72,98.23,1.94,2024-05-09 00:00:00,1.00576,0.0,0.0
2024,5,9,1,0.0,23.58,98.32,2.04,2024-05-09 01:00:00,1.0063900000000001,0.0,0.0
2024,5,9,2,0.0,23.47,98.51,2.16,2024-05-09 02:00:00,1.006885,0.0,0.0
2024,5,9,3,0.0,23.42,98.53,2.28,2024-05-09 03:00:00,1.00711,0.0,0.0
2024,5,9,4,0.0,23.39,98.46,2.35,2024-05-09 04:00:00,1.007245,0.0,0.0
2024,5,9,5,0.0,23.33,98.43,2.4,2024-05-09 05:00:00,1.007515,0.0,0.0
2024,5,9,6,94.53,24.75,96.05,2.88,2024-05-09 06:00:00,1.001125,9.463634625,9.463634625
2024,5,9,7,297.55,26.06,91.98,3.98,2024-05-09 07:00:00,0.9952300000000001,29.613068650000006,29.613068650000006
2024,5,9,8,518.75,27.4,85.06,4.26,2024-05-09 08:00:00,0.9892,51.314750000000004,51.314750000000004
2024,5,9,9,671.33,28.66,78.64,4.06,2024-05-09 09:00:00,0.98353,66.02731949000001,66.02731949000001
2024,5,9,10,760.25,29.51,74.97,3.78,2024-05-09 10:00:00,0.979705,74.482072625,74.482072625
2024,5,9,11,686.75,30.07,72.56,3.47,2024-05-09 11:00:00,0.977185,67.10817987499999,67.10817987499999
2024,5,9,12,561.35,30.49,70.61,3.14,2024-05-09 12:00:00,0.975295,54.74818482500001,54.74818482500001
2024,5,9,13,561.45,30.49,69.77,2.9,2024-05-09 13:00:00,0.975295,54.757937775,54.757937775
2024,5,9,14,406.83,30.28,69.85,2.74,2024-05-09 14:00:00,0.97624,39.71637192,39.71637192
2024,5,9,15,260.92,29.6,72.96,2.72,2024-05-09 15:00:00,0.9793,25.551895600000005,25.551895600000005
2024,5,9,16,105.65,28.7,78.53,2.44,2024-05-09 16:00:00,0.9833500000000001,10.389092750000001,10.389092750000001
2024,5,9,17,7.32,27.08,87.91,2.04,2024-05-09 17:00:00,0.99064,0.72514848,0.72514848
2024,5,9,18,0.0,26.06,92.75,1.9,2024-05-09 18:00:00,0.9952300000000001,0.0,0.0
2024,5,9,19,0.0,25.57,94.2,1.94,2024-05-09 19:00:00,0.997435,0.0,0.0
2024,5,9,20,0.0,25.23,95.08,2.02,2024-05-09 20:00:00,0.998965,0.0,0.0
2024,5,9,21,0.0,24.97,95.97,2.12,2024-05-09 21:00:00,1.000135,0.0,0.0
2024,5,9,22,0.0,24.81,96.62,2.23,2024-05-09 22:00:00,1.000855,0.0,0.0
2024,5,9,23,0.0,24.71,97.03,2.29,2024-05-09 23:00:00,1.001305,0.0,0.0
2024,5,10,0,0.0,24.64,97.33,2.16,2024-05-10 00:00:00,1.00162,0.0,0.0
2024,5,10,1,0.0,24.57,97.37,2.19,2024-05-10 01:00:00,1.001935,0.0,0.0
2024,5,10,2,0.0,24.63,97.12,2.34,2024-05-10 02:00:00,1.001665,0.0,0.0
2024,5,10,3,0.0,24.63,97.06,2.46,2024-05-10 03:00:00,1.001665,0.0,0.0
2024,5,10,4,0.0,24.63,97.02,2.5,2024-05-10 04:00:00,1.001665,0.0,0.0
2024,5,10,5,0.0,24.59,97.1,2.37,2024-05-10 05:00:00,1.001845,0.0,0.0
2024,5,10,6,82.65,24.92,96.05,2.5,2024-05-10 06:00:00,1.00036,8.2679754,8.2679754
2024,5,10,7,270.58,25.59,92.91,2.96,2024-05-10 07:00:00,0.997345,26.98616101,26.98616101
2024,5,10,8,470.23,26.49,88.06,3.07,2024-05-10 08:00:00,0.993295,46.707710785,46.707710785
2024,5,10,9,616.42,27.8,81.72,2.92,2024-05-10 09:00:00,0.9873999999999999,60.865310799999996,60.865310799999996
2024,5,10,10,711.47,29.14,76.05,2.46,2024-05-10 10:00:00,0.98137,69.82153139,69.82153139
2024,5,10,11,748.28,30.23,71.37,1.98,2024-05-10 11:00:00,0.976465,73.06692301999999,73.06692301999999
2024,5,10,12,679.38,30.91,68.49,1.74,2024-05-10 12:00:00,0.973405,66.13118889,66.13118889
2024,5,10,13,598.65,31.09,67.64,1.81,2024-05-10 13:00:00,0.972595,58.224399675,58.224399675
2024,5,10,14,440.08,30.94,68.3,2.04,2024-05-10 14:00:00,0.97327,42.83166616,42.83166616
2024,5,10,15,275.35,30.2,72.19,2.32,2024-05-10 15:00:00,0.9766,26.890681000000004,26.890681000000004
2024,5,10,16,112.45,29.02,79.49,2.42,2024-05-10 16:00:00,0.98191,11.04157795,11.04157795
2024,5,10,17,7.5,27.24,88.92,2.21,2024-05-10 17:00:00,0.98992,0.74244,0.74244
2024,5,10,18,0.0,26.15,93.52,2.17,2024-05-10 18:00:00,0.994825,0.0,0.0
2024,5,10,19,0.0,25.66,95.04,2.22,2024-05-10 19:00:00,0.99703,0.0,0.0
2024,5,10,20,0.0,25.29,96.22,2.3,2024-05-10 20:00:00,0.998695,0.0,0.0
2024,5,10,21,0.0,25.05,96.86,2.39,2024-05-10 21:00:00,0.999775,0.0,0.0
2024,5,10,22,0.0,24.84,97.3,2.33,2024-05-10 22:00:00,1.00072,0.0,0.0
2024,5,10,23,0.0,24.61,97.63,2.2,2024-05-10 23:00:00,1.001755,0.0,0.0
2024,5,11,0,0.0,24.38,97.91,2.17,2024-05-11 00:00:00,1.00279,0.0,0.0
2024,5,11,1,0.0,24.18,98.08,2.18,2024-05-11 01:00:00,1.00369,0.0,0.0
2024,5,11,2,0.0,24.03,98.1,2.21,2024-05-11 02:00:00,1.004365,0.0,0.0
2024,5,11,3,0.0,23.9,98.23,2.24,2024-05-11 03:00:00,1.00495,0.0,0.0
2024,5,11,4,0.0,23.81,98.15,2.29,2024-05-11 04:00:00,1.005355,0.0,0.0
2024,5,11,5,0.0,23.74,98.1,2.3,2024-05-11 05:00:00,1.00567,0.0,0.0
2024,5,11,6,76.4,24.83,96.2,2.94,2024-05-11 06:00:00,1.000765,7.6458446,7.6458446
2024,5,11,7,255.32,26.1,92.5,3.76,2024-05-11 07:00:00,0.99505,25.4056166,25.4056166
2024,5,11,8,481.3,27.55,85.64,4.07,2024-05-11 08:00:00,0.988525,47.57770825,47.57770825
2024,5,11,9,610.4,28.87,78.86,4.07,2024-05-11 09:00:00,0.982585,59.976988399999996,59.976988399999996
2024,5,11,10,683.42,29.83,74.8,3.84,2024-05-11 10:00:00,0.978265,66.85658663,66.85658663
2024,5,11,11,726.28,30.5,72.06,3.53,2024-05-11 11:00:00,0.97525,70.83045699999998,70.83045699999998
2024,5,11,12,664.53,30.84,70.26,3.24,2024-05-11 12:00:00,0.97372,64.70661515999998,64.70661515999998
2024,5,11,13,572.2,30.75,70.15,3.27,2024-05-11 13:00:00,0.974125,55.73943250000001,55.73943250000001
2024,5,11,14,428.85,30.31,71.68,3.58,2024-05-11 14:00:00,0.976105,41.860262925,41.860262925
2024,5,11,15,256.35,29.31,76.66,3.81,2024-05-11 15:00:00,0.9806050000000001,25.137809175000005,25.137809175000005
2024,5,11,16,102.62,28.09,83.26,3.78,2024-05-11 16:00:00,0.986095,10.11930689,10.11930689
2024,5,11,17,6.82,26.45,92.36,2.78,2024-05-11 17:00:00,0.993475,0.6775499500000001,0.6775499500000001
2024,5,11,18,0.0,25.64,96.13,2.4,2024-05-11 18:00:00,0.99712,0.0,0.0
2024,5,11,19,0.0,25.3,97.23,2.3,2024-05-11 19:00:00,0.99865,0.0,0.0
2024,5,11,20,0.0,25.06,97.75,2.26,2024-05-11 20:00:00,0.99973,0.0,0.0
2024,5,11,21,0.0,24.82,98.42,2.2,2024-05-11 21:00:00,1.00081,0.0,0.0
2024,5,11,22,0.0,24.59,98.98,2.11,2024-05-11 22:00:00,1.001845,0.0,0.0
2024,5,11,23,0.0,24.41,99.33,2.06,2024-05-11 23:00:00,1.002655,0.0,0.0
2024,5,12,0,0.0,24.31,99.39,2.03,2024-05-12 00:00:00,1.003105,0.0,0.0
2024,5,12,1,0.0,24.27,99.29,2.07,2024-05-12 01:00:00,1.003285,0.0,0.0
2024,5,12,2,0.0,24.39,98.61,2.24,2024-05-12 02:00:00,1.002745,0.0,0.0
2024,5,12,3,0.0,24.51,97.83,2.59,2024-05-12 03:00:00,1.002205,0.0,0.0
2024,5,12,4,0.0,24.65,97.02,3.09,2024-05-12 04:00:00,1.001575,0.0,0.0
2024,5,12,5,0.0,24.71,96.76,3.22,2024-05-12 05:00:00,1.001305,0.0,0.0
2024,5,12,6,78.82,25.05,95.65,3.59,2024-05-12 06:00:00,0.999775,7.880226549999999,7.880226549999999
2024,5,12,7,250.9,25.64,93.9,3.89,2024-05-12 07:00:00,0.99712,25.0177408,25.0177408
2024,5,12,8,433.7,26.14,91.95,4.25,2024-05-12 08:00:00,0.99487,43.1475119,43.1475119
2024,5,12,9,588.47,26.74,89.54,4.24,2024-05-12 09:00:00,0.99217,58.38622799000001,58.38622799000001
2024,5,12,10,701.67,27.47,86.78,3.85,2024-05-12 10:00:00,0.988885,69.38709379499998,69.38709379499998
2024,5,12,11,701.05,27.9,85.35,3.27,2024-05-12 11:00:00,0.98695,69.19012974999998,69.19012974999998
2024,5,12,12,643.28,28.13,84.68,2.66,2024-05-12 12:00:00,0.985915,63.42194012,63.42194012
2024,5,12,13,575.08,28.26,84.03,2.05,2024-05-12 13:00:00,0.98533,56.664357640000006,56.664357640000006
2024,5,12,14,380.27,28.3,83.52,1.52,2024-05-12 14:00:00,0.98515,37.46229905,37.46229905
2024,5,12,15,239.25,28.06,84.93,1.18,2024-05-12 15:00:00,0.98623,23.595552750000003,23.595552750000003
2024,5,12,16,101.8,27.77,85.2,1.26,2024-05-12 16:00:00,0.987535,10.0531063,10.0531063
2024,5,12,17,7.05,26.62,91.71,1.41,2024-05-12 17:00:00,0.99271,0.6998605499999999,0.6998605499999999
2024,5,12,18,0.0,25.75,95.13,1.76,2024-05-12 18:00:00,0.996625,0.0,0.0
2024,5,12,19,0.0,25.22,96.34,1.99,2024-05-12 19:00:00,0.99901,0.0,0.0
2024,5,12,20,0.0,24.86,97.13,2.03,2024-05-12 20:00:00,1.00063,0.0,0.0
2024,5,12,21,0.0,24.53,98.07,1.99,2024-05-12 21:00:00,1.002115,0.0,0.0
2024,5,12,22,0.0,24.27,98.27,1.9,2024-05-12 22:00:00,1.003285,0.0,0.0
2024,5,12,23,0.0,24.12,97.85,1.74,2024-05-12 23:00:00,1.00396,0.0,0.0
2024,5,13,0,0.0,23.99,97.6,1.66,2024-05-13 00:00:00,1.004545,0.0,0.0
2024,5,13,1,0.0,23.86,97.74,1.7,2024-05-13 01:00:00,1.00513,0.0,0.0
2024,5,13,2,0.0,23.78,97.91,1.84,2024-05-13 02:00:00,1.00549,0.0,0.0
2024,5,13,3,0.0,23.71,98.05,1.98,2024-05-13 03:00:00,1.005805,0.0,0.0
2024,5,13,4,0.0,23.66,97.95,2.14,2024-05-13 04:00:00,1.00603,0.0,0.0
2024,5,13,5,0.0,23.56,97.78,2.28,2024-05-13 05:00:00,1.00648,0.0,0.0
2024,5,13,6,81.3,24.46,96.21,2.95,2024-05-13 06:00:00,1.00243,8.149755899999999,8.149755899999999
2024,5,13,7,266.73,25.67,92.87,3.89,2024-05-13 07:00:00,0.996985,26.592580905000002,26.592580905000002
2024,5,13,8,466.92,27.13,86.08,4.0,2024-05-13 08:00:00,0.990415,46.244457180000005,46.244457180000005
2024,5,13,9,633.17,28.55,78.9,3.68,2024-05-13 09:00:00,0.984025,62.305510925,62.305510925
2024,5,13,10,702.2,29.55,74.72,3.34,2024-05-13 10:00:00,0.979525,68.7822455,68.7822455
2024,5,13,11,724.78,30.32,71.88,3.03,2024-05-13 11:00:00,0.97606,70.74287668,70.74287668
2024,5,13,12,656.97,30.79,69.81,2.72,2024-05-13 12:00:00,0.9739450000000001,63.98526466500001,63.98526466500001
2024,5,13,13,529.17,30.85,68.87,2.47,2024-05-13 13:00:00,0.973675,51.52395997499999,51.52395997499999
2024,5,13,14,439.6,30.31,70.44,2.5,2024-05-13 14:00:00,0.976105,42.909575800000006,42.909575800000006
2024,5,13,15,269.42,29.43,75.31,2.83,2024-05-13 15:00:00,0.980065,26.40491123,26.40491123
2024,5,13,16,105.05,28.29,81.77,2.85,2024-05-13 16:00:00,0.985195,10.349473475,10.349473475
2024,5,13,17,6.07,26.68,89.69,2.6,2024-05-13 17:00:00,0.99244,0.60241108,0.60241108
2024,5,13,18,0.0,25.76,93.62,2.65,2024-05-13 18:00:00,0.99658,0.0,0.0
2024,5,13,19,0.0,25.33,95.17,2.83,2024-05-13 19:00:00,0.998515,0.0,0.0
2024,5,13,20,0.0,25.09,96.16,2.69,2024-05-13 20:00:00,0.999595,0.0,0.0
2024,5,13,21,0.0,24.86,96.53,2.47,2024-05-13 21:00:00,1.00063,0.0,0.0
2024,5,13,22,0.0,24.63,96.66,2.37,2024-05-13 22:00:00,1.001665,0.0,0.0
2024,5,13,23,0.0,24.42,96.96,2.28,2024-05-13 23:00:00,1.00261,0.0,0.0
2024,5,14,0,0.0,24.22,97.33,2.27,2024-05-14 00:00:00,1.00351,0.0,0.0
2024,5,14,1,0.0,24.05,97.65,2.33,2024-05-14 01:00:00,1.004275,0.0,0.0
2024,5,14,2,0.0,23.91,97.82,2.41,2024-05-14 02:00:00,1.004905,0.0,0.0
2024,5,14,3,0.0,23.76,98.11,2.5,2024-05-14 03:00:00,1.00558,0.0,0.0
2024,5,14,4,0.0,23.58,98.67,2.39,2024-05-14 04:00:00,1.0063900000000001,0.0,0.0
2024,5,14,5,0.0,23.45,99.0,2.31,2024-05-14 05:00:00,1.006975,0.0,0.0
2024,5,14,6,86.62,24.42,95.21,3.01,2024-05-14 06:00:00,1.00261,8.68460782,8.68460782
2024,5,14,7,280.2,25.75,89.02,3.74,2024-05-14 07:00:00,0.996625,27.9254325,27.9254325
2024,5,14,8,481.52,27.15,82.86,3.55,2024-05-14 08:00:00,0.990325,47.6861294,47.6861294
2024,5,14,9,674.85,28.41,77.92,3.11,2024-05-14 09:00:00,0.984655,66.449442675,66.449442675
2024,5,14,10,749.0,29.42,74.5,2.86,2024-05-14 10:00:00,0.98011,73.410239,73.410239
2024,5,14,11,787.88,30.06,72.35,3.0,2024-05-14 11:00:00,0.97723,76.99399724,76.99399724
2024,5,14,12,727.12,30.29,71.43,3.14,2024-05-14 12:00:00,0.976195,70.98109084000001,70.98109084000001
2024,5,14,13,588.92,30.33,70.85,2.97,2024-05-14 13:00:00,0.976015,57.479475380000004,57.479475380000004
2024,5,14,14,457.1,30.12,70.8,2.43,2024-05-14 14:00:00,0.97696,44.6568416,44.6568416
2024,5,14,15,276.4,29.68,71.82,1.89,2024-05-14 15:00:00,0.97894,27.057901599999997,27.057901599999997
2024,5,14,16,105.55,28.9,77.2,1.7,2024-05-14 16:00:00,0.98245,10.36975975,10.36975975
2024,5,14,17,6.72,27.36,85.34,1.65,2024-05-14 17:00:00,0.98938,0.6648633599999999,0.6648633599999999
2024,5,14,18,0.0,26.16,92.33,1.63,2024-05-14 18:00:00,0.99478,0.0,0.0
2024,5,14,19,0.0,25.57,93.85,1.64,2024-05-14 19:00:00,0.997435,0.0,0.0
2024,5,14,20,0.0,25.07,95.03,1.66,2024-05-14 20:00:00,0.999685,0.0,0.0
2024,5,14,21,0.0,24.54,96.11,1.75,2024-05-14 21:00:00,1.00207,0.0,0.0
2024,5,14,22,0.0,24.17,96.83,1.78,2024-05-14 22:00:00,1.003735,0.0,0.0
2024,5,14,23,0.0,23.86,97.96,1.77,2024-05-14 23:00:00,1.00513,0.0,0.0
2024,5,15,0,0.0,23.6,98.78,1.79,2024-05-15 00:00:00,1.0063,0.0,0.0
2024,5,15,1,0.0,23.35,99.36,1.89,2024-05-15 01:00:00,1.007425,0.0,0.0
2024,5,15,2,0.0,23.1,100.0,2.02,2024-05-15 02:00:00,1.00855,0.0,0.0
2024,5,15,3,0.0,22.88,100.0,2.17,2024-05-15 03:00:00,1.00954,0.0,0.0
2024,5,15,4,0.0,22.7,100.0,2.22,2024-05-15 04:00:00,1.01035,0.0,0.0
2024,5,15,5,0.0,22.56,100.0,2.23,2024-05-15 05:00:00,1.01098,0.0,0.0
2024,5,15,6,78.03,23.9,96.04,2.62,2024-05-15 06:00:00,1.00495,7.84162485,7.84162485
2024,5,15,7,237.68,25.46,89.3,3.57,2024-05-15 07:00:00,0.99793,23.71880024,23.71880024
2024,5,15,8,425.12,26.94,82.57,3.67,2024-05-15 08:00:00,0.99127,42.14087024,42.14087024
2024,5,15,9,559.9,28.23,77.45,3.32,2024-05-15 09:00:00,0.985465,55.17618535,55.17618535
2024,5,15,10,647.1,29.21,73.98,3.03,2024-05-15 10:00:00,0.981055,63.48406905000001,63.48406905000001
2024,5,15,11,632.55,29.92,71.68,2.93,2024-05-15 11:00:00,0.97786,61.85453429999999,61.85453429999999
2024,5,15,12,594.9,30.3,70.61,2.97,2024-05-15 12:00:00,0.97615,58.07116349999999,58.07116349999999
2024,5,15,13,555.4,30.24,70.8,3.19,2024-05-15 13:00:00,0.9764200000000001,54.230366800000006,54.230366800000006
2024,5,15,14,359.45,29.78,72.25,3.54,2024-05-15 14:00:00,0.97849,35.17182305,35.17182305
2024,5,15,15,223.38,28.7,77.09,3.91,2024-05-15 15:00:00,0.9833500000000001,21.966072300000004,21.966072300000004
2024,5,15,16,87.6,27.36,83.54,4.14,2024-05-15 16:00:00,0.98938,8.6669688,8.6669688
2024,5,15,17,6.3,25.77,91.14,3.59,2024-05-15 17:00:00,0.996535,0.62781705,0.62781705
2024,5,15,18,0.0,24.96,94.09,3.61,2024-05-15 18:00:00,1.00018,0.0,0.0
2024,5,15,19,0.0,24.54,95.49,3.42,2024-05-15 19:00:00,1.00207,0.0,0.0
2024,5,15,20,0.0,24.2,96.12,3.06,2024-05-15 20:00:00,1.0036,0.0,0.0
2024,5,15,21,0.0,23.86,96.72,2.67,2024-05-15 21:00:00,1.00513,0.0,0.0
2024,5,15,22,0.0,23.55,97.33,2.48,2024-05-15 22:00:00,1.006525,0.0,0.0
2024,5,15,23,0.0,23.19,98.42,2.4,2024-05-15 23:00:00,1.008145,0.0,0.0
2024,5,16,0,0.0,22.86,99.14,2.4,2024-05-16 00:00:00,1.00963,0.0,0.0
2024,5,16,1,0.0,22.52,99.96,2.41,2024-05-16 01:00:00,1.01116,0.0,0.0
2024,5,16,2,0.0,22.21,100.0,2.44,2024-05-16 02:00:00,1.012555,0.0,0.0
2024,5,16,3,0.0,21.94,100.0,2.46,2024-05-16 03:00:00,1.01377,0.0,0.0
2024,5,16,4,0.0,21.71,100.0,2.46,2024-05-16 04:00:00,1.014805,0.0,0.0
2024,5,16,5,0.0,21.48,100.0,2.46,2024-05-16 05:00:00,1.01584,0.0,0.0
2024,5,16,6,80.43,22.99,95.44,2.83,2024-05-16 06:00:00,1.009045,8.115748935,8.115748935
2024,5,16,7,283.9,24.89,87.59,3.7,2024-05-16 07:00:00,1.000495,28.404053049999995,28.404053049999995
2024,5,16,8,494.52,26.53,81.01,3.86,2024-05-16 08:00:00,0.993115,49.11152298,49.11152298
2024,5,16,9,651.28,27.92,74.87,3.72,2024-05-16 09:00:00,0.98686,64.27221808,64.27221808
2024,5,16,10,724.67,28.94,70.62,3.58,2024-05-16 10:00:00,0.98227,71.18216009,71.18216009
2024,5,16,11,740.8,29.63,68.08,3.49,2024-05-16 11:00:00,0.9791650000000001,72.53654319999998,72.53654319999998
2024,5,16,12,701.12,30.02,66.78,3.46,2024-05-16 12:00:00,0.97741,68.52816992,68.52816992
2024,5,16,13,605.25,30.08,66.61,3.45,2024-05-16 13:00:00,0.97714,59.1413985,59.1413985
2024,5,16,14,477.5,29.81,67.72,3.43,2024-05-16 14:00:00,0.978355,46.71645125,46.71645125
2024,5,16,15,270.38,29.17,71.04,3.31,2024-05-16 15:00:00,0.981235,26.53063193,26.53063193
2024,5,16,16,107.88,28.11,77.36,2.93,2024-05-16 16:00:00,0.986005,10.637021939999999,10.637021939999999
2024,5,16,17,6.57,26.11,87.72,2.46,2024-05-16 17:00:00,0.995005,0.6537182850000001,0.6537182850000001
2024,5,16,18,0.0,25.0,92.34,2.34,2024-05-16 18:00:00,1.0,0.0,0.0
2024,5,16,19,0.0,24.48,94.1,2.34,2024-05-16 19:00:00,1.00234,0.0,0.0
2024,5,16,20,0.0,24.01,95.64,2.3,2024-05-16 20:00:00,1.004455,0.0,0.0
2024,5,16,21,0.0,23.64,97.33,2.26,2024-05-16 21:00:00,1.00612,0.0,0.0
2024,5,16,22,0.0,23.32,98.9,2.24,2024-05-16 22:00:00,1.00756,0.0,0.0
2024,5,16,23,0.0,23.07,99.79,2.24,2024-05-16 23:00:00,1.008685,0.0,0.0
2024,5,17,0,0.0,22.84,100.0,2.26,2024-05-17 00:00:00,1.00972,0.0,0.0
2024,5,17,1,0.0,22.61,100.0,2.31,2024-05-17 01:00:00,1.010755,0.0,0.0
2024,5,17,2,0.0,22.42,100.0,2.35,2024-05-17 02:00:00,1.01161,0.0,0.0
2024,5,17,3,0.0,22.21,100.0,2.4,2024-05-17 03:00:00,1.012555,0.0,0.0
2024,5,17,4,0.0,22.02,100.0,2.41,2024-05-17 04:00:00,1.01341,0.0,0.0
2024,5,17,5,0.0,21.86,100.0,2.42,2024-05-17 05:00:00,1.01413,0.0,0.0
2024,5,17,6,91.05,23.43,95.71,2.75,2024-05-17 06:00:00,1.007065,9.169326824999999,9.169326824999999
2024,5,17,7,289.95,25.39,88.12,3.62,2024-05-17 07:00:00,0.998245,28.944113774999998,28.944113774999998
2024,5,17,8,516.22,27.05,81.37,3.88,2024-05-17 08:00:00,0.990775,51.145787049999996,51.145787049999996
2024,5,17,9,661.83,28.35,76.33,3.66,2024-05-17 09:00:00,0.984925,65.18529127500001,65.18529127500001
2024,5,17,10,747.9,29.36,72.67,3.52,2024-05-17 10:00:00,0.98038,73.3226202,73.3226202
2024,5,17,11,760.9,30.06,70.06,3.43,2024-05-17 11:00:00,0.97723,74.35743070000001,74.35743070000001
2024,5,17,12,701.55,30.43,68.45,3.33,2024-05-17 12:00:00,0.975565,68.44076257500001,68.44076257500001
2024,5,17,13,554.0,30.51,67.81,3.26,2024-05-17 13:00:00,0.975205,54.026357000000004,54.026357000000004
2024,5,17,14,465.75,30.26,68.3,3.23,2024-05-17 14:00:00,0.97633,45.472569750000005,45.472569750000005
2024,5,17,15,271.02,29.58,71.95,3.23,2024-05-17 15:00:00,0.97939,26.543427779999995,26.543427779999995
2024,5,17,16,109.5,28.39,78.65,3.0,2024-05-17 16:00:00,0.984745,10.78295775,10.78295775
2024,5,17,17,6.93,26.42,88.8,2.57,2024-05-17 17:00:00,0.99361,0.6885717299999999,0.6885717299999999
2024,5,17,18,0.0,25.37,93.27,2.54,2024-05-17 18:00:00,0.998335,0.0,0.0
2024,5,17,19,0.0,24.93,95.13,2.61,2024-05-17 19:00:00,1.000315,0.0,0.0
2024,5,17,20,0.0,24.55,96.66,2.68,2024-05-17 20:00:00,1.002025,0.0,0.0
2024,5,17,21,0.0,24.28,97.87,2.6,2024-05-17 21:00:00,1.00324,0.0,0.0
2024,5,17,22,0.0,24.04,98.94,2.45,2024-05-17 22:00:00,1.00432,0.0,0.0
2024,5,17,23,0.0,23.87,99.44,2.41,2024-05-17 23:00:00,1.005085,0.0,0.0
2024,5,18,0,0.0,23.72,99.67,2.48,2024-05-18 00:00:00,1.00576,0.0,0.0
2024,5,18,1,0.0,23.51,100.0,2.47,2024-05-18 01:00:00,1.006705,0.0,0.0
2024,5,18,2,0.0,23.35,100.0,2.52,2024-05-18 02:00:00,1.007425,0.0,0.0
2024,5,18,3,0.0,23.21,100.0,2.59,2024-05-18 03:00:00,1.008055,0.0,0.0
2024,5,18,4,0.0,23.08,100.0,2.61,2024-05-18 04:00:00,1.00864,0.0,0.0
2024,5,18,5,0.0,22.93,100.0,2.6,2024-05-18 05:00:00,1.009315,0.0,0.0
2024,5,18,6,85.65,24.28,95.62,3.29,2024-05-18 06:00:00,1.00324,8.5927506,8.5927506
2024,5,18,7,278.02,25.94,88.5,4.69,2024-05-18 07:00:00,0.99577,27.68439754,27.68439754
2024,5,18,8,495.42,27.34,81.81,5.17,2024-05-18 08:00:00,0.98947,49.02032274,49.02032274
2024,5,18,9,656.05,28.47,77.4,4.94,2024-05-18 09:00:00,0.984385,64.58057792499999,64.58057792499999
2024,5,18,10,742.25,29.38,74.25,4.76,2024-05-18 10:00:00,0.98029,72.76202525,72.76202525
2024,5,18,11,724.33,29.98,72.17,4.52,2024-05-18 11:00:00,0.97759,70.80977647,70.80977647
2024,5,18,12,655.0,30.21,71.35,4.39,2024-05-18 12:00:00,0.976555,63.9643525,63.9643525
2024,5,18,13,591.45,30.11,71.52,4.45,2024-05-18 13:00:00,0.977005,57.784960725000005,57.784960725000005
2024,5,18,14,446.2,29.71,72.64,4.64,2024-05-18 14:00:00,0.978805,43.6742791,43.6742791
2024,5,18,15,273.8,28.79,76.45,4.84,2024-05-18 15:00:00,0.982945,26.913034099999997,26.913034099999997
2024,5,18,16,108.32,27.46,83.12,4.68,2024-05-18 16:00:00,0.98893,10.712089760000001,10.712089760000001
2024,5,18,17,7.15,25.9,91.4,3.7,2024-05-18 17:00:00,0.99595,0.71210425,0.71210425
2024,5,18,18,0.0,25.09,95.0,3.49,2024-05-18 18:00:00,0.999595,0.0,0.0
2024,5,18,19,0.0,24.74,96.16,3.38,2024-05-18 19:00:00,1.0011700000000001,0.0,0.0
2024,5,18,20,0.0,24.43,96.88,3.07,2024-05-18 20:00:00,1.002565,0.0,0.0
2024,5,18,21,0.0,24.09,97.77,2.86,2024-05-18 21:00:00,1.004095,0.0,0.0
2024,5,18,22,0.0,23.74,98.86,2.74,2024-05-18 22:00:00,1.00567,0.0,0.0
2024,5,18,23,0.0,23.41,99.81,2.64,2024-05-18 23:00:00,1.007155,0.0,0.0
2024,5,19,0,0.0,23.12,100.0,2.64,2024-05-19 00:00:00,1.00846,0.0,0.0
2024,5,19,1,0.0,22.92,100.0,2.79,2024-05-19 01:00:00,1.00936,0.0,0.0
2024,5,19,2,0.0,22.71,100.0,2.84,2024-05-19 02:00:00,1.010305,0.0,0.0
2024,5,19,3,0.0,22.55,100.0,2.91,2024-05-19 03:00:00,1.011025,0.0,0.0
2024,5,19,4,0.0,22.39,100.0,2.92,2024-05-19 04:00:00,1.011745,0.0,0.0
2024,5,19,5,0.0,22.22,100.0,2.92,2024-05-19 05:00:00,1.01251,0.0,0.0
2024,5,19,6,83.12,23.47,95.28,3.79,2024-05-19 06:00:00,1.006885,8.369228119999999,8.369228119999999
2024,5,19,7,277.52,25.05,87.72,5.03,2024-05-19 07:00:00,0.999775,27.745755799999998,27.745755799999998
2024,5,19,8,480.3,26.41,80.66,5.54,2024-05-19 08:00:00,0.993655,47.72524965,47.72524965
2024,5,19,9,625.88,27.41,75.67,5.44,2024-05-19 09:00:00,0.989155,61.909233140000005,61.909233140000005
2024,5,19,10,721.78,28.17,72.4,5.33,2024-05-19 10:00:00,0.985735,71.14838083,71.14838083
2024,5,19,11,739.78,28.68,70.48,5.22,2024-05-19 11:00:00,0.98344,72.75292431999999,72.75292431999999
2024,5,19,12,716.85,28.97,69.44,5.03,2024-05-19 12:00:00,0.982135,70.404347475,70.404347475
2024,5,19,13,609.0,29.02,69.43,4.81,2024-05-19 13:00:00,0.98191,59.79831899999999,59.79831899999999
2024,5,19,14,433.52,28.79,70.37,4.59,2024-05-19 14:00:00,0.982945,42.61263164,42.61263164
2024,5,19,15,275.5,28.2,73.31,4.19,2024-05-19 15:00:00,0.9856,27.153280000000002,27.153280000000002
2024,5,19,16,109.38,26.97,80.23,3.48,2024-05-19 16:00:00,0.991135,10.84103463,10.84103463
2024,5,19,17,7.1,25.25,89.44,2.89,2024-05-19 17:00:00,0.998875,0.7092012499999999,0.7092012499999999
2024,5,19,18,0.0,24.48,92.46,3.19,2024-05-19 18:00:00,1.00234,0.0,0.0
2024,5,19,19,0.0,24.26,93.2,3.78,2024-05-19 19:00:00,1.00333,0.0,0.0
2024,5,19,20,0.0,24.06,93.97,3.86,2024-05-19 20:00:00,1.00423,0.0,0.0
2024,5,19,21,0.0,23.78,95.16,3.53,2024-05-19 21:00:00,1.00549,0.0,0.0
2024,5,19,22,0.0,23.37,97.01,2.99,2024-05-19 22:00:00,1.007335,0.0,0.0
2024,5,19,23,0.0,23.01,98.61,2.74,2024-05-19 23:00:00,1.008955,0.0,0.0
2024,5,20,0,0.0,22.77,99.55,2.66,2024-05-20 00:00:00,1.010035,0.0,0.0
2024,5,20,1,0.0,22.65,99.93,2.6,2024-05-20 01:00:00,1.010575,0.0,0.0
2024,5,20,2,0.0,22.59,100.0,2.58,2024-05-20 02:00:00,1.010845,0.0,0.0
2024,5,20,3,0.0,22.46,100.0,2.63,2024-05-20 03:00:00,1.01143,0.0,0.0
2024,5,20,4,0.0,22.31,100.0,2.67,2024-05-20 04:00:00,1.012105,0.0,0.0
2024,5,20,5,0.0,22.14,100.0,2.64,2024-05-20 05:00:00,1.01287,0.0,0.0
2024,5,20,6,82.7,23.52,94.83,3.12,2024-05-20 06:00:00,1.00666,8.325078200000002,8.325078200000002
2024,5,20,7,276.85,25.31,86.88,4.34,2024-05-20 07:00:00,0.998605,27.646379425000003,27.646379425000003
2024,5,20,8,496.58,26.81,79.85,4.78,2024-05-20 08:00:00,0.991855,49.25353559,49.25353559
2024,5,20,9,659.8,27.9,75.86,4.46,2024-05-20 09:00:00,0.98695,65.11896099999998,65.11896099999998
2024,5,20,10,744.95,28.62,73.72,4.36,2024-05-20 10:00:00,0.98371,73.28147645,73.28147645
2024,5,20,11,721.55,28.99,72.51,4.32,2024-05-20 11:00:00,0.9820450000000001,70.85945697499999,70.85945697499999
2024,5,20,12,678.35,29.28,71.41,4.21,2024-05-20 12:00:00,0.98074,66.5284979,66.5284979
2024,5,20,13,472.3,29.37,70.63,4.05,2024-05-20 13:00:00,0.980335,46.30122204999999,46.30122204999999
2024,5,20,14,414.5,29.01,71.77,4.02,2024-05-20 14:00:00,0.981955,40.702034749999996,40.702034749999996
2024,5,20,15,227.95,28.06,75.81,3.99,2024-05-20 15:00:00,0.98623,22.48111285,22.48111285
2024,5,20,16,88.9,26.92,81.77,3.65,2024-05-20 16:00:00,0.99136,8.8131904,8.8131904
2024,5,20,17,6.07,25.36,90.3,2.8,2024-05-20 17:00:00,0.99838,0.60601666,0.60601666
2024,5,20,18,0.0,24.62,93.54,2.75,2024-05-20 18:00:00,1.00171,0.0,0.0
2024,5,20,19,0.0,24.31,94.84,2.84,2024-05-20 19:00:00,1.003105,0.0,0.0
2024,5,20,20,0.0,24.12,95.61,2.96,2024-05-20 20:00:00,1.00396,0.0,0.0
2024,5,20,21,0.0,23.98,96.12,3.03,2024-05-20 21:00:00,1.00459,0.0,0.0
2024,5,20,22,0.0,23.77,96.91,2.87,2024-05-20 22:00:00,1.005535,0.0,0.0
2024,5,20,23,0.0,23.54,97.87,2.72,2024-05-20 23:00:00,1.00657,0.0,0.0
2024,5,21,0,0.0,23.38,98.34,2.64,2024-05-21 00:00:00,1.00729,0.0,0.0
2024,5,21,1,0.0,23.33,98.16,2.69,2024-05-21 01:00:00,1.007515,0.0,0.0
2024,5,21,2,0.0,23.33,97.68,2.95,2024-05-21 02:00:00,1.007515,0.0,0.0
2024,5,21,3,0.0,23.29,97.42,3.23,2024-05-21 03:00:00,1.007695,0.0,0.0
2024,5,21,4,0.0,23.04,98.37,3.11,2024-05-21 04:00:00,1.00882,0.0,0.0
2024,5,21,5,0.0,22.75,99.71,2.86,2024-05-21 05:00:00,1.010125,0.0,0.0
2024,5,21,6,69.75,23.83,95.04,3.59,2024-05-21 06:00:00,1.005265,7.011723375000001,7.011723375000001
2024,5,21,7,238.75,25.42,87.95,4.51,2024-05-21 07:00:00,0.9981099999999999,23.829876249999998,23.829876249999998
2024,5,21,8,436.1,26.88,80.78,4.83,2024-05-21 08:00:00,0.99154,43.241059400000005,43.241059400000005
2024,5,21,9,585.78,28.04,76.22,4.45,2024-05-21 09:00:00,0.98632,57.77665295999999,57.77665295999999
2024,5,21,10,661.62,28.86,73.48,4.08,2024-05-21 10:00:00,0.98263,65.01276605999999,65.01276605999999
2024,5,21,11,699.3,29.35,71.6,3.9,2024-05-21 11:00:00,0.980425,68.56112024999999,68.56112024999999
2024,5,21,12,618.45,29.55,70.76,3.87,2024-05-21 12:00:00,0.979525,60.578723625,60.578723625
2024,5,21,13,468.52,29.36,71.11,3.87,2024-05-21 13:00:00,0.98038,45.93276376,45.93276376
2024,5,21,14,355.98,28.82,73.0,3.98,2024-05-21 14:00:00,0.98281,34.98607038,34.98607038
2024,5,21,15,204.93,27.87,77.15,4.17,2024-05-21 15:00:00,0.987085,20.228332905,20.228332905
2024,5,21,16,79.32,26.63,83.22,4.04,2024-05-21 16:00:00,0.992665,7.873818779999999,7.873818779999999
2024,5,21,17,5.62,25.14,90.71,3.49,2024-05-21 17:00:00,0.99937,0.56164594,0.56164594
2024,5,21,18,0.0,24.45,93.64,3.53,2024-05-21 18:00:00,1.002475,0.0,0.0
2024,5,21,19,0.0,24.18,94.48,3.49,2024-05-21 19:00:00,1.00369,0.0,0.0
2024,5,21,20,0.0,23.96,94.65,3.38,2024-05-21 20:00:00,1.00468,0.0,0.0
2024,5,21,21,0.0,23.77,94.82,3.26,2024-05-21 21:00:00,1.005535,0.0,0.0
2024,5,21,22,0.0,23.55,95.3,3.03,2024-05-21 22:00:00,1.006525,0.0,0.0
2024,5,21,23,0.0,23.36,95.84,2.82,2024-05-21 23:00:00,1.00738,0.0,0.0
2024,5,22,0,0.0,23.18,96.3,2.63,2024-05-22 00:00:00,1.00819,0.0,0.0
2024,5,22,1,0.0,22.97,96.91,2.5,2024-05-22 01:00:00,1.0091350000000001,0.0,0.0
2024,5,22,2,0.0,22.71,97.98,2.44,2024-05-22 02:00:00,1.010305,0.0,0.0
2024,5,22,3,0.0,22.43,99.51,2.34,2024-05-22 03:00:00,1.011565,0.0,0.0
2024,5,22,4,0.0,22.28,100.0,2.35,2024-05-22 04:00:00,1.01224,0.0,0.0
2024,5,22,5,0.0,22.17,100.0,2.37,2024-05-22 05:00:00,1.012735,0.0,0.0
2024,5,22,6,70.75,23.44,95.85,2.76,2024-05-22 06:00:00,1.00702,7.124666499999999,7.124666499999999
2024,5,22,7,252.9,25.09,88.53,3.6,2024-05-22 07:00:00,0.999595,25.279757550000003,25.279757550000003
2024,5,22,8,462.23,26.52,81.99,3.61,2024-05-22 08:00:00,0.99316,45.90683468000001,45.90683468000001
2024,5,22,9,626.6,27.69,77.71,3.22,2024-05-22 09:00:00,0.987895,61.9015007,61.9015007
2024,5,22,10,693.95,28.61,74.68,3.09,2024-05-22 10:00:00,0.983755,68.26767822500001,68.26767822500001
2024,5,22,11,669.6,29.11,72.81,3.15,2024-05-22 11:00:00,0.981505,65.72157479999998,65.72157479999998
2024,5,22,12,618.3,29.28,72.16,3.18,2024-05-22 12:00:00,0.98074,60.63915419999999,60.63915419999999
2024,5,22,13,477.33,29.14,72.66,3.17,2024-05-22 13:00:00,0.98137,46.843734209999994,46.843734209999994
2024,5,22,14,382.27,28.86,73.63,3.19,2024-05-22 14:00:00,0.98263,37.56299701,37.56299701
2024,5,22,15,234.43,28.1,76.99,3.28,2024-05-22 15:00:00,0.98605,23.115970150000003,23.115970150000003
2024,5,22,16,90.9,27.06,83.0,3.07,2024-05-22 16:00:00,0.99073,9.005735700000002,9.005735700000002
2024,5,22,17,6.55,25.58,91.33,2.34,2024-05-22 17:00:00,0.99739,0.65329045,0.65329045
2024,5,22,18,0.0,24.8,94.66,2.14,2024-05-22 18:00:00,1.0009,0.0,0.0
2024,5,22,19,0.0,24.47,95.8,2.02,2024-05-22 19:00:00,1.002385,0.0,0.0
2024,5,22,20,0.0,24.2,96.64,1.9,2024-05-22 20:00:00,1.0036,0.0,0.0
2024,5,22,21,0.0,23.96,97.17,1.85,2024-05-22 21:00:00,1.00468,0.0,0.0
2024,5,22,22,0.0,23.72,98.1,1.85,2024-05-22 22:00:00,1.00576,0.0,0.0
2024,5,22,23,0.0,23.54,98.62,1.86,2024-05-22 23:00:00,1.00657,0.0,0.0
2024,5,23,0,0.0,23.33,99.21,1.93,2024-05-23 00:00:00,1.007515,0.0,0.0
2024,5,23,1,0.0,23.08,99.98,2.07,2024-05-23 01:00:00,1.00864,0.0,0.0
2024,5,23,2,0.0,22.93,100.0,2.24,2024-05-23 02:00:00,1.009315,0.0,0.0
2024,5,23,3,0.0,22.83,100.0,2.31,2024-05-23 03:00:00,1.009765,0.0,0.0
2024,5,23,4,0.0,22.78,100.0,2.23,2024-05-23 04:00:00,1.00999,0.0,0.0
2024,5,23,5,0.0,22.75,99.94,2.14,2024-05-23 05:00:00,1.010125,0.0,0.0
2024,5,23,6,69.6,23.92,95.59,2.37,2024-05-23 06:00:00,1.00486,6.9938256,6.9938256
2024,5,23,7,238.3,25.43,89.16,2.95,2024-05-23 07:00:00,0.998065,23.78388895,23.78388895
2024,5,23,8,432.23,26.99,82.86,2.93,2024-05-23 08:00:00,0.991045,42.835938035,42.835938035
2024,5,23,9,560.15,28.48,77.2,2.62,2024-05-23 09:00:00,0.98434,55.137805099999994,55.137805099999994
2024,5,23,10,631.78,29.49,73.26,2.03,2024-05-23 10:00:00,0.979795,61.90148850999999,61.90148850999999
2024,5,23,11,618.4,30.1,71.29,1.6,2024-05-23 11:00:00,0.97705,60.42077199999999,60.42077199999999
2024,5,23,12,414.55,30.41,70.29,1.5,2024-05-23 12:00:00,0.975655,40.44577802500001,40.44577802500001
2024,5,23,13,478.8,30.25,70.71,1.68,2024-05-23 13:00:00,0.976375,46.748835,46.748835
2024,5,23,14,332.38,29.81,72.34,2.03,2024-05-23 14:00:00,0.978355,32.51856349,32.51856349
2024,5,23,15,188.43,28.8,77.43,2.29,2024-05-23 15:00:00,0.9829,18.5207847,18.5207847
2024,5,23,16,68.25,27.73,84.21,2.07,2024-05-23 16:00:00,0.987715,6.741154875,6.741154875
2024,5,23,17,4.4,26.37,90.95,1.79,2024-05-23 17:00:00,0.993835,0.4372874,0.4372874
2024,5,23,18,0.0,25.52,94.94,1.66,2024-05-23 18:00:00,0.99766,0.0,0.0
2024,5,23,19,0.0,25.09,96.11,1.7,2024-05-23 19:00:00,0.999595,0.0,0.0
2024,5,23,20,0.0,24.78,96.81,1.71,2024-05-23 20:00:00,1.00099,0.0,0.0
2024,5,23,21,0.0,24.52,97.34,1.71,2024-05-23 21:00:00,1.00216,0.0,0.0
2024,5,23,22,0.0,24.31,97.59,1.75,2024-05-23 22:00:00,1.003105,0.0,0.0
2024,5,23,23,0.0,24.16,97.72,1.8,2024-05-23 23:00:00,1.00378,0.0,0.0
2024,5,24,0,0.0,24.04,97.76,1.88,2024-05-24 00:00:00,1.00432,0.0,0.0
2024,5,24,1,0.0,23.95,97.66,2.01,2024-05-24 01:00:00,1.004725,0.0,0.0
2024,5,24,2,0.0,23.89,97.51,2.2,2024-05-24 02:00:00,1.004995,0.0,0.0
2024,5,24,3,0.0,23.84,97.37,2.46,2024-05-24 03:00:00,1.00522,0.0,0.0
2024,5,24,4,0.0,23.79,97.21,2.62,2024-05-24 04:00:00,1.005445,0.0,0.0
2024,5,24,5,0.0,23.69,97.32,2.57,2024-05-24 05:00:00,1.005895,0.0,0.0
2024,5,24,6,54.3,24.29,96.12,3.17,2024-05-24 06:00:00,1.003195,5.44734885,5.44734885
2024,5,24,7,177.2,25.32,93.12,3.86,2024-05-24 07:00:00,0.99856,17.6944832,17.6944832
2024,5,24,8,318.4,26.62,87.23,3.99,2024-05-24 08:00:00,0.99271,31.607886399999995,31.607886399999995
2024,5,24,9,444.65,28.05,80.87,3.59,2024-05-24 09:00:00,0.986275,43.854717875,43.854717875
2024,5,24,10,560.58,29.15,76.92,3.12,2024-05-24 10:00:00,0.981325,55.01111685000001,55.01111685000001
2024,5,24,11,660.85,29.77,74.8,2.74,2024-05-24 11:00:00,0.978535,64.66648547500002,64.66648547500002
2024,5,24,12,542.25,30.23,72.86,2.59,2024-05-24 12:00:00,0.976465,52.948814625000004,52.948814625000004
2024,5,24,13,429.1,29.87,74.04,2.93,2024-05-24 13:00:00,0.978085,41.96962735,41.96962735
2024,5,24,14,307.38,28.79,79.1,3.51,2024-05-24 14:00:00,0.982945,30.21376341,30.21376341
2024,5,24,15,191.1,27.53,84.75,3.79,2024-05-24 15:00:00,0.988615,18.89243265,18.89243265
2024,5,24,16,77.32,26.33,90.38,3.64,2024-05-24 16:00:00,0.994015,7.68572398,7.68572398
2024,5,24,17,4.75,25.44,94.9,2.99,2024-05-24 17:00:00,0.99802,0.47405949999999997,0.47405949999999997
2024,5,24,18,0.0,25.15,96.1,2.7,2024-05-24 18:00:00,0.999325,0.0,0.0
2024,5,24,19,0.0,24.96,96.41,2.79,2024-05-24 19:00:00,1.00018,0.0,0.0
2024,5,24,20,0.0,24.74,96.45,3.1,2024-05-24 20:00:00,1.0011700000000001,0.0,0.0
2024,5,24,21,0.0,24.49,96.48,3.53,2024-05-24 21:00:00,1.002295,0.0,0.0
2024,5,24,22,0.0,24.25,96.25,4.06,2024-05-24 22:00:00,1.003375,0.0,0.0
2024,5,24,23,0.0,23.91,96.26,4.48,2024-05-24 23:00:00,1.004905,0.0,0.0
2024,5,25,0,0.0,23.67,96.25,4.62,2024-05-25 00:00:00,1.005985,0.0,0.0
2024,5,25,1,0.0,23.48,96.18,4.48,2024-05-25 01:00:00,1.00684,0.0,0.0
2024,5,25,2,0.0,23.32,95.98,4.18,2024-05-25 02:00:00,1.00756,0.0,0.0
2024,5,25,3,0.0,23.22,95.99,3.85,2024-05-25 03:00:00,1.00801,0.0,0.0
2024,5,25,4,0.0,23.2,96.33,3.23,2024-05-25 04:00:00,1.0081,0.0,0.0
2024,5,25,5,0.0,23.18,96.8,2.48,2024-05-25 05:00:00,1.00819,0.0,0.0
2024,5,25,6,52.72,23.79,95.96,2.64,2024-05-25 06:00:00,1.005445,5.300706039999999,5.300706039999999
2024,5,25,7,150.62,25.06,92.97,3.25,2024-05-25 07:00:00,0.99973,15.05793326,15.05793326
2024,5,25,8,263.52,26.64,88.09,3.42,2024-05-25 08:00:00,0.99262,26.157522239999995,26.157522239999995
2024,5,25,9,357.5,28.05,82.71,3.14,2024-05-25 09:00:00,0.986275,35.25933125,35.25933125
2024,5,25,10,433.35,29.1,78.3,2.89,2024-05-25 10:00:00,0.98155,42.535469250000006,42.535469250000006
2024,5,25,11,425.08,29.51,75.85,2.77,2024-05-25 11:00:00,0.979705,41.645300139999996,41.645300139999996
2024,5,25,12,468.88,29.6,74.99,2.77,2024-05-25 12:00:00,0.9793,45.9174184,45.9174184
2024,5,25,13,353.45,29.62,74.73,2.79,2024-05-25 13:00:00,0.97921,34.61017745,34.61017745
2024,5,25,14,307.1,29.23,76.56,2.75,2024-05-25 14:00:00,0.980965,30.125435150000005,30.125435150000005
2024,5,25,15,178.27,28.66,79.53,2.74,2024-05-25 15:00:00,0.98353,17.53338931,17.53338931
2024,5,25,16,75.12,27.77,85.08,2.57,2024-05-25 16:00:00,0.987535,7.418362920000001,7.418362920000001
2024,5,25,17,4.85,26.4,92.12,2.3,2024-05-25 17:00:00,0.9937,0.48194449999999994,0.48194449999999994
2024,5,25,18,0.0,25.58,95.08,2.42,2024-05-25 18:00:00,0.99739,0.0,0.0
2024,5,25,19,0.0,25.19,96.07,2.7,2024-05-25 19:00:00,0.999145,0.0,0.0
2024,5,25,20,0.0,24.86,96.89,2.82,2024-05-25 20:00:00,1.00063,0.0,0.0
2024,5,25,21,0.0,24.65,97.13,2.87,2024-05-25 21:00:00,1.001575,0.0,0.0
2024,5,25,22,0.0,24.37,97.7,2.61,2024-05-25 22:00:00,1.002835,0.0,0.0
2024,5,25,23,0.0,24.16,97.89,2.42,2024-05-25 23:00:00,1.00378,0.0,0.0
2024,5,26,0,0.0,23.98,97.88,2.44,2024-05-26 00:00:00,1.00459,0.0,0.0
2024,5,26,1,0.0,23.85,97.87,2.49,2024-05-26 01:00:00,1.005175,0.0,0.0
2024,5,26,2,0.0,23.67,98.04,2.5,2024-05-26 02:00:00,1.005985,0.0,0.0
2024,5,26,3,0.0,23.55,98.06,2.51,2024-05-26 03:00:00,1.006525,0.0,0.0
2024,5,26,4,0.0,23.41,98.22,2.45,2024-05-26 04:00:00,1.007155,0.0,0.0
2024,5,26,5,0.0,23.25,98.41,2.4,2024-05-26 05:00:00,1.007875,0.0,0.0
2024,5,26,6,58.25,24.39,96.05,2.86,2024-05-26 06:00:00,1.002745,5.840989625,5.840989625
2024,5,26,7,186.88,25.78,91.56,4.1,2024-05-26 07:00:00,0.99649,18.62240512,18.62240512
2024,5,26,8,360.35,27.09,84.74,4.64,2024-05-26 08:00:00,0.990595,35.696090825000006,35.696090825000006
2024,5,26,9,568.2,28.27,78.87,4.54,2024-05-26 09:00:00,0.985285,55.9838937,55.9838937
2024,5,26,10,702.72,29.13,75.56,4.39,2024-05-26 10:00:00,0.981415,68.96599488000001,68.96599488000001
2024,5,26,11,711.6,29.75,73.17,4.34,2024-05-26 11:00:00,0.978625,69.638955,69.638955
2024,5,26,12,691.95,30.09,71.76,4.3,2024-05-26 12:00:00,0.977095,67.61008852500001,67.61008852500001
2024,5,26,13,540.7,30.06,71.46,4.31,2024-05-26 13:00:00,0.97723,52.83882610000001,52.83882610000001
2024,5,26,14,451.88,29.69,72.35,4.36,2024-05-26 14:00:00,0.978895,44.23430726,44.23430726
2024,5,26,15,267.8,28.69,76.3,4.43,2024-05-26 15:00:00,0.983395,26.335318100000006,26.335318100000006
2024,5,26,16,105.97,27.39,82.2,4.35,2024-05-26 16:00:00,0.989245,10.483029265,10.483029265
2024,5,26,17,6.45,25.77,89.66,3.65,2024-05-26 17:00:00,0.996535,0.642765075,0.642765075
2024,5,26,18,0.0,24.94,92.79,3.45,2024-05-26 18:00:00,1.00027,0.0,0.0
2024,5,26,19,0.0,24.58,93.57,3.42,2024-05-26 19:00:00,1.00189,0.0,0.0
2024,5,26,20,0.0,24.28,94.14,3.26,2024-05-26 20:00:00,1.00324,0.0,0.0
2024,5,26,21,0.0,23.99,95.15,2.97,2024-05-26 21:00:00,1.004545,0.0,0.0
2024,5,26,22,0.0,23.73,96.12,2.8,2024-05-26 22:00:00,1.005715,0.0,0.0
2024,5,26,23,0.0,23.49,97.17,2.68,2024-05-26 23:00:00,1.006795,0.0,0.0
2024,5,27,0,0.0,23.24,98.21,2.52,2024-05-27 00:00:00,1.00792,0.0,0.0
2024,5,27,1,0.0,23.03,98.91,2.4,2024-05-27 01:00:00,1.008865,0.0,0.0
2024,5,27,2,0.0,22.81,99.7,2.35,2024-05-27 02:00:00,1.009855,0.0,0.0
2024,5,27,3,0.0,22.62,100.0,2.33,2024-05-27 03:00:00,1.01071,0.0,0.0
2024,5,27,4,0.0,22.44,100.0,2.31,2024-05-27 04:00:00,1.01152,0.0,0.0
2024,5,27,5,0.0,22.3,100.0,2.31,2024-05-27 05:00:00,1.01215,0.0,0.0
2024,5,27,6,69.93,23.62,95.55,2.61,2024-05-27 06:00:00,1.00621,7.036426530000001,7.036426530000001
2024,5,27,7,243.2,25.35,88.51,3.43,2024-05-27 07:00:00,0.998425,24.281696,24.281696
2024,5,27,8,426.8,26.89,82.58,3.52,2024-05-27 08:00:00,0.991495,42.3170066,42.3170066
2024,5,27,9,563.92,28.15,78.21,3.38,2024-05-27 09:00:00,0.985825,55.59264339999999,55.59264339999999
2024,5,27,10,629.4,29.1,75.23,3.42,2024-05-27 10:00:00,0.98155,61.778757,61.778757
2024,5,27,11,631.6,29.75,73.29,3.49,2024-05-27 11:00:00,0.978625,61.809955,61.809955
2024,5,27,12,600.08,30.08,72.42,3.53,2024-05-27 12:00:00,0.97714,58.636217120000005,58.636217120000005
2024,5,27,13,467.38,30.06,72.52,3.51,2024-05-27 13:00:00,0.97723,45.67377574,45.67377574
2024,5,27,14,374.15,29.78,73.27,3.5,2024-05-27 14:00:00,0.97849,36.61020335,36.61020335
2024,5,27,15,236.3,28.92,77.05,3.63,2024-05-27 15:00:00,0.98236,23.213166800000003,23.213166800000003
2024,5,27,16,92.4,27.69,83.42,3.8,2024-05-27 16:00:00,0.987895,9.1281498,9.1281498
2024,5,27,17,6.18,26.05,91.61,3.42,2024-05-27 17:00:00,0.995275,0.61507995,0.61507995
2024,5,27,18,0.0,25.33,94.93,3.66,2024-05-27 18:00:00,0.998515,0.0,0.0
2024,5,27,19,0.0,25.1,95.73,3.49,2024-05-27 19:00:00,0.9995499999999999,0.0,0.0
2024,5,27,20,0.0,24.83,96.5,2.98,2024-05-27 20:00:00,1.000765,0.0,0.0
2024,5,27,21,0.0,24.46,97.96,2.42,2024-05-27 21:00:00,1.00243,0.0,0.0
2024,5,27,22,0.0,24.22,98.44,2.28,2024-05-27 22:00:00,1.00351,0.0,0.0
2024,5,27,23,0.0,23.98,99.38,2.2,2024-05-27 23:00:00,1.00459,0.0,0.0
2024,5,28,0,0.0,23.79,99.9,2.17,2024-05-28 00:00:00,1.005445,0.0,0.0
2024,5,28,1,0.0,23.65,100.0,2.17,2024-05-28 01:00:00,1.006075,0.0,0.0
2024,5,28,2,0.0,23.53,100.0,2.21,2024-05-28 02:00:00,1.006615,0.0,0.0
2024,5,28,3,0.0,23.51,100.0,2.29,2024-05-28 03:00:00,1.006705,0.0,0.0
2024,5,28,4,0.0,23.46,100.0,2.29,2024-05-28 04:00:00,1.00693,0.0,0.0
2024,5,28,5,0.0,23.34,100.0,2.22,2024-05-28 05:00:00,1.00747,0.0,0.0
2024,5,28,6,76.12,24.36,95.68,2.73,2024-05-28 06:00:00,1.00288,7.633922560000001,7.633922560000001
2024,5,28,7,270.45,25.61,89.9,3.35,2024-05-28 07:00:00,0.997255,26.970761475,26.970761475
2024,5,28,8,474.15,26.86,84.58,3.18,2024-05-28 08:00:00,0.99163,47.01813645,47.01813645
2024,5,28,9,636.22,28.21,79.48,2.75,2024-05-28 09:00:00,0.985555,62.70298021,62.70298021
2024,5,28,10,725.12,29.27,75.09,2.37,2024-05-28 10:00:00,0.980785,71.11868192,71.11868192
2024,5,28,11,662.17,29.86,72.83,2.28,2024-05-28 11:00:00,0.97813,64.76883421000001,64.76883421000001
2024,5,28,12,646.28,30.08,72.16,2.37,2024-05-28 12:00:00,0.97714,63.15060392,63.15060392
2024,5,28,13,501.73,29.97,72.2,2.51,2024-05-28 13:00:00,0.977635,49.050880855,49.050880855
2024,5,28,14,437.65,29.58,73.07,2.62,2024-05-28 14:00:00,0.97939,42.86300335,42.86300335
2024,5,28,15,272.58,28.86,75.97,2.71,2024-05-28 15:00:00,0.98263,26.78452854,26.78452854
2024,5,28,16,105.95,27.72,82.66,2.51,2024-05-28 16:00:00,0.98776,10.465317200000001,10.465317200000001
2024,5,28,17,6.8,26.11,91.58,2.02,2024-05-28 17:00:00,0.995005,0.6766034,0.6766034
2024,5,28,18,0.0,25.08,95.46,1.96,2024-05-28 18:00:00,0.99964,0.0,0.0
2024,5,28,19,0.0,24.59,97.01,2.01,2024-05-28 19:00:00,1.001845,0.0,0.0
2024,5,28,20,0.0,24.28,98.42,2.04,2024-05-28 20:00:00,1.00324,0.0,0.0
2024,5,28,21,0.0,24.16,98.85,2.04,2024-05-28 21:00:00,1.00378,0.0,0.0
2024,5,28,22,0.0,24.03,99.33,2.02,2024-05-28 22:00:00,1.004365,0.0,0.0
2024,5,28,23,0.0,23.84,99.97,2.0,2024-05-28 23:00:00,1.00522,0.0,0.0
2024,5,29,0,0.0,23.63,100.0,2.01,2024-05-29 00:00:00,1.006165,0.0,0.0
2024,5,29,1,0.0,23.39,100.0,2.01,2024-05-29 01:00:00,1.007245,0.0,0.0
2024,5,29,2,0.0,23.17,100.0,2.03,2024-05-29 02:00:00,1.008235,0.0,0.0
2024,5,29,3,0.0,23.0,100.0,2.06,2024-05-29 03:00:00,1.009,0.0,0.0
2024,5,29,4,0.0,22.9,100.0,2.08,2024-05-29 04:00:00,1.00945,0.0,0.0
2024,5,29,5,0.0,22.81,100.0,2.09,2024-05-29 05:00:00,1.009855,0.0,0.0
2024,5,29,6,73.5,24.23,96.68,2.17,2024-05-29 06:00:00,1.003465,7.37546775,7.37546775
2024,5,29,7,277.1,25.94,90.11,2.86,2024-05-29 07:00:00,0.99577,27.5927867,27.5927867
2024,5,29,8,486.0,27.33,84.55,2.85,2024-05-29 08:00:00,0.989515,48.090429,48.090429
2024,5,29,9,650.05,28.57,79.94,2.72,2024-05-29 09:00:00,0.983935,63.960694675,63.960694675
2024,5,29,10,728.2,29.46,76.34,2.71,2024-05-29 10:00:00,0.97993,71.35850260000001,71.35850260000001
2024,5,29,11,756.47,29.96,73.89,2.87,2024-05-29 11:00:00,0.97768,73.95855895999999,73.95855895999999
2024,5,29,12,699.17,30.04,72.99,3.13,2024-05-29 12:00:00,0.97732,68.33128244,68.33128244
2024,5,29,13,603.38,29.84,73.19,3.34,2024-05-29 13:00:00,0.97822,59.02383836,59.02383836
2024,5,29,14,461.23,29.42,74.46,3.43,2024-05-29 14:00:00,0.98011,45.20561353000001,45.20561353000001
2024,5,29,15,288.58,28.74,76.96,3.44,2024-05-29 15:00:00,0.98317,28.37231986,28.37231986
2024,5,29,16,113.82,27.51,83.54,3.36,2024-05-29 16:00:00,0.988705,11.253440309999998,11.253440309999998
2024,5,29,17,7.1,25.86,92.68,2.53,2024-05-29 17:00:00,0.99613,0.7072523,0.7072523
2024,5,29,18,0.0,25.11,95.97,2.62,2024-05-29 18:00:00,0.999505,0.0,0.0
2024,5,29,19,0.0,24.91,96.66,2.68,2024-05-29 19:00:00,1.000405,0.0,0.0
2024,5,29,20,0.0,24.8,96.65,2.84,2024-05-29 20:00:00,1.0009,0.0,0.0
2024,5,29,21,0.0,24.66,96.54,3.06,2024-05-29 21:00:00,1.00153,0.0,0.0
2024,5,29,22,0.0,24.51,96.19,3.26,2024-05-29 22:00:00,1.002205,0.0,0.0
2024,5,29,23,0.0,24.3,96.22,3.2,2024-05-29 23:00:00,1.00315,0.0,0.0
2024,5,30,0,0.0,24.09,96.17,3.13,2024-05-30 00:00:00,1.004095,0.0,0.0
2024,5,30,1,0.0,23.89,96.19,3.07,2024-05-30 01:00:00,1.004995,0.0,0.0
2024,5,30,2,0.0,23.68,96.65,2.88,2024-05-30 02:00:00,1.00594,0.0,0.0
2024,5,30,3,0.0,23.49,97.05,2.59,2024-05-30 03:00:00,1.006795,0.0,0.0
2024,5,30,4,0.0,23.24,97.73,2.3,2024-05-30 04:00:00,1.00792,0.0,0.0
2024,5,30,5,0.0,23.07,98.01,2.18,2024-05-30 05:00:00,1.008685,0.0,0.0
2024,5,30,6,67.55,24.03,95.25,2.7,2024-05-30 06:00:00,1.004365,6.784485575,6.784485575
2024,5,30,7,239.95,25.4,90.01,3.54,2024-05-30 07:00:00,0.9982,23.951809,23.951809
2024,5,30,8,415.25,26.77,83.66,3.87,2024-05-30 08:00:00,0.992035,41.194253374999995,41.194253374999995
2024,5,30,9,567.15,27.76,79.36,3.94,2024-05-30 09:00:00,0.98758,56.0105997,56.0105997
2024,5,30,10,684.58,28.43,76.76,4.12,2024-05-30 10:00:00,0.984565,67.40135077000001,67.40135077000001
2024,5,30,11,718.65,28.8,75.47,4.29,2024-05-30 11:00:00,0.9829,70.63610849999999,70.63610849999999
2024,5,30,12,590.65,29.0,74.45,4.32,2024-05-30 12:00:00,0.982,58.00183,58.00183
2024,5,30,13,573.28,28.92,74.28,4.21,2024-05-30 13:00:00,0.98236,56.31673408,56.31673408
2024,5,30,14,406.67,28.39,75.89,4.04,2024-05-30 14:00:00,0.984745,40.046624915,40.046624915
2024,5,30,15,254.32,27.54,79.35,3.85,2024-05-30 15:00:00,0.98857,25.141312239999998,25.141312239999998
2024,5,30,16,103.57,26.47,84.53,3.52,2024-05-30 16:00:00,0.993385,10.288488444999999,10.288488444999999
2024,5,30,17,6.57,25.05,92.45,2.56,2024-05-30 17:00:00,0.999775,0.656852175,0.656852175
2024,5,30,18,0.0,24.43,95.09,2.43,2024-05-30 18:00:00,1.002565,0.0,0.0
2024,5,30,19,0.0,24.25,95.62,2.5,2024-05-30 19:00:00,1.003375,0.0,0.0
2024,5,30,20,0.0,24.13,95.94,2.58,2024-05-30 20:00:00,1.0039150000000001,0.0,0.0
2024,5,30,21,0.0,24.09,96.08,2.74,2024-05-30 21:00:00,1.004095,0.0,0.0
2024,5,30,22,0.0,24.02,96.51,2.72,2024-05-30 22:00:00,1.00441,0.0,0.0
2024,5,30,23,0.0,23.89,97.4,2.59,2024-05-30 23:00:00,1.004995,0.0,0.0
2024,5,31,0,0.0,23.81,97.98,2.55,2024-05-31 00:00:00,1.005355,0.0,0.0
2024,5,31,1,0.0,23.83,97.88,2.62,2024-05-31 01:00:00,1.005265,0.0,0.0
2024,5,31,2,0.0,23.8,98.13,2.63,2024-05-31 02:00:00,1.0054,0.0,0.0
2024,5,31,3,0.0,23.73,98.54,2.6,2024-05-31 03:00:00,1.005715,0.0,0.0
2024,5,31,4,0.0,23.63,99.05,2.55,2024-05-31 04:00:00,1.006165,0.0,0.0
2024,5,31,5,0.0,23.56,99.35,2.54,2024-05-31 05:00:00,1.00648,0.0,0.0
2024,5,31,6,69.57,24.51,95.57,3.08,2024-05-31 06:00:00,1.002205,6.972340184999999,6.972340184999999
2024,5,31,7,261.92,25.87,90.1,3.98,2024-05-31 07:00:00,0.996085,26.089458320000002,26.089458320000002
2024,5,31,8,479.05,27.07,84.4,4.16,2024-05-31 08:00:00,0.990685,47.458764925000004,47.458764925000004
2024,5,31,9,621.62,28.09,80.19,3.83,2024-05-31 09:00:00,0.986095,61.29763739,61.29763739
2024,5,31,10,708.65,29.0,76.82,3.45,2024-05-31 10:00:00,0.982,69.58943,69.58943
2024,5,31,11,713.53,29.48,74.77,3.19,2024-05-31 11:00:00,0.97984,69.91452352,69.91452352
2024,5,31,12,685.58,29.71,73.88,3.03,2024-05-31 12:00:00,0.978805,67.10491319,67.10491319
2024,5,31,13,579.08,29.64,73.94,2.94,2024-05-31 13:00:00,0.97912,56.698880960000004,56.698880960000004
2024,5,31,14,434.15,29.22,75.95,3.09,2024-05-31 14:00:00,0.98101,42.59054915,42.59054915
2024,5,31,15,254.6,28.42,80.39,3.29,2024-05-31 15:00:00,0.98461,25.068170600000002,25.068170600000002
2024,5,31,16,103.4,27.36,86.14,3.29,2024-05-31 16:00:00,0.98938,10.2301892,10.2301892
2024,5,31,17,6.8,25.96,92.9,2.87,2024-05-31 17:00:00,0.99568,0.6770624,0.6770624
2024,5,31,18,0.0,25.31,95.24,3.15,2024-05-31 18:00:00,0.998605,0.0,0.0
2024,5,31,19,0.0,25.12,95.9,3.22,2024-05-31 19:00:00,0.99946,0.0,0.0
2024,5,31,20,0.0,25.05,95.96,3.26,2024-05-31 20:00:00,0.999775,0.0,0.0
2024,5,31,21,0.0,24.91,96.34,3.06,2024-05-31 21:00:00,1.000405,0.0,0.0
2024,5,31,22,0.0,24.76,96.72,2.8,2024-05-31 22:00:00,1.00108,0.0,0.0
2024,5,31,23,0.0,24.59,97.13,2.6,2024-05-31 23:00:00,1.001845,0.0,0.0
2024,6,1,0,0.0,24.42,97.57,2.44,2024-06-01 00:00:00,1.00261,0.0,0.0
2024,6,1,1,0.0,24.23,98.08,2.34,2024-06-01 01:00:00,1.003465,0.0,0.0
2024,6,1,2,0.0,24.06,98.42,2.33,2024-06-01 02:00:00,1.00423,0.0,0.0
2024,6,1,3,0.0,23.98,98.36,2.38,2024-06-01 03:00:00,1.00459,0.0,0.0
2024,6,1,4,0.0,23.91,98.43,2.31,2024-06-01 04:00:00,1.004905,0.0,0.0
2024,6,1,5,0.0,23.83,98.53,2.24,2024-06-01 05:00:00,1.005265,0.0,0.0
2024,6,1,6,60.3,24.78,95.47,2.62,2024-06-01 06:00:00,1.00099,6.035969700000001,6.035969700000001
2024,6,1,7,258.1,26.09,89.98,3.4,2024-06-01 07:00:00,0.995095,25.683401949999997,25.683401949999997
2024,6,1,8,455.58,27.36,84.35,3.36,2024-06-01 08:00:00,0.98938,45.07417404,45.07417404
2024,6,1,9,585.85,28.51,79.94,2.9,2024-06-01 09:00:00,0.984205,57.659649925000004,57.659649925000004
2024,6,1,10,650.05,29.43,76.48,2.54,2024-06-01 10:00:00,0.980065,63.709125324999995,63.709125324999995
2024,6,1,11,657.1,29.99,74.22,2.31,2024-06-01 11:00:00,0.977545,64.23448195,64.23448195
2024,6,1,12,597.22,30.04,73.54,2.21,2024-06-01 12:00:00,0.97732,58.36750503999999,58.36750503999999
2024,6,1,13,495.4,29.96,73.68,2.23,2024-06-01 13:00:00,0.97768,48.434267199999994,48.434267199999994
2024,6,1,14,309.0,29.45,76.31,2.39,2024-06-01 14:00:00,0.979975,30.2812275,30.2812275
2024,6,1,15,186.82,28.62,81.37,2.65,2024-06-01 15:00:00,0.98371,18.37767022,18.37767022
2024,6,1,16,72.9,27.56,87.18,2.52,2024-06-01 16:00:00,0.98848,7.206019200000001,7.206019200000001
2024,6,1,17,5.57,26.39,93.12,2.2,2024-06-01 17:00:00,0.993745,0.553515965,0.553515965
2024,6,1,18,0.0,25.8,95.52,2.21,2024-06-01 18:00:00,0.9964,0.0,0.0
2024,6,1,19,0.0,25.57,96.57,2.26,2024-06-01 19:00:00,0.997435,0.0,0.0
2024,6,1,20,0.0,25.47,96.96,2.22,2024-06-01 20:00:00,0.997885,0.0,0.0
2024,6,1,21,0.0,25.4,97.23,2.13,2024-06-01 21:00:00,0.9982,0.0,0.0
2024,6,1,22,0.0,25.32,97.43,2.13,2024-06-01 22:00:00,0.99856,0.0,0.0
2024,6,1,23,0.0,25.28,97.35,2.21,2024-06-01 23:00:00,0.99874,0.0,0.0
2024,6,2,0,0.0,25.21,97.36,2.32,2024-06-02 00:00:00,0.999055,0.0,0.0
2024,6,2,1,0.0,25.18,97.19,2.44,2024-06-02 01:00:00,0.99919,0.0,0.0
2024,6,2,2,0.0,25.09,97.08,2.54,2024-06-02 02:00:00,0.999595,0.0,0.0
2024,6,2,3,0.0,25.01,96.88,2.78,2024-06-02 03:00:00,0.999955,0.0,0.0
2024,6,2,4,0.0,24.93,96.67,2.93,2024-06-02 04:00:00,1.000315,0.0,0.0
2024,6,2,5,0.0,24.85,96.6,2.9,2024-06-02 05:00:00,1.000675,0.0,0.0
2024,6,2,6,48.95,25.0,96.15,3.18,2024-06-02 06:00:00,1.0,4.8950000000000005,4.8950000000000005
2024,6,2,7,145.12,25.47,95.05,3.55,2024-06-02 07:00:00,0.997885,14.48130712,14.48130712
2024,6,2,8,267.67,26.05,93.22,3.85,2024-06-02 08:00:00,0.995275,26.640525925000002,26.640525925000002
2024,6,2,9,469.45,27.03,88.62,4.26,2024-06-02 09:00:00,0.990865,46.516157425,46.516157425
2024,6,2,10,574.35,28.11,83.19,4.14,2024-06-02 10:00:00,0.986005,56.631197175000004,56.631197175000004
2024,6,2,11,621.45,28.77,79.76,3.77,2024-06-02 11:00:00,0.983035,61.090710075000004,61.090710075000004
2024,6,2,12,563.88,29.14,77.84,3.36,2024-06-02 12:00:00,0.98137,55.337491560000004,55.337491560000004
2024,6,2,13,436.1,29.51,76.25,3.0,2024-06-02 13:00:00,0.979705,42.724935050000006,42.724935050000006
2024,6,2,14,155.82,29.12,78.19,2.76,2024-06-02 14:00:00,0.98146,15.293109719999999,15.293109719999999
2024,6,2,15,108.95,28.37,82.98,2.67,2024-06-02 15:00:00,0.984835,10.729777325000002,10.729777325000002
2024,6,2,16,34.38,27.35,88.81,2.55,2024-06-02 16:00:00,0.989425,3.40164315,3.40164315
2024,6,2,17,4.47,26.18,94.04,2.43,2024-06-02 17:00:00,0.99469,0.44462643,0.44462643
2024,6,2,18,0.0,25.73,95.8,2.7,2024-06-02 18:00:00,0.996715,0.0,0.0
2024,6,2,19,0.0,25.61,96.27,2.94,2024-06-02 19:00:00,0.997255,0.0,0.0
2024,6,2,20,0.0,25.59,96.19,3.24,2024-06-02 20:00:00,0.997345,0.0,0.0
2024,6,2,21,0.0,25.55,96.02,3.58,2024-06-02 21:00:00,0.997525,0.0,0.0
2024,6,2,22,0.0,25.45,95.98,3.54,2024-06-02 22:00:00,0.9979750000000001,0.0,0.0
2024,6,2,23,0.0,25.27,96.03,3.54,2024-06-02 23:00:00,0.998785,0.0,0.0
2024,6,3,0,0.0,25.07,96.16,3.53,2024-06-03 00:00:00,0.999685,0.0,0.0
2024,6,3,1,0.0,24.87,96.22,3.49,2024-06-03 01:00:00,1.000585,0.0,0.0
2024,6,3,2,0.0,24.68,96.33,3.24,2024-06-03 02:00:00,1.00144,0.0,0.0
2024,6,3,3,0.0,24.5,96.43,3.05,2024-06-03 03:00:00,1.00225,0.0,0.0
2024,6,3,4,0.0,24.35,96.32,3.05,2024-06-03 04:00:00,1.002925,0.0,0.0
2024,6,3,5,0.0,24.2,96.27,3.13,2024-06-03 05:00:00,1.0036,0.0,0.0
2024,6,3,6,60.67,24.55,95.48,3.65,2024-06-03 06:00:00,1.002025,6.0792856749999995,6.0792856749999995
2024,6,3,7,221.52,25.31,94.09,4.16,2024-06-03 07:00:00,0.998605,22.12109796,22.12109796
2024,6,3,8,399.95,26.28,90.4,4.6,2024-06-03 08:00:00,0.99424,39.7646288,39.7646288
2024,6,3,9,504.75,27.35,84.1,5.11,2024-06-03 09:00:00,0.989425,49.941226875,49.941226875
2024,6,3,10,593.25,28.32,78.78,5.32,2024-06-03 10:00:00,0.98506,58.43868450000001,58.43868450000001
2024,6,3,11,679.8,28.93,76.18,5.42,2024-06-03 11:00:00,0.982315,66.7777737,66.7777737
2024,6,3,12,681.47,29.25,74.8,5.52,2024-06-03 12:00:00,0.980875,66.84368862500001,66.84368862500001
2024,6,3,13,502.48,29.31,74.52,5.65,2024-06-03 13:00:00,0.9806050000000001,49.273440040000004,49.273440040000004
2024,6,3,14,334.25,29.06,76.13,5.67,2024-06-03 14:00:00,0.98173,32.814325249999996,32.814325249999996
2024,6,3,15,191.73,28.25,81.2,4.99,2024-06-03 15:00:00,0.985375,18.892594874999997,18.892594874999997
2024,6,3,16,75.53,27.3,87.38,3.91,2024-06-03 16:00:00,0.98965,7.47482645,7.47482645
2024,6,3,17,4.85,25.98,93.47,2.83,2024-06-03 17:00:00,0.99559,0.4828611499999999,0.4828611499999999
2024,6,3,18,0.0,25.32,95.07,2.76,2024-06-03 18:00:00,0.99856,0.0,0.0
2024,6,3,19,0.0,24.97,95.63,2.69,2024-06-03 19:00:00,1.000135,0.0,0.0
2024,6,3,20,0.0,24.68,96.16,2.54,2024-06-03 20:00:00,1.00144,0.0,0.0
2024,6,3,21,0.0,24.5,96.47,2.61,2024-06-03 21:00:00,1.00225,0.0,0.0
2024,6,3,22,0.0,24.35,96.98,2.68,2024-06-03 22:00:00,1.002925,0.0,0.0
2024,6,3,23,0.0,24.27,97.17,2.76,2024-06-03 23:00:00,1.003285,0.0,0.0
2024,6,4,0,0.0,24.19,97.18,2.79,2024-06-04 00:00:00,1.003645,0.0,0.0
2024,6,4,1,0.0,24.11,97.08,2.84,2024-06-04 01:00:00,1.004005,0.0,0.0
2024,6,4,2,0.0,23.98,97.02,2.77,2024-06-04 02:00:00,1.00459,0.0,0.0
2024,6,4,3,0.0,23.81,97.06,2.59,2024-06-04 03:00:00,1.005355,0.0,0.0
2024,6,4,4,0.0,23.64,97.13,2.43,2024-06-04 04:00:00,1.00612,0.0,0.0
2024,6,4,5,0.0,23.45,97.24,2.26,2024-06-04 05:00:00,1.006975,0.0,0.0
2024,6,4,6,69.72,24.3,95.83,2.53,2024-06-04 06:00:00,1.00315,6.9939618,6.9939618
2024,6,4,7,236.35,25.41,92.43,3.36,2024-06-04 07:00:00,0.998155,23.591393425000003,23.591393425000003
2024,6,4,8,426.15,26.63,86.51,3.81,2024-06-04 08:00:00,0.992665,42.302418974999995,42.302418974999995
2024,6,4,9,635.5,27.87,79.98,3.69,2024-06-04 09:00:00,0.987085,62.729251749999996,62.729251749999996
2024,6,4,10,702.78,28.82,75.88,3.56,2024-06-04 10:00:00,0.98281,69.06992118,69.06992118
2024,6,4,11,704.3,29.48,73.41,3.5,2024-06-04 11:00:00,0.97984,69.01013119999999,69.01013119999999
2024,6,4,12,665.62,29.81,71.97,3.44,2024-06-04 12:00:00,0.978355,65.12126551,65.12126551
2024,6,4,13,599.3,29.94,71.1,3.4,2024-06-04 13:00:00,0.97777,58.59775609999999,58.59775609999999
2024,6,4,14,451.25,29.75,71.09,3.42,2024-06-04 14:00:00,0.978625,44.160453125,44.160453125
2024,6,4,15,255.62,29.07,74.05,3.51,2024-06-04 15:00:00,0.981685,25.093831970000004,25.093831970000004
2024,6,4,16,99.5,27.93,80.29,3.3,2024-06-04 16:00:00,0.986815,9.818809250000001,9.818809250000001
2024,6,4,17,6.62,26.07,89.48,2.71,2024-06-04 17:00:00,0.995185,0.65881247,0.65881247
2024,6,4,18,0.0,25.18,92.47,2.67,2024-06-04 18:00:00,0.99919,0.0,0.0
2024,6,4,19,0.0,24.8,93.42,2.74,2024-06-04 19:00:00,1.0009,0.0,0.0
2024,6,4,20,0.0,24.61,93.79,2.74,2024-06-04 20:00:00,1.001755,0.0,0.0
2024,6,4,21,0.0,24.42,94.12,2.68,2024-06-04 21:00:00,1.00261,0.0,0.0
2024,6,4,22,0.0,24.19,94.55,2.58,2024-06-04 22:00:00,1.003645,0.0,0.0
2024,6,4,23,0.0,23.92,95.08,2.46,2024-06-04 23:00:00,1.00486,0.0,0.0
2024,6,5,0,0.0,23.67,95.63,2.41,2024-06-05 00:00:00,1.005985,0.0,0.0
2024,6,5,1,0.0,23.42,96.32,2.38,2024-06-05 01:00:00,1.00711,0.0,0.0
2024,6,5,2,0.0,23.14,97.21,2.39,2024-06-05 02:00:00,1.00837,0.0,0.0
2024,6,5,3,0.0,22.91,97.78,2.4,2024-06-05 03:00:00,1.009405,0.0,0.0
2024,6,5,4,0.0,22.72,98.15,2.4,2024-06-05 04:00:00,1.01026,0.0,0.0
2024,6,5,5,0.0,22.56,98.46,2.39,2024-06-05 05:00:00,1.01098,0.0,0.0
2024,6,5,6,72.1,23.72,94.11,2.83,2024-06-05 06:00:00,1.00576,7.2515296,7.2515296
2024,6,5,7,262.62,25.43,86.72,3.83,2024-06-05 07:00:00,0.998065,26.21118303,26.21118303
2024,6,5,8,473.77,26.85,80.9,4.08,2024-06-05 08:00:00,0.991675,46.98258647499999,46.98258647499999
2024,6,5,9,640.1,27.85,77.78,3.99,2024-06-05 09:00:00,0.987175,63.189071750000004,63.189071750000004
2024,6,5,10,730.15,28.57,75.42,4.01,2024-06-05 10:00:00,0.983935,71.842014025,71.842014025
2024,6,5,11,748.58,28.95,73.93,4.18,2024-06-05 11:00:00,0.982225,73.52739905,73.52739905
2024,6,5,12,730.88,29.15,72.92,4.33,2024-06-05 12:00:00,0.981325,71.7230816,71.7230816
2024,6,5,13,631.6,29.04,72.66,4.46,2024-06-05 13:00:00,0.98182,62.011751200000006,62.011751200000006
2024,6,5,14,485.2,28.63,73.2,4.57,2024-06-05 14:00:00,0.983665,47.7274258,47.7274258
2024,6,5,15,308.27,27.86,75.49,4.58,2024-06-05 15:00:00,0.98713,30.430256509999996,30.430256509999996
2024,6,5,16,123.2,26.65,81.92,4.19,2024-06-05 16:00:00,0.992575,12.228524,12.228524
2024,6,5,17,7.82,24.84,91.58,3.06,2024-06-05 17:00:00,1.00072,0.7825630400000001,0.7825630400000001
2024,6,5,18,0.0,24.01,94.64,2.9,2024-06-05 18:00:00,1.004455,0.0,0.0
2024,6,5,19,0.0,23.64,95.66,2.76,2024-06-05 19:00:00,1.00612,0.0,0.0
2024,6,5,20,0.0,23.29,97.04,2.69,2024-06-05 20:00:00,1.007695,0.0,0.0
2024,6,5,21,0.0,22.97,98.44,2.64,2024-06-05 21:00:00,1.0091350000000001,0.0,0.0
2024,6,5,22,0.0,22.68,99.72,2.62,2024-06-05 22:00:00,1.01044,0.0,0.0
2024,6,5,23,0.0,22.43,100.0,2.62,2024-06-05 23:00:00,1.011565,0.0,0.0
2024,6,6,0,0.0,22.19,100.0,2.63,2024-06-06 00:00:00,1.012645,0.0,0.0
2024,6,6,1,0.0,21.95,100.0,2.64,2024-06-06 01:00:00,1.013725,0.0,0.0
2024,6,6,2,0.0,21.72,100.0,2.64,2024-06-06 02:00:00,1.01476,0.0,0.0
2024,6,6,3,0.0,21.52,100.0,2.61,2024-06-06 03:00:00,1.01566,0.0,0.0
2024,6,6,4,0.0,21.34,100.0,2.55,2024-06-06 04:00:00,1.01647,0.0,0.0
2024,6,6,5,0.0,21.17,100.0,2.5,2024-06-06 05:00:00,1.017235,0.0,0.0
2024,6,6,6,68.2,22.8,95.28,2.51,2024-06-06 06:00:00,1.0099,6.887517999999999,6.887517999999999
2024,6,6,7,266.38,24.91,87.12,3.47,2024-06-06 07:00:00,1.000405,26.64878839,26.64878839
2024,6,6,8,471.67,26.43,81.55,3.77,2024-06-06 08:00:00,0.993565,46.863480355,46.863480355
2024,6,6,9,642.7,27.69,76.89,3.71,2024-06-06 09:00:00,0.987895,63.49201165000001,63.49201165000001
2024,6,6,10,746.35,28.74,73.08,3.62,2024-06-06 10:00:00,0.98317,73.37889295000001,73.37889295000001
2024,6,6,11,754.67,29.44,70.54,3.56,2024-06-06 11:00:00,0.98002,73.95916934,73.95916934
2024,6,6,12,720.22,29.74,69.5,3.51,2024-06-06 12:00:00,0.97867,70.48577074,70.48577074
2024,6,6,13,626.9,29.57,70.1,3.49,2024-06-06 13:00:00,0.9794350000000001,61.40078015,61.40078015
2024,6,6,14,472.27,29.23,71.38,3.46,2024-06-06 14:00:00,0.980965,46.328034054999996,46.328034054999996
2024,6,6,15,295.15,28.49,75.86,3.41,2024-06-06 15:00:00,0.984295,29.051466925,29.051466925
2024,6,6,16,117.9,27.33,82.98,3.21,2024-06-06 16:00:00,0.989515,11.66638185,11.66638185
2024,6,6,17,7.45,25.66,91.24,2.7,2024-06-06 17:00:00,0.99703,0.74278735,0.74278735
2024,6,6,18,0.0,24.87,94.23,2.67,2024-06-06 18:00:00,1.000585,0.0,0.0
2024,6,6,19,0.0,24.57,95.3,2.66,2024-06-06 19:00:00,1.001935,0.0,0.0
2024,6,6,20,0.0,24.38,95.84,2.52,2024-06-06 20:00:00,1.00279,0.0,0.0
2024,6,6,21,0.0,24.2,96.09,2.41,2024-06-06 21:00:00,1.0036,0.0,0.0
2024,6,6,22,0.0,24.05,96.34,2.39,2024-06-06 22:00:00,1.004275,0.0,0.0
2024,6,6,23,0.0,23.92,96.56,2.39,2024-06-06 23:00:00,1.00486,0.0,0.0
2024,6,7,0,0.0,23.79,96.7,2.38,2024-06-07 00:00:00,1.005445,0.0,0.0
2024,6,7,1,0.0,23.64,96.82,2.34,2024-06-07 01:00:00,1.00612,0.0,0.0
2024,6,7,2,0.0,23.41,96.83,2.31,2024-06-07 02:00:00,1.007155,0.0,0.0
2024,6,7,3,0.0,23.2,96.75,2.36,2024-06-07 03:00:00,1.0081,0.0,0.0
2024,6,7,4,0.0,22.97,96.85,2.39,2024-06-07 04:00:00,1.0091350000000001,0.0,0.0
2024,6,7,5,0.0,22.77,97.06,2.34,2024-06-07 05:00:00,1.010035,0.0,0.0
2024,6,7,6,67.0,23.99,96.04,2.49,2024-06-07 06:00:00,1.004545,6.7304515,6.7304515
2024,6,7,7,250.12,25.55,92.14,3.32,2024-06-07 07:00:00,0.997525,24.9500953,24.9500953
2024,6,7,8,457.67,26.98,85.8,3.43,2024-06-07 08:00:00,0.99109,45.359216030000006,45.359216030000006
2024,6,7,9,628.78,28.26,78.91,3.06,2024-06-07 09:00:00,0.98533,61.955579740000005,61.955579740000005
2024,6,7,10,661.58,29.04,74.87,2.74,2024-06-07 10:00:00,0.98182,64.95524756,64.95524756
2024,6,7,11,685.92,29.5,72.62,2.58,2024-06-07 11:00:00,0.97975,67.203012,67.203012
2024,6,7,12,638.25,29.59,71.77,2.52,2024-06-07 12:00:00,0.979345,62.506694624999994,62.506694624999994
2024,6,7,13,511.08,29.55,71.71,2.6,2024-06-07 13:00:00,0.979525,50.061563699999994,50.061563699999994
2024,6,7,14,396.83,29.2,72.74,2.95,2024-06-07 14:00:00,0.9811,38.93299129999999,38.93299129999999
2024,6,7,15,224.1,28.44,76.08,3.57,2024-06-07 15:00:00,0.98452,22.063093199999997,22.063093199999997
2024,6,7,16,93.15,27.17,83.34,3.75,2024-06-07 16:00:00,0.990235,9.224039025000002,9.224039025000002
2024,6,7,17,6.38,25.69,91.15,3.28,2024-06-07 17:00:00,0.996895,0.63601901,0.63601901
2024,6,7,18,0.0,25.12,93.58,3.45,2024-06-07 18:00:00,0.99946,0.0,0.0
2024,6,7,19,0.0,24.92,94.37,3.45,2024-06-07 19:00:00,1.00036,0.0,0.0
2024,6,7,20,0.0,24.75,94.88,3.33,2024-06-07 20:00:00,1.001125,0.0,0.0
2024,6,7,21,0.0,24.62,95.24,3.31,2024-06-07 21:00:00,1.00171,0.0,0.0
2024,6,7,22,0.0,24.52,95.24,3.43,2024-06-07 22:00:00,1.00216,0.0,0.0
2024,6,7,23,0.0,24.36,95.33,3.47,2024-06-07 23:00:00,1.00288,0.0,0.0
2024,6,8,0,0.0,24.17,95.46,3.44,2024-06-08 00:00:00,1.003735,0.0,0.0
2024,6,8,1,0.0,23.93,95.74,3.28,2024-06-08 01:00:00,1.004815,0.0,0.0
2024,6,8,2,0.0,23.65,96.2,3.05,2024-06-08 02:00:00,1.006075,0.0,0.0
2024,6,8,3,0.0,23.37,96.91,2.79,2024-06-08 03:00:00,1.007335,0.0,0.0
2024,6,8,4,0.0,23.18,97.28,2.61,2024-06-08 04:00:00,1.00819,0.0,0.0
2024,6,8,5,0.0,22.91,97.88,2.45,2024-06-08 05:00:00,1.009405,0.0,0.0
2024,6,8,6,65.32,24.05,94.01,2.79,2024-06-08 06:00:00,1.004275,6.5599243,6.5599243
2024,6,8,7,253.62,25.66,87.14,3.67,2024-06-08 07:00:00,0.99703,25.28667486,25.28667486
2024,6,8,8,458.6,27.07,80.99,3.58,2024-06-08 08:00:00,0.990685,45.4328141,45.4328141
2024,6,8,9,633.12,28.35,76.27,3.05,2024-06-08 09:00:00,0.984925,62.35757160000001,62.35757160000001
2024,6,8,10,722.58,29.33,73.01,2.54,2024-06-08 10:00:00,0.980515,70.85005287,70.85005287
2024,6,8,11,733.75,29.98,70.56,2.04,2024-06-08 11:00:00,0.97759,71.73066625,71.73066625
2024,6,8,12,675.05,30.32,68.97,1.64,2024-06-08 12:00:00,0.97606,65.8889303,65.8889303
2024,6,8,13,591.33,30.34,68.7,1.4,2024-06-08 13:00:00,0.97597,57.71203401,57.71203401
2024,6,8,14,436.75,30.08,69.58,1.39,2024-06-08 14:00:00,0.97714,42.676589500000006,42.676589500000006
2024,6,8,15,273.55,29.42,72.83,1.76,2024-06-08 15:00:00,0.98011,26.810909050000003,26.810909050000003
2024,6,8,16,108.22,28.31,80.5,1.93,2024-06-08 16:00:00,0.985105,10.66080631,10.66080631
2024,6,8,17,7.15,26.78,89.23,1.83,2024-06-08 17:00:00,0.99199,0.70927285,0.70927285
2024,6,8,18,0.0,25.88,93.21,1.84,2024-06-08 18:00:00,0.99604,0.0,0.0
2024,6,8,19,0.0,25.41,94.25,1.92,2024-06-08 19:00:00,0.998155,0.0,0.0
2024,6,8,20,0.0,25.05,95.09,1.99,2024-06-08 20:00:00,0.999775,0.0,0.0
2024,6,8,21,0.0,24.8,95.6,2.03,2024-06-08 21:00:00,1.0009,0.0,0.0
2024,6,8,22,0.0,24.59,95.95,2.08,2024-06-08 22:00:00,1.001845,0.0,0.0
2024,6,8,23,0.0,24.41,96.16,2.13,2024-06-08 23:00:00,1.002655,0.0,0.0
2024,6,9,0,0.0,24.27,96.16,2.16,2024-06-09 00:00:00,1.003285,0.0,0.0
2024,6,9,1,0.0,24.11,96.2,2.2,2024-06-09 01:00:00,1.004005,0.0,0.0
2024,6,9,2,0.0,23.93,96.32,2.25,2024-06-09 02:00:00,1.004815,0.0,0.0
2024,6,9,3,0.0,23.8,96.38,2.31,2024-06-09 03:00:00,1.0054,0.0,0.0
2024,6,9,4,0.0,23.64,96.71,2.32,2024-06-09 04:00:00,1.00612,0.0,0.0
2024,6,9,5,0.0,23.44,97.08,2.31,2024-06-09 05:00:00,1.00702,0.0,0.0
2024,6,9,6,64.12,24.43,95.12,2.39,2024-06-09 06:00:00,1.002565,6.428446780000001,6.428446780000001
2024,6,9,7,252.1,25.78,90.58,3.06,2024-06-09 07:00:00,0.99649,25.1215129,25.1215129
2024,6,9,8,451.45,27.05,85.04,3.11,2024-06-09 08:00:00,0.990775,44.728537374999995,44.728537374999995
2024,6,9,9,601.15,28.15,79.82,2.8,2024-06-09 09:00:00,0.985825,59.26286987499999,59.26286987499999
2024,6,9,10,694.95,29.0,75.83,2.55,2024-06-09 10:00:00,0.982,68.24409,68.24409
2024,6,9,11,708.65,29.63,73.31,2.52,2024-06-09 11:00:00,0.9791650000000001,69.388527725,69.388527725
2024,6,9,12,594.92,29.97,72.09,2.72,2024-06-09 12:00:00,0.977635,58.16146142,58.16146142
2024,6,9,13,540.58,29.92,72.22,3.13,2024-06-09 13:00:00,0.97786,52.861155880000005,52.861155880000005
2024,6,9,14,414.23,29.42,74.41,3.59,2024-06-09 14:00:00,0.98011,40.599096530000004,40.599096530000004
2024,6,9,15,250.25,28.65,78.86,3.95,2024-06-09 15:00:00,0.983575,24.613964375,24.613964375
2024,6,9,16,95.53,27.52,85.72,3.77,2024-06-09 16:00:00,0.98866,9.444668980000001,9.444668980000001
2024,6,9,17,6.18,25.9,93.56,3.01,2024-06-09 17:00:00,0.99595,0.6154971,0.6154971
2024,6,9,18,0.0,25.19,95.96,3.02,2024-06-09 18:00:00,0.999145,0.0,0.0
2024,6,9,19,0.0,24.94,96.74,2.95,2024-06-09 19:00:00,1.00027,0.0,0.0
2024,6,9,20,0.0,24.79,96.96,2.74,2024-06-09 20:00:00,1.000945,0.0,0.0
2024,6,9,21,0.0,24.59,97.39,2.51,2024-06-09 21:00:00,1.001845,0.0,0.0
2024,6,9,22,0.0,24.39,97.74,2.36,2024-06-09 22:00:00,1.002745,0.0,0.0
2024,6,9,23,0.0,24.23,97.78,2.28,2024-06-09 23:00:00,1.003465,0.0,0.0
2024,6,10,0,0.0,24.08,97.85,2.21,2024-06-10 00:00:00,1.00414,0.0,0.0
2024,6,10,1,0.0,23.97,97.78,2.16,2024-06-10 01:00:00,1.004635,0.0,0.0
2024,6,10,2,0.0,23.84,97.83,2.16,2024-06-10 02:00:00,1.00522,0.0,0.0
2024,6,10,3,0.0,23.71,97.8,2.18,2024-06-10 03:00:00,1.005805,0.0,0.0
2024,6,10,4,0.0,23.49,97.9,2.22,2024-06-10 04:00:00,1.006795,0.0,0.0
2024,6,10,5,0.0,23.22,98.03,2.25,2024-06-10 05:00:00,1.00801,0.0,0.0
2024,6,10,6,61.3,24.29,96.45,2.39,2024-06-10 06:00:00,1.003195,6.149585350000001,6.149585350000001
2024,6,10,7,247.4,25.65,92.6,3.14,2024-06-10 07:00:00,0.997075,24.667635500000003,24.667635500000003
2024,6,10,8,465.88,27.06,86.09,3.38,2024-06-10 08:00:00,0.99073,46.15612924,46.15612924
2024,6,10,9,626.83,28.36,79.7,3.21,2024-06-10 09:00:00,0.98488,61.73523304,61.73523304
2024,6,10,10,697.05,29.25,76.07,3.08,2024-06-10 10:00:00,0.980875,68.371891875,68.371891875
2024,6,10,11,698.03,29.8,73.86,3.01,2024-06-10 11:00:00,0.9784,68.2952552,68.2952552
2024,6,10,12,632.2,30.12,72.71,3.01,2024-06-10 12:00:00,0.97696,61.763411200000014,61.763411200000014
2024,6,10,13,534.85,29.93,73.14,3.02,2024-06-10 13:00:00,0.977815,52.298435275,52.298435275
2024,6,10,14,431.62,29.6,74.41,3.09,2024-06-10 14:00:00,0.9793,42.26854659999999,42.26854659999999
2024,6,10,15,271.1,28.81,78.82,3.15,2024-06-10 15:00:00,0.982855,26.64519905,26.64519905
2024,6,10,16,104.8,27.76,84.93,3.0,2024-06-10 16:00:00,0.98758,10.3498384,10.3498384
2024,6,10,17,6.25,26.25,92.27,2.46,2024-06-10 17:00:00,0.994375,0.621484375,0.621484375
2024,6,10,18,0.0,25.54,95.03,2.42,2024-06-10 18:00:00,0.99757,0.0,0.0
2024,6,10,19,0.0,25.28,95.91,2.44,2024-06-10 19:00:00,0.99874,0.0,0.0
2024,6,10,20,0.0,25.1,96.32,2.45,2024-06-10 20:00:00,0.9995499999999999,0.0,0.0
2024,6,10,21,0.0,24.98,96.3,2.45,2024-06-10 21:00:00,1.00009,0.0,0.0
2024,6,10,22,0.0,24.88,96.35,2.51,2024-06-10 22:00:00,1.00054,0.0,0.0
2024,6,10,23,0.0,24.78,96.43,2.52,2024-06-10 23:00:00,1.00099,0.0,0.0
2024,6,11,0,0.0,24.65,96.45,2.54,2024-06-11 00:00:00,1.001575,0.0,0.0
2024,6,11,1,0.0,24.51,96.45,2.6,2024-06-11 01:00:00,1.002205,0.0,0.0
2024,6,11,2,0.0,24.37,96.37,2.62,2024-06-11 02:00:00,1.002835,0.0,0.0
2024,6,11,3,0.0,24.22,96.46,2.62,2024-06-11 03:00:00,1.00351,0.0,0.0
2024,6,11,4,0.0,24.08,96.37,2.59,2024-06-11 04:00:00,1.00414,0.0,0.0
2024,6,11,5,0.0,23.94,96.56,2.53,2024-06-11 05:00:00,1.00477,0.0,0.0
2024,6,11,6,53.85,24.76,95.22,2.91,2024-06-11 06:00:00,1.00108,5.3908157999999995,5.3908157999999995
2024,6,11,7,224.45,25.93,92.12,3.68,2024-06-11 07:00:00,0.995815,22.351067674999996,22.351067674999996
2024,6,11,8,430.2,27.05,87.12,3.79,2024-06-11 08:00:00,0.990775,42.62314049999999,42.62314049999999
2024,6,11,9,566.3,28.16,81.71,3.49,2024-06-11 09:00:00,0.98578,55.82472139999999,55.82472139999999
2024,6,11,10,661.05,29.01,77.73,2.98,2024-06-11 10:00:00,0.981955,64.912135275,64.912135275
2024,6,11,11,663.9,29.49,75.28,2.53,2024-06-11 11:00:00,0.979795,65.04859004999999,65.04859004999999
2024,6,11,12,656.7,29.8,73.66,2.17,2024-06-11 12:00:00,0.9784,64.25152800000001,64.25152800000001
2024,6,11,13,550.5,29.88,72.68,1.82,2024-06-11 13:00:00,0.97804,53.841102,53.841102
2024,6,11,14,431.38,29.91,72.05,1.55,2024-06-11 14:00:00,0.977905,42.18486589,42.18486589
2024,6,11,15,262.83,29.53,73.3,1.49,2024-06-11 15:00:00,0.979615,25.747221045,25.747221045
2024,6,11,16,100.25,28.72,79.62,1.65,2024-06-11 16:00:00,0.98326,9.857181500000001,9.857181500000001
2024,6,11,17,6.62,27.12,89.11,1.75,2024-06-11 17:00:00,0.99046,0.65568452,0.65568452
2024,6,11,18,0.0,26.07,93.55,1.96,2024-06-11 18:00:00,0.995185,0.0,0.0
2024,6,11,19,0.0,25.63,94.73,2.13,2024-06-11 19:00:00,0.997165,0.0,0.0
2024,6,11,20,0.0,25.35,95.55,2.26,2024-06-11 20:00:00,0.998425,0.0,0.0
2024,6,11,21,0.0,25.15,96.04,2.36,2024-06-11 21:00:00,0.999325,0.0,0.0
2024,6,11,22,0.0,24.97,96.23,2.4,2024-06-11 22:00:00,1.000135,0.0,0.0
2024,6,11,23,0.0,24.78,96.46,2.45,2024-06-11 23:00:00,1.00099,0.0,0.0
2024,6,12,0,0.0,24.54,96.6,2.49,2024-06-12 00:00:00,1.00207,0.0,0.0
2024,6,12,1,0.0,24.22,97.18,2.52,2024-06-12 01:00:00,1.00351,0.0,0.0
2024,6,12,2,0.0,23.94,97.59,2.51,2024-06-12 02:00:00,1.00477,0.0,0.0
2024,6,12,3,0.0,23.67,97.86,2.42,2024-06-12 03:00:00,1.005985,0.0,0.0
2024,6,12,4,0.0,23.42,97.93,2.31,2024-06-12 04:00:00,1.00711,0.0,0.0
2024,6,12,5,0.0,23.22,97.71,2.17,2024-06-12 05:00:00,1.00801,0.0,0.0
2024,6,12,6,60.5,24.42,94.31,1.97,2024-06-12 06:00:00,1.00261,6.065790499999999,6.065790499999999
2024,6,12,7,230.9,26.01,87.39,2.45,2024-06-12 07:00:00,0.995455,22.98505595,22.98505595
2024,6,12,8,408.9,27.21,82.88,2.32,2024-06-12 08:00:00,0.990055,40.48334895,40.48334895
2024,6,12,9,533.67,28.4,77.79,1.92,2024-06-12 09:00:00,0.9847,52.5504849,52.5504849
2024,6,12,10,563.0,29.15,74.47,1.56,2024-06-12 10:00:00,0.981325,55.248597499999995,55.248597499999995
2024,6,12,11,552.65,29.59,72.66,1.32,2024-06-12 11:00:00,0.979345,54.123501425,54.123501425
2024,6,12,12,498.17,29.81,71.54,1.19,2024-06-12 12:00:00,0.978355,48.738711035,48.738711035
2024,6,12,13,388.75,29.74,70.89,1.08,2024-06-12 13:00:00,0.97867,38.04579625,38.04579625
2024,6,12,14,274.58,29.55,71.15,1.14,2024-06-12 14:00:00,0.979525,26.895797449999996,26.895797449999996
2024,6,12,15,174.77,28.97,73.99,1.41,2024-06-12 15:00:00,0.982135,17.164773395,17.164773395
2024,6,12,16,69.62,28.07,80.63,1.64,2024-06-12 16:00:00,0.986185,6.8658199699999996,6.8658199699999996
2024,6,12,17,4.97,26.72,89.16,1.63,2024-06-12 17:00:00,0.99226,0.49315321999999995,0.49315321999999995
2024,6,12,18,0.0,25.86,93.65,1.68,2024-06-12 18:00:00,0.99613,0.0,0.0
2024,6,12,19,0.0,25.44,94.71,1.69,2024-06-12 19:00:00,0.99802,0.0,0.0
2024,6,12,20,0.0,25.16,95.23,1.7,2024-06-12 20:00:00,0.99928,0.0,0.0
2024,6,12,21,0.0,24.93,95.62,1.73,2024-06-12 21:00:00,1.000315,0.0,0.0
2024,6,12,22,0.0,24.73,95.85,1.79,2024-06-12 22:00:00,1.001215,0.0,0.0
2024,6,12,23,0.0,24.57,96.07,1.84,2024-06-12 23:00:00,1.001935,0.0,0.0
2024,6,13,0,0.0,24.43,96.05,1.91,2024-06-13 00:00:00,1.002565,0.0,0.0
2024,6,13,1,0.0,24.27,96.12,1.98,2024-06-13 01:00:00,1.003285,0.0,0.0
2024,6,13,2,0.0,24.15,96.09,2.01,2024-06-13 02:00:00,1.003825,0.0,0.0
2024,6,13,3,0.0,24.07,96.02,1.99,2024-06-13 03:00:00,1.004185,0.0,0.0
2024,6,13,4,0.0,24.01,95.98,1.89,2024-06-13 04:00:00,1.004455,0.0,0.0
2024,6,13,5,0.0,23.94,96.02,1.77,2024-06-13 05:00:00,1.00477,0.0,0.0
2024,6,13,6,53.65,24.5,95.28,1.6,2024-06-13 06:00:00,1.00225,5.37707125,5.37707125
2024,6,13,7,203.98,25.63,91.25,1.91,2024-06-13 07:00:00,0.997165,20.34017167,20.34017167
2024,6,13,8,372.15,26.95,84.97,2.09,2024-06-13 08:00:00,0.991225,36.888438375,36.888438375
2024,6,13,9,527.47,27.72,79.68,2.18,2024-06-13 09:00:00,0.98776,52.10137672,52.10137672
2024,6,13,10,633.83,28.75,75.38,2.04,2024-06-13 10:00:00,0.983125,62.31341187500001,62.31341187500001
2024,6,13,11,636.45,29.33,73.0,2.08,2024-06-13 11:00:00,0.980515,62.40487717500001,62.40487717500001
2024,6,13,12,592.62,29.58,71.69,2.29,2024-06-13 12:00:00,0.97939,58.04061018,58.04061018
2024,6,13,13,499.92,29.63,71.0,2.49,2024-06-13 13:00:00,0.9791650000000001,48.95041668000001,48.95041668000001
2024,6,13,14,381.98,29.38,71.57,2.44,2024-06-13 14:00:00,0.98029,37.44511742000001,37.44511742000001
2024,6,13,15,230.73,28.92,73.89,2.05,2024-06-13 15:00:00,0.98236,22.66599228,22.66599228
2024,6,13,16,88.7,28.22,78.08,1.47,2024-06-13 16:00:00,0.98551,8.7414737,8.7414737
2024,6,13,17,6.8,26.92,84.11,0.94,2024-06-13 17:00:00,0.99136,0.6741248,0.6741248
2024,6,13,18,0.0,26.37,83.54,0.7,2024-06-13 18:00:00,0.993835,0.0,0.0
2024,6,13,19,0.0,25.74,86.44,1.17,2024-06-13 19:00:00,0.9966700000000001,0.0,0.0
2024,6,13,20,0.0,24.93,90.99,1.61,2024-06-13 20:00:00,1.000315,0.0,0.0
2024,6,13,21,0.0,24.36,93.6,1.81,2024-06-13 21:00:00,1.00288,0.0,0.0
2024,6,13,22,0.0,24.05,94.83,1.81,2024-06-13 22:00:00,1.004275,0.0,0.0
2024,6,13,23,0.0,23.89,95.77,1.67,2024-06-13 23:00:00,1.004995,0.0,0.0
2024,6,14,0,0.0,23.82,96.17,1.48,2024-06-14 00:00:00,1.00531,0.0,0.0
2024,6,14,1,0.0,23.79,96.13,1.31,2024-06-14 01:00:00,1.005445,0.0,0.0
2024,6,14,2,0.0,23.69,96.24,1.23,2024-06-14 02:00:00,1.005895,0.0,0.0
2024,6,14,3,0.0,23.45,96.61,1.29,2024-06-14 03:00:00,1.006975,0.0,0.0
2024,6,14,4,0.0,23.16,97.12,1.38,2024-06-14 04:00:00,1.00828,0.0,0.0
2024,6,14,5,0.0,22.91,97.41,1.46,2024-06-14 05:00:00,1.009405,0.0,0.0
2024,6,14,6,56.67,23.77,94.89,1.55,2024-06-14 06:00:00,1.005535,5.698366845000001,5.698366845000001
2024,6,14,7,232.65,25.5,87.22,2.01,2024-06-14 07:00:00,0.99775,23.21265375,23.21265375
2024,6,14,8,429.62,27.03,80.96,2.04,2024-06-14 08:00:00,0.990865,42.56954213,42.56954213
2024,6,14,9,602.67,28.24,75.53,1.94,2024-06-14 09:00:00,0.98542,59.388307139999995,59.388307139999995
2024,6,14,10,677.78,29.13,71.23,1.88,2024-06-14 10:00:00,0.981415,66.51834586999999,66.51834586999999
2024,6,14,11,703.83,29.66,69.15,1.9,2024-06-14 11:00:00,0.97903,68.90706849,68.90706849
2024,6,14,12,635.17,29.9,68.48,1.96,2024-06-14 12:00:00,0.97795,62.11645015,62.11645015
2024,6,14,13,579.2,29.78,69.17,1.99,2024-06-14 13:00:00,0.97849,56.674140799999996,56.674140799999996
2024,6,14,14,418.52,29.4,70.83,1.9,2024-06-14 14:00:00,0.9802,41.0233304,41.0233304
2024,6,14,15,260.8,28.81,74.96,1.47,2024-06-14 15:00:00,0.982855,25.632858400000003,25.632858400000003
2024,6,14,16,106.03,28.27,77.04,1.18,2024-06-14 16:00:00,0.985285,10.446976854999999,10.446976854999999
2024,6,14,17,8.32,27.17,82.45,0.81,2024-06-14 17:00:00,0.990235,0.8238755200000001,0.8238755200000001
2024,6,14,18,0.0,26.68,82.17,0.75,2024-06-14 18:00:00,0.99244,0.0,0.0
2024,6,14,19,0.0,26.22,83.61,0.9,2024-06-14 19:00:00,0.99451,0.0,0.0
2024,6,14,20,0.0,25.8,85.3,1.03,2024-06-14 20:00:00,0.9964,0.0,0.0
2024,6,14,21,0.0,25.47,86.25,1.04,2024-06-14 21:00:00,0.997885,0.0,0.0
2024,6,14,22,0.0,25.16,87.12,1.02,2024-06-14 22:00:00,0.99928,0.0,0.0
2024,6,14,23,0.0,24.83,88.01,1.01,2024-06-14 23:00:00,1.000765,0.0,0.0
2024,6,15,0,0.0,24.53,88.71,0.97,2024-06-15 00:00:00,1.002115,0.0,0.0
2024,6,15,1,0.0,24.13,90.1,0.9,2024-06-15 01:00:00,1.0039150000000001,0.0,0.0
2024,6,15,2,0.0,23.88,90.76,0.87,2024-06-15 02:00:00,1.00504,0.0,0.0
2024,6,15,3,0.0,23.69,91.27,0.82,2024-06-15 03:00:00,1.005895,0.0,0.0
2024,6,15,4,0.0,23.53,91.69,0.78,2024-06-15 04:00:00,1.006615,0.0,0.0
2024,6,15,5,0.0,23.64,90.85,0.62,2024-06-15 05:00:00,1.00612,0.0,0.0
2024,6,15,6,55.4,24.18,93.35,0.23,2024-06-15 06:00:00,1.00369,5.5604426,5.5604426
2024,6,15,7,210.52,26.68,82.67,0.5,2024-06-15 07:00:00,0.99244,20.89284688,20.89284688
2024,6,15,8,382.6,27.87,76.83,1.01,2024-06-15 08:00:00,0.987085,37.765872099999996,37.765872099999996
2024,6,15,9,531.65,28.43,75.27,1.47,2024-06-15 09:00:00,0.984565,52.34439822499999,52.34439822499999
2024,6,15,10,595.58,29.03,74.24,1.95,2024-06-15 10:00:00,0.981865,58.47791567,58.47791567
2024,6,15,11,618.3,29.34,74.11,2.41,2024-06-15 11:00:00,0.98047,60.6224601,60.6224601
2024,6,15,12,597.47,29.32,74.43,2.87,2024-06-15 12:00:00,0.98056,58.585518320000006,58.585518320000006
2024,6,15,13,452.98,29.1,75.48,3.27,2024-06-15 13:00:00,0.98155,44.462251900000005,44.462251900000005
2024,6,15,14,290.25,28.48,78.89,3.62,2024-06-15 14:00:00,0.98434,28.5704685,28.5704685
2024,6,15,15,185.77,27.75,83.07,3.85,2024-06-15 15:00:00,0.987625,18.347109625,18.347109625
2024,6,15,16,76.32,26.72,89.4,3.53,2024-06-15 16:00:00,0.99226,7.57292832,7.57292832
2024,6,15,17,6.12,25.61,94.76,2.73,2024-06-15 17:00:00,0.997255,0.61032006,0.61032006
2024,6,15,18,0.0,25.1,96.09,2.59,2024-06-15 18:00:00,0.9995499999999999,0.0,0.0
2024,6,15,19,0.0,24.8,96.5,2.53,2024-06-15 19:00:00,1.0009,0.0,0.0
2024,6,15,20,0.0,24.55,96.6,2.47,2024-06-15 20:00:00,1.002025,0.0,0.0
2024,6,15,21,0.0,24.33,96.69,2.43,2024-06-15 21:00:00,1.003015,0.0,0.0
2024,6,15,22,0.0,24.08,96.7,2.42,2024-06-15 22:00:00,1.00414,0.0,0.0
2024,6,15,23,0.0,23.8,96.7,2.38,2024-06-15 23:00:00,1.0054,0.0,0.0
2024,6,16,0,0.0,23.49,96.82,2.32,2024-06-16 00:00:00,1.006795,0.0,0.0
2024,6,16,1,0.0,23.16,96.87,2.32,2024-06-16 01:00:00,1.00828,0.0,0.0
2024,6,16,2,0.0,22.88,96.82,2.35,2024-06-16 02:00:00,1.00954,0.0,0.0
2024,6,16,3,0.0,22.61,96.83,2.38,2024-06-16 03:00:00,1.010755,0.0,0.0
2024,6,16,4,0.0,22.37,96.77,2.4,2024-06-16 04:00:00,1.011835,0.0,0.0
2024,6,16,5,0.0,22.12,96.78,2.39,2024-06-16 05:00:00,1.01296,0.0,0.0
2024,6,16,6,52.95,23.29,95.02,2.23,2024-06-16 06:00:00,1.007695,5.3357450250000005,5.3357450250000005
2024,6,16,7,218.77,24.89,90.21,2.87,2024-06-16 07:00:00,1.000495,21.887829115,21.887829115
2024,6,16,8,409.42,26.24,85.66,2.93,2024-06-16 08:00:00,0.99442,40.71354364,40.71354364
2024,6,16,9,576.28,27.77,77.34,2.91,2024-06-16 09:00:00,0.987535,56.909666980000004,56.909666980000004
2024,6,16,10,690.9,28.73,72.89,2.84,2024-06-16 10:00:00,0.983215,67.93032434999999,67.93032434999999
2024,6,16,11,767.97,29.22,70.96,2.92,2024-06-16 11:00:00,0.98101,75.33862497,75.33862497
2024,6,16,12,745.53,29.37,70.54,3.09,2024-06-16 12:00:00,0.980335,73.086915255,73.086915255
2024,6,16,13,648.78,29.24,71.14,3.22,2024-06-16 13:00:00,0.98092,63.64012776,63.64012776
2024,6,16,14,485.3,28.84,72.5,3.29,2024-06-16 14:00:00,0.98272,47.691401600000006,47.691401600000006
2024,6,16,15,308.48,28.11,75.39,3.38,2024-06-16 15:00:00,0.986005,30.416282240000005,30.416282240000005
2024,6,16,16,124.47,26.92,82.58,3.24,2024-06-16 16:00:00,0.99136,12.33945792,12.33945792
2024,6,16,17,8.48,25.01,92.12,2.55,2024-06-16 17:00:00,0.999955,0.84796184,0.84796184
2024,6,16,18,0.0,24.11,94.82,2.56,2024-06-16 18:00:00,1.004005,0.0,0.0
2024,6,16,19,0.0,23.88,95.52,2.56,2024-06-16 19:00:00,1.00504,0.0,0.0
2024,6,16,20,0.0,23.75,95.95,2.49,2024-06-16 20:00:00,1.005625,0.0,0.0
2024,6,16,21,0.0,23.5,96.3,2.36,2024-06-16 21:00:00,1.00675,0.0,0.0
2024,6,16,22,0.0,23.19,96.69,2.29,2024-06-16 22:00:00,1.008145,0.0,0.0
2024,6,16,23,0.0,22.92,96.89,2.28,2024-06-16 23:00:00,1.00936,0.0,0.0
2024,6,17,0,0.0,22.59,97.11,2.31,2024-06-17 00:00:00,1.010845,0.0,0.0
2024,6,17,1,0.0,22.36,97.06,2.29,2024-06-17 01:00:00,1.0118800000000001,0.0,0.0
2024,6,17,2,0.0,22.15,96.89,2.29,2024-06-17 02:00:00,1.012825,0.0,0.0
2024,6,17,3,0.0,21.94,96.65,2.27,2024-06-17 03:00:00,1.01377,0.0,0.0
2024,6,17,4,0.0,21.71,96.58,2.22,2024-06-17 04:00:00,1.014805,0.0,0.0
2024,6,17,5,0.0,21.55,96.48,2.16,2024-06-17 05:00:00,1.015525,0.0,0.0
2024,6,17,6,53.92,22.84,95.38,2.05,2024-06-17 06:00:00,1.00972,5.44441024,5.44441024
2024,6,17,7,234.75,24.5,91.24,2.46,2024-06-17 07:00:00,1.00225,23.52781875,23.52781875
2024,6,17,8,451.73,26.06,84.54,2.28,2024-06-17 08:00:00,0.9952300000000001,44.95752479000001,44.95752479000001
2024,6,17,9,625.12,27.46,78.09,1.85,2024-06-17 09:00:00,0.98893,61.81999216,61.81999216
2024,6,17,10,729.03,28.74,72.16,1.43,2024-06-17 10:00:00,0.98317,71.67604250999999,71.67604250999999
2024,6,17,11,785.58,29.67,68.16,1.14,2024-06-17 11:00:00,0.978985,76.90710363000001,76.90710363000001
2024,6,17,12,743.33,30.25,65.91,1.07,2024-06-17 12:00:00,0.976375,72.576882875,72.576882875
2024,6,17,13,651.53,30.43,65.16,1.21,2024-06-17 13:00:00,0.975565,63.56098644499999,63.56098644499999
2024,6,17,14,476.55,30.22,66.0,1.47,2024-06-17 14:00:00,0.97651,46.53558405,46.53558405
2024,6,17,15,300.85,29.56,69.54,1.89,2024-06-17 15:00:00,0.97948,29.467655800000003,29.467655800000003
2024,6,17,16,123.75,28.46,77.12,2.09,2024-06-17 16:00:00,0.98443,12.182321250000001,12.182321250000001
2024,6,17,17,8.23,26.62,87.43,1.93,2024-06-17 17:00:00,0.99271,0.8170003300000002,0.8170003300000002
2024,6,17,18,0.0,25.61,91.89,1.92,2024-06-17 18:00:00,0.997255,0.0,0.0
2024,6,17,19,0.0,25.12,93.42,1.93,2024-06-17 19:00:00,0.99946,0.0,0.0
2024,6,17,20,0.0,24.81,94.63,1.88,2024-06-17 20:00:00,1.000855,0.0,0.0
2024,6,17,21,0.0,24.68,95.34,1.83,2024-06-17 21:00:00,1.00144,0.0,0.0
2024,6,17,22,0.0,24.57,95.82,1.83,2024-06-17 22:00:00,1.001935,0.0,0.0
2024,6,17,23,0.0,24.43,96.26,1.85,2024-06-17 23:00:00,1.002565,0.0,0.0
2024,6,18,0,0.0,24.31,96.71,1.86,2024-06-18 00:00:00,1.003105,0.0,0.0
2024,6,18,1,0.0,24.14,97.15,1.92,2024-06-18 01:00:00,1.00387,0.0,0.0
2024,6,18,2,0.0,24.02,97.24,2.01,2024-06-18 02:00:00,1.00441,0.0,0.0
2024,6,18,3,0.0,23.95,97.27,2.1,2024-06-18 03:00:00,1.004725,0.0,0.0
2024,6,18,4,0.0,23.9,97.4,2.13,2024-06-18 04:00:00,1.00495,0.0,0.0
2024,6,18,5,0.0,23.92,97.36,2.19,2024-06-18 05:00:00,1.00486,0.0,0.0
2024,6,18,6,53.2,24.79,96.62,2.44,2024-06-18 06:00:00,1.000945,5.3250274,5.3250274
2024,6,18,7,208.45,25.8,94.85,3.34,2024-06-18 07:00:00,0.9964,20.769958,20.769958
2024,6,18,8,378.02,26.75,91.36,4.08,2024-06-18 08:00:00,0.992125,37.50430925,37.50430925
2024,6,18,9,518.05,27.73,85.21,4.62,2024-06-18 09:00:00,0.987715,51.16857557499999,51.16857557499999
2024,6,18,10,602.75,28.97,78.46,4.75,2024-06-18 10:00:00,0.982135,59.198187125,59.198187125
2024,6,18,11,629.08,29.6,75.04,4.67,2024-06-18 11:00:00,0.9793,61.605804400000004,61.605804400000004
2024,6,18,12,599.0,29.53,75.14,4.52,2024-06-18 12:00:00,0.979615,58.6789385,58.6789385
2024,6,18,13,528.62,29.15,76.57,4.34,2024-06-18 13:00:00,0.981325,51.874802149999994,51.874802149999994
2024,6,18,14,400.4,28.76,78.34,4.16,2024-06-18 14:00:00,0.98308,39.3625232,39.3625232
2024,6,18,15,247.73,28.14,81.34,3.85,2024-06-18 15:00:00,0.98587,24.422957509999996,24.422957509999996
2024,6,18,16,105.45,27.24,86.11,3.41,2024-06-18 16:00:00,0.98992,10.438706400000001,10.438706400000001
2024,6,18,17,9.0,25.92,92.34,2.84,2024-06-18 17:00:00,0.99586,0.8962739999999999,0.8962739999999999
2024,6,18,18,0.0,25.32,94.05,2.9,2024-06-18 18:00:00,0.99856,0.0,0.0
2024,6,18,19,0.0,25.03,94.55,3.04,2024-06-18 19:00:00,0.999865,0.0,0.0
2024,6,18,20,0.0,24.78,94.95,3.09,2024-06-18 20:00:00,1.00099,0.0,0.0
2024,6,18,21,0.0,24.47,95.53,3.04,2024-06-18 21:00:00,1.002385,0.0,0.0
2024,6,18,22,0.0,24.14,96.2,2.98,2024-06-18 22:00:00,1.00387,0.0,0.0
2024,6,18,23,0.0,23.87,96.61,2.94,2024-06-18 23:00:00,1.005085,0.0,0.0
2024,6,19,0,0.0,23.59,96.81,2.93,2024-06-19 00:00:00,1.006345,0.0,0.0
2024,6,19,1,0.0,23.3,96.98,2.95,2024-06-19 01:00:00,1.00765,0.0,0.0
2024,6,19,2,0.0,22.97,97.43,2.96,2024-06-19 02:00:00,1.0091350000000001,0.0,0.0
2024,6,19,3,0.0,22.64,97.98,2.94,2024-06-19 03:00:00,1.01062,0.0,0.0
2024,6,19,4,0.0,22.3,98.74,2.8,2024-06-19 04:00:00,1.01215,0.0,0.0
2024,6,19,5,0.0,21.95,99.57,2.65,2024-06-19 05:00:00,1.013725,0.0,0.0
2024,6,19,6,58.28,23.09,94.78,2.91,2024-06-19 06:00:00,1.008595,5.878091659999999,5.878091659999999
2024,6,19,7,232.2,24.83,87.75,4.03,2024-06-19 07:00:00,1.000765,23.237763299999997,23.237763299999997
2024,6,19,8,417.77,26.18,82.05,4.47,2024-06-19 08:00:00,0.99469,41.55516413,41.55516413
2024,6,19,9,589.55,27.19,77.99,4.45,2024-06-19 09:00:00,0.9901449999999999,58.373998474999986,58.373998474999986
2024,6,19,10,690.38,27.95,74.8,4.37,2024-06-19 10:00:00,0.986725,68.12152055,68.12152055
2024,6,19,11,750.1,28.44,71.88,4.22,2024-06-19 11:00:00,0.98452,73.8488452,73.8488452
2024,6,19,12,754.83,28.73,69.37,4.05,2024-06-19 12:00:00,0.983215,74.216017845,74.216017845
2024,6,19,13,626.17,28.8,67.55,3.85,2024-06-19 13:00:00,0.9829,61.5462493,61.5462493
2024,6,19,14,474.4,28.51,67.7,3.7,2024-06-19 14:00:00,0.984205,46.6906852,46.6906852
2024,6,19,15,299.98,27.84,70.17,3.58,2024-06-19 15:00:00,0.98722,29.61462556,29.61462556
2024,6,19,16,125.2,26.66,76.71,3.23,2024-06-19 16:00:00,0.99253,12.426475600000002,12.426475600000002
2024,6,19,17,9.48,24.58,87.11,2.8,2024-06-19 17:00:00,1.00189,0.94979172,0.94979172
2024,6,19,18,0.0,23.55,90.22,2.95,2024-06-19 18:00:00,1.006525,0.0,0.0
2024,6,19,19,0.0,23.03,91.74,3.1,2024-06-19 19:00:00,1.008865,0.0,0.0
2024,6,19,20,0.0,22.73,92.78,3.08,2024-06-19 20:00:00,1.010215,0.0,0.0
2024,6,19,21,0.0,22.43,93.82,2.94,2024-06-19 21:00:00,1.011565,0.0,0.0
2024,6,19,22,0.0,22.16,94.74,2.85,2024-06-19 22:00:00,1.01278,0.0,0.0
2024,6,19,23,0.0,21.87,96.25,2.73,2024-06-19 23:00:00,1.014085,0.0,0.0
2024,6,20,0,0.0,21.58,97.57,2.68,2024-06-20 00:00:00,1.01539,0.0,0.0
2024,6,20,1,0.0,21.25,98.9,2.66,2024-06-20 01:00:00,1.016875,0.0,0.0
2024,6,20,2,0.0,20.99,99.65,2.69,2024-06-20 02:00:00,1.018045,0.0,0.0
2024,6,20,3,0.0,20.87,99.75,2.74,2024-06-20 03:00:00,1.018585,0.0,0.0
2024,6,20,4,0.0,20.75,99.36,2.76,2024-06-20 04:00:00,1.019125,0.0,0.0
2024,6,20,5,0.0,20.54,99.02,2.71,2024-06-20 05:00:00,1.02007,0.0,0.0
2024,6,20,6,67.05,22.09,94.83,2.57,2024-06-20 06:00:00,1.013095,6.792801975000001,6.792801975000001
2024,6,20,7,266.3,24.22,87.89,3.46,2024-06-20 07:00:00,1.00351,26.7234713,26.7234713
2024,6,20,8,483.25,25.95,80.55,3.81,2024-06-20 08:00:00,0.995725,48.118410625,48.118410625
2024,6,20,9,653.58,27.21,75.06,3.59,2024-06-20 09:00:00,0.990055,64.70801469,64.70801469
2024,6,20,10,747.78,28.11,72.16,3.35,2024-06-20 10:00:00,0.986005,73.73148189000001,73.73148189000001
2024,6,20,11,812.83,28.79,70.14,3.14,2024-06-20 11:00:00,0.982945,79.896718435,79.896718435
2024,6,20,12,781.25,29.19,68.86,3.1,2024-06-20 12:00:00,0.981145,76.651953125,76.651953125
2024,6,20,13,643.08,29.27,68.73,3.22,2024-06-20 13:00:00,0.980785,63.07232178000001,63.07232178000001
2024,6,20,14,461.17,28.94,69.5,3.4,2024-06-20 14:00:00,0.98227,45.29934559,45.29934559
2024,6,20,15,294.1,28.24,72.54,3.68,2024-06-20 15:00:00,0.98542,28.981202200000002,28.981202200000002
2024,6,20,16,124.32,26.94,79.88,3.49,2024-06-20 16:00:00,0.99127,12.32346864,12.32346864
2024,6,20,17,9.18,25.11,88.94,2.93,2024-06-20 17:00:00,0.999505,0.9175455899999999,0.9175455899999999
2024,6,20,18,0.0,24.31,91.03,3.08,2024-06-20 18:00:00,1.003105,0.0,0.0
2024,6,20,19,0.0,23.96,91.52,3.17,2024-06-20 19:00:00,1.00468,0.0,0.0
2024,6,20,20,0.0,23.63,92.19,3.06,2024-06-20 20:00:00,1.006165,0.0,0.0
2024,6,20,21,0.0,23.31,92.65,2.88,2024-06-20 21:00:00,1.007605,0.0,0.0
2024,6,20,22,0.0,23.03,92.91,2.86,2024-06-20 22:00:00,1.008865,0.0,0.0
2024,6,20,23,0.0,22.78,93.13,2.88,2024-06-20 23:00:00,1.00999,0.0,0.0
2024,6,21,0,0.0,22.45,93.36,2.91,2024-06-21 00:00:00,1.011475,0.0,0.0
2024,6,21,1,0.0,22.12,93.67,2.96,2024-06-21 01:00:00,1.01296,0.0,0.0
2024,6,21,2,0.0,21.8,94.11,2.99,2024-06-21 02:00:00,1.0144,0.0,0.0
2024,6,21,3,0.0,21.48,95.0,2.92,2024-06-21 03:00:00,1.01584,0.0,0.0
2024,6,21,4,0.0,21.17,96.18,2.8,2024-06-21 04:00:00,1.017235,0.0,0.0
2024,6,21,5,0.0,20.89,97.26,2.75,2024-06-21 05:00:00,1.018495,0.0,0.0
2024,6,21,6,67.22,22.26,92.74,2.98,2024-06-21 06:00:00,1.01233,6.80488226,6.80488226
2024,6,21,7,270.65,24.33,84.3,4.1,2024-06-21 07:00:00,1.003015,27.146600975000002,27.146600975000002
2024,6,21,8,493.48,25.85,78.0,4.37,2024-06-21 08:00:00,0.996175,49.15924390000001,49.15924390000001
2024,6,21,9,670.05,26.87,74.79,4.14,2024-06-21 09:00:00,0.991585,66.441152925,66.441152925
2024,6,21,10,760.67,27.68,72.77,4.13,2024-06-21 10:00:00,0.98794,75.14963198,75.14963198
2024,6,21,11,776.92,28.28,71.46,4.36,2024-06-21 11:00:00,0.98524,76.54526607999999,76.54526607999999
2024,6,21,12,744.88,28.65,70.56,4.61,2024-06-21 12:00:00,0.983575,73.2645346,73.2645346
2024,6,21,13,655.78,28.7,70.23,4.76,2024-06-21 13:00:00,0.9833500000000001,64.4861263,64.4861263
2024,6,21,14,469.2,28.45,70.32,4.74,2024-06-21 14:00:00,0.984475,46.191567,46.191567
2024,6,21,15,311.48,27.86,72.45,4.49,2024-06-21 15:00:00,0.98713,30.747125240000003,30.747125240000003
2024,6,21,16,130.15,26.76,78.62,3.72,2024-06-21 16:00:00,0.99208,12.911921200000002,12.911921200000002
2024,6,21,17,9.25,24.57,88.78,2.78,2024-06-21 17:00:00,1.001935,0.926789875,0.926789875
2024,6,21,18,0.0,23.54,91.22,2.74,2024-06-21 18:00:00,1.00657,0.0,0.0
2024,6,21,19,0.0,23.08,92.0,2.75,2024-06-21 19:00:00,1.00864,0.0,0.0
2024,6,21,20,0.0,22.7,92.72,2.81,2024-06-21 20:00:00,1.01035,0.0,0.0
2024,6,21,21,0.0,22.37,93.25,2.87,2024-06-21 21:00:00,1.011835,0.0,0.0
2024,6,21,22,0.0,22.04,93.92,2.88,2024-06-21 22:00:00,1.01332,0.0,0.0
2024,6,21,23,0.0,21.74,94.71,2.83,2024-06-21 23:00:00,1.01467,0.0,0.0
2024,6,22,0,0.0,21.43,95.82,2.81,2024-06-22 00:00:00,1.016065,0.0,0.0
2024,6,22,1,0.0,21.14,96.76,2.79,2024-06-22 01:00:00,1.01737,0.0,0.0
2024,6,22,2,0.0,20.92,97.3,2.79,2024-06-22 02:00:00,1.01836,0.0,0.0
2024,6,22,3,0.0,20.75,97.42,2.83,2024-06-22 03:00:00,1.019125,0.0,0.0
2024,6,22,4,0.0,20.52,97.85,2.89,2024-06-22 04:00:00,1.02016,0.0,0.0
2024,6,22,5,0.0,20.31,98.16,2.93,2024-06-22 05:00:00,1.021105,0.0,0.0
2024,6,22,6,60.25,21.94,92.46,2.86,2024-06-22 06:00:00,1.01377,6.10796425,6.10796425
2024,6,22,7,251.65,24.29,82.76,4.09,2024-06-22 07:00:00,1.003195,25.245402175000002,25.245402175000002
2024,6,22,8,456.9,25.73,76.3,4.79,2024-06-22 08:00:00,0.996715,45.53990835,45.53990835
2024,6,22,9,577.92,26.74,72.53,4.89,2024-06-22 09:00:00,0.99217,57.33948864,57.33948864
2024,6,22,10,670.7,27.48,70.04,4.96,2024-06-22 10:00:00,0.98884,66.32149880000001,66.32149880000001
2024,6,22,11,703.2,28.03,68.23,5.06,2024-06-22 11:00:00,0.986365,69.36118680000001,69.36118680000001
2024,6,22,12,672.83,28.35,67.4,5.07,2024-06-22 12:00:00,0.984925,66.26870877500001,66.26870877500001
2024,6,22,13,575.17,28.36,67.83,4.99,2024-06-22 13:00:00,0.98488,56.647342959999996,56.647342959999996
2024,6,22,14,424.42,27.97,69.4,4.83,2024-06-22 14:00:00,0.986635,41.87476267,41.87476267
2024,6,22,15,272.1,27.28,72.94,4.57,2024-06-22 15:00:00,0.98974,26.9308254,26.9308254
2024,6,22,16,120.32,26.05,80.37,3.91,2024-06-22 16:00:00,0.995275,11.9751488,11.9751488
2024,6,22,17,9.38,24.11,90.06,2.89,2024-06-22 17:00:00,1.004005,0.9417566900000002,0.9417566900000002
2024,6,22,18,0.0,23.3,92.71,2.78,2024-06-22 18:00:00,1.00765,0.0,0.0
2024,6,22,19,0.0,23.01,93.43,2.72,2024-06-22 19:00:00,1.008955,0.0,0.0
2024,6,22,20,0.0,22.71,93.97,2.68,2024-06-22 20:00:00,1.010305,0.0,0.0
2024,6,22,21,0.0,22.38,94.64,2.67,2024-06-22 21:00:00,1.01179,0.0,0.0
2024,6,22,22,0.0,22.06,95.39,2.67,2024-06-22 22:00:00,1.01323,0.0,0.0
2024,6,22,23,0.0,21.75,96.19,2.69,2024-06-22 23:00:00,1.014625,0.0,0.0
2024,6,23,0,0.0,21.46,97.08,2.69,2024-06-23 00:00:00,1.01593,0.0,0.0
2024,6,23,1,0.0,21.2,98.21,2.67,2024-06-23 01:00:00,1.0171,0.0,0.0
2024,6,23,2,0.0,21.01,99.19,2.69,2024-06-23 02:00:00,1.017955,0.0,0.0
2024,6,23,3,0.0,20.88,100.0,2.74,2024-06-23 03:00:00,1.01854,0.0,0.0
2024,6,23,4,0.0,20.84,100.0,2.77,2024-06-23 04:00:00,1.01872,0.0,0.0
2024,6,23,5,0.0,20.87,100.0,2.82,2024-06-23 05:00:00,1.018585,0.0,0.0
2024,6,23,6,43.97,22.57,94.11,2.97,2024-06-23 06:00:00,1.010935,4.445081195,4.445081195
2024,6,23,7,176.82,24.77,86.03,4.13,2024-06-23 07:00:00,1.001035,17.70030087,17.70030087
2024,6,23,8,320.62,26.23,79.87,4.79,2024-06-23 08:00:00,0.994465,31.884536830000005,31.884536830000005
2024,6,23,9,471.85,27.25,75.85,4.75,2024-06-23 09:00:00,0.989875,46.707251875,46.707251875
2024,6,23,10,510.33,27.99,73.63,4.6,2024-06-23 10:00:00,0.986545,50.346350984999994,50.346350984999994
2024,6,23,11,572.38,28.55,72.08,4.53,2024-06-23 11:00:00,0.984025,56.32362295,56.32362295
2024,6,23,12,538.53,28.78,71.49,4.4,2024-06-23 12:00:00,0.98299,52.936960469999995,52.936960469999995
2024,6,23,13,488.3,28.52,72.99,4.29,2024-06-23 13:00:00,0.98416,48.0565328,48.0565328
2024,6,23,14,303.95,27.96,75.78,4.23,2024-06-23 14:00:00,0.98668,29.990138599999998,29.990138599999998
2024,6,23,15,193.02,27.16,79.66,4.2,2024-06-23 15:00:00,0.99028,19.11438456,19.11438456
2024,6,23,16,80.15,26.12,85.31,3.94,2024-06-23 16:00:00,0.99496,7.9746044000000005,7.9746044000000005
2024,6,23,17,5.75,24.8,91.32,3.44,2024-06-23 17:00:00,1.0009,0.5755174999999999,0.5755174999999999
2024,6,23,18,0.0,24.28,92.7,3.61,2024-06-23 18:00:00,1.00324,0.0,0.0
2024,6,23,19,0.0,24.07,93.12,3.74,2024-06-23 19:00:00,1.004185,0.0,0.0
2024,6,23,20,0.0,23.92,93.5,3.8,2024-06-23 20:00:00,1.00486,0.0,0.0
2024,6,23,21,0.0,23.77,93.67,3.75,2024-06-23 21:00:00,1.005535,0.0,0.0
2024,6,23,22,0.0,23.57,94.16,3.56,2024-06-23 22:00:00,1.006435,0.0,0.0
2024,6,23,23,0.0,23.39,94.58,3.3,2024-06-23 23:00:00,1.007245,0.0,0.0
2024,6,24,0,0.0,23.2,95.14,3.04,2024-06-24 00:00:00,1.0081,0.0,0.0
2024,6,24,1,0.0,23.07,95.4,2.93,2024-06-24 01:00:00,1.008685,0.0,0.0
2024,6,24,2,0.0,22.92,95.96,2.68,2024-06-24 02:00:00,1.00936,0.0,0.0
2024,6,24,3,0.0,22.81,96.43,2.52,2024-06-24 03:00:00,1.009855,0.0,0.0
2024,6,24,4,0.0,22.76,96.58,2.42,2024-06-24 04:00:00,1.01008,0.0,0.0
2024,6,24,5,0.0,22.72,96.69,2.36,2024-06-24 05:00:00,1.01026,0.0,0.0
2024,6,24,6,33.17,23.57,95.26,2.64,2024-06-24 06:00:00,1.006435,3.3383448950000005,3.3383448950000005
2024,6,24,7,130.2,24.7,92.07,3.51,2024-06-24 07:00:00,1.00135,13.037576999999997,13.037576999999997
2024,6,24,8,244.35,25.81,87.52,4.3,2024-06-24 08:00:00,0.996355,24.345934425,24.345934425
2024,6,24,9,345.02,26.79,82.27,4.69,2024-06-24 09:00:00,0.991945,34.224086390000004,34.224086390000004
2024,6,24,10,346.75,27.56,78.93,4.73,2024-06-24 10:00:00,0.98848,34.275544,34.275544
2024,6,24,11,380.62,28.21,76.88,4.77,2024-06-24 11:00:00,0.985555,37.512194410000006,37.512194410000006
2024,6,24,12,301.4,28.81,75.23,4.91,2024-06-24 12:00:00,0.982855,29.623249700000002,29.623249700000002
2024,6,24,13,353.12,28.64,75.94,5.09,2024-06-24 13:00:00,0.98362,34.73358944,34.73358944
2024,6,24,14,282.1,28.1,78.23,5.06,2024-06-24 14:00:00,0.98605,27.8164705,27.8164705
2024,6,24,15,167.32,27.38,81.35,4.6,2024-06-24 15:00:00,0.98929,16.55280028,16.55280028
2024,6,24,16,60.25,26.34,86.73,3.82,2024-06-24 16:00:00,0.99397,5.988669249999999,5.988669249999999
2024,6,24,17,7.43,25.05,92.72,2.89,2024-06-24 17:00:00,0.999775,0.7428328249999999,0.7428328249999999
2024,6,24,18,0.0,24.47,94.17,2.91,2024-06-24 18:00:00,1.002385,0.0,0.0
2024,6,24,19,0.0,24.21,94.53,3.1,2024-06-24 19:00:00,1.003555,0.0,0.0
2024,6,24,20,0.0,24.01,94.73,3.17,2024-06-24 20:00:00,1.004455,0.0,0.0
2024,6,24,21,0.0,23.84,94.84,3.27,2024-06-24 21:00:00,1.00522,0.0,0.0
2024,6,24,22,0.0,23.64,94.87,3.26,2024-06-24 22:00:00,1.00612,0.0,0.0
2024,6,24,23,0.0,23.43,94.97,3.17,2024-06-24 23:00:00,1.007065,0.0,0.0
2024,6,25,0,0.0,23.22,95.1,3.07,2024-06-25 00:00:00,1.00801,0.0,0.0
2024,6,25,1,0.0,23.01,95.28,2.97,2024-06-25 01:00:00,1.008955,0.0,0.0
2024,6,25,2,0.0,22.8,95.46,2.85,2024-06-25 02:00:00,1.0099,0.0,0.0
2024,6,25,3,0.0,22.56,95.9,2.72,2024-06-25 03:00:00,1.01098,0.0,0.0
2024,6,25,4,0.0,22.4,96.11,2.61,2024-06-25 04:00:00,1.0117,0.0,0.0
2024,6,25,5,0.0,22.28,96.11,2.54,2024-06-25 05:00:00,1.01224,0.0,0.0
2024,6,25,6,49.35,23.41,94.27,2.82,2024-06-25 06:00:00,1.007155,4.970309925,4.970309925
2024,6,25,7,219.15,24.9,89.95,3.8,2024-06-25 07:00:00,1.00045,21.924861750000005,21.924861750000005
2024,6,25,8,424.12,26.39,83.59,4.02,2024-06-25 08:00:00,0.993745,42.14671294,42.14671294
2024,6,25,9,546.35,27.66,78.02,3.62,2024-06-25 09:00:00,0.98803,53.98101904999999,53.98101904999999
2024,6,25,10,589.9,28.62,75.08,3.11,2024-06-25 10:00:00,0.98371,58.029052899999996,58.029052899999996
2024,6,25,11,548.03,29.26,73.05,2.57,2024-06-25 11:00:00,0.98083,53.752426490000005,53.752426490000005
2024,6,25,12,514.78,29.7,71.2,2.02,2024-06-25 12:00:00,0.97885,50.389240300000004,50.389240300000004
2024,6,25,13,470.98,29.91,69.8,1.62,2024-06-25 13:00:00,0.977905,46.05736969,46.05736969
2024,6,25,14,368.65,29.32,71.73,1.59,2024-06-25 14:00:00,0.98056,36.14834439999999,36.14834439999999
2024,6,25,15,219.85,28.39,76.4,1.91,2024-06-25 15:00:00,0.984745,21.649618824999997,21.649618824999997
2024,6,25,16,91.78,27.27,83.9,2.0,2024-06-25 16:00:00,0.989785,9.08424673,9.08424673
2024,6,25,17,8.15,25.84,90.42,1.97,2024-06-25 17:00:00,0.99622,0.8119193,0.8119193
2024,6,25,18,0.0,25.01,94.18,1.88,2024-06-25 18:00:00,0.999955,0.0,0.0
2024,6,25,19,0.0,24.63,95.11,1.94,2024-06-25 19:00:00,1.001665,0.0,0.0
2024,6,25,20,0.0,24.28,95.83,2.04,2024-06-25 20:00:00,1.00324,0.0,0.0
2024,6,25,21,0.0,24.03,96.03,2.15,2024-06-25 21:00:00,1.004365,0.0,0.0
2024,6,25,22,0.0,23.78,96.26,2.19,2024-06-25 22:00:00,1.00549,0.0,0.0
2024,6,25,23,0.0,23.55,96.41,2.23,2024-06-25 23:00:00,1.006525,0.0,0.0
2024,6,26,0,0.0,23.33,96.55,2.3,2024-06-26 00:00:00,1.007515,0.0,0.0
2024,6,26,1,0.0,23.1,96.69,2.37,2024-06-26 01:00:00,1.00855,0.0,0.0
2024,6,26,2,0.0,22.86,96.83,2.42,2024-06-26 02:00:00,1.00963,0.0,0.0
2024,6,26,3,0.0,22.7,96.8,2.46,2024-06-26 03:00:00,1.01035,0.0,0.0
2024,6,26,4,0.0,22.55,96.78,2.43,2024-06-26 04:00:00,1.011025,0.0,0.0
2024,6,26,5,0.0,22.39,96.86,2.4,2024-06-26 05:00:00,1.011745,0.0,0.0
2024,6,26,6,47.97,23.41,95.1,2.94,2024-06-26 06:00:00,1.007155,4.831322535,4.831322535
2024,6,26,7,226.27,24.85,91.03,3.79,2024-06-26 07:00:00,1.000675,22.642273224999997,22.642273224999997
2024,6,26,8,447.88,26.49,84.17,3.77,2024-06-26 08:00:00,0.993295,44.487696459999995,44.487696459999995
2024,6,26,9,612.38,28.03,77.49,3.23,2024-06-26 09:00:00,0.986365,60.40301987000001,60.40301987000001
2024,6,26,10,676.8,29.2,73.34,2.72,2024-06-26 10:00:00,0.9811,66.400848,66.400848
2024,6,26,11,720.17,29.98,70.43,2.34,2024-06-26 11:00:00,0.97759,70.40309902999999,70.40309902999999
2024,6,26,12,719.83,30.35,68.75,1.96,2024-06-26 12:00:00,0.975925,70.25000927500001,70.25000927500001
2024,6,26,13,620.9,30.44,68.27,1.63,2024-06-26 13:00:00,0.9755199999999999,60.5700368,60.5700368
2024,6,26,14,476.35,30.26,68.73,1.41,2024-06-26 14:00:00,0.97633,46.50747955,46.50747955
2024,6,26,15,296.2,29.81,70.43,1.36,2024-06-26 15:00:00,0.978355,28.978875099999996,28.978875099999996
2024,6,26,16,128.6,29.09,75.41,1.35,2024-06-26 16:00:00,0.981595,12.623311699999999,12.623311699999999
2024,6,26,17,9.9,27.57,84.36,1.36,2024-06-26 17:00:00,0.988435,0.9785506500000001,0.9785506500000001
2024,6,26,18,0.0,26.33,90.51,1.61,2024-06-26 18:00:00,0.994015,0.0,0.0
2024,6,26,19,0.0,25.65,92.76,1.76,2024-06-26 19:00:00,0.997075,0.0,0.0
2024,6,26,20,0.0,25.1,93.88,1.83,2024-06-26 20:00:00,0.9995499999999999,0.0,0.0
2024,6,26,21,0.0,24.66,94.83,1.85,2024-06-26 21:00:00,1.00153,0.0,0.0
2024,6,26,22,0.0,24.33,95.68,1.85,2024-06-26 22:00:00,1.003015,0.0,0.0
2024,6,26,23,0.0,24.18,96.12,1.81,2024-06-26 23:00:00,1.00369,0.0,0.0
2024,6,27,0,0.0,24.1,96.45,1.74,2024-06-27 00:00:00,1.0040499999999999,0.0,0.0
2024,6,27,1,0.0,24.03,96.75,1.68,2024-06-27 01:00:00,1.004365,0.0,0.0
2024,6,27,2,0.0,23.95,96.82,1.65,2024-06-27 02:00:00,1.004725,0.0,0.0
2024,6,27,3,0.0,23.84,96.72,1.66,2024-06-27 03:00:00,1.00522,0.0,0.0
2024,6,27,4,0.0,23.71,96.59,1.65,2024-06-27 04:00:00,1.005805,0.0,0.0
2024,6,27,5,0.0,23.58,96.31,1.6,2024-06-27 05:00:00,1.0063900000000001,0.0,0.0
2024,6,27,6,62.08,24.39,95.68,1.46,2024-06-27 06:00:00,1.002745,6.225040959999999,6.225040959999999
2024,6,27,7,258.55,26.11,89.4,1.78,2024-06-27 07:00:00,0.995005,25.725854275,25.725854275
2024,6,27,8,471.92,27.5,83.79,1.63,2024-06-27 08:00:00,0.98875,46.66109,46.66109
2024,6,27,9,635.45,28.83,78.03,1.32,2024-06-27 09:00:00,0.982765,62.44980192500001,62.44980192500001
2024,6,27,10,711.35,29.85,73.65,0.88,2024-06-27 10:00:00,0.978175,69.58247862500001,69.58247862500001
2024,6,27,11,731.45,30.49,70.23,0.67,2024-06-27 11:00:00,0.975295,71.337952775,71.337952775
2024,6,27,12,714.62,30.76,68.44,0.74,2024-06-27 12:00:00,0.97408,69.60970496,69.60970496
2024,6,27,13,573.28,30.68,68.14,0.83,2024-06-27 13:00:00,0.97444,55.862696320000005,55.862696320000005
2024,6,27,14,451.73,30.43,68.75,0.82,2024-06-27 14:00:00,0.975565,44.069197745000004,44.069197745000004
2024,6,27,15,281.8,29.9,70.47,0.69,2024-06-27 15:00:00,0.97795,27.558631,27.558631
2024,6,27,16,116.65,29.22,74.44,0.32,2024-06-27 16:00:00,0.98101,11.44348165,11.44348165
2024,6,27,17,8.75,28.16,77.59,0.03,2024-06-27 17:00:00,0.98578,0.8625575000000001,0.8625575000000001
2024,6,27,18,0.0,27.13,83.29,0.67,2024-06-27 18:00:00,0.990415,0.0,0.0
2024,6,27,19,0.0,26.09,87.66,1.2,2024-06-27 19:00:00,0.995095,0.0,0.0
2024,6,27,20,0.0,25.25,92.2,1.51,2024-06-27 20:00:00,0.998875,0.0,0.0
2024,6,27,21,0.0,24.68,94.57,1.7,2024-06-27 21:00:00,1.00144,0.0,0.0
2024,6,27,22,0.0,24.29,95.79,1.78,2024-06-27 22:00:00,1.003195,0.0,0.0
2024,6,27,23,0.0,24.01,96.58,1.84,2024-06-27 23:00:00,1.004455,0.0,0.0
2024,6,28,0,0.0,23.83,97.19,1.87,2024-06-28 00:00:00,1.005265,0.0,0.0
2024,6,28,1,0.0,23.67,97.51,1.93,2024-06-28 01:00:00,1.005985,0.0,0.0
2024,6,28,2,0.0,23.54,97.6,2.0,2024-06-28 02:00:00,1.00657,0.0,0.0
2024,6,28,3,0.0,23.41,97.62,2.08,2024-06-28 03:00:00,1.007155,0.0,0.0
2024,6,28,4,0.0,23.28,97.65,2.12,2024-06-28 04:00:00,1.00774,0.0,0.0
2024,6,28,5,0.0,23.17,97.46,2.11,2024-06-28 05:00:00,1.008235,0.0,0.0
2024,6,28,6,54.85,24.28,96.26,2.24,2024-06-28 06:00:00,1.00324,5.502771399999999,5.502771399999999
2024,6,28,7,239.7,25.62,92.45,2.92,2024-06-28 07:00:00,0.99721,23.9031237,23.9031237
2024,6,28,8,444.12,26.91,86.78,2.94,2024-06-28 08:00:00,0.991405,44.030278859999996,44.030278859999996
2024,6,28,9,579.67,28.26,80.14,2.78,2024-06-28 09:00:00,0.98533,57.11662411,57.11662411
2024,6,28,10,637.78,29.21,75.5,2.59,2024-06-28 10:00:00,0.981055,62.56972579,62.56972579
2024,6,28,11,693.05,29.79,72.97,2.36,2024-06-28 11:00:00,0.978445,67.811130725,67.811130725
2024,6,28,12,628.12,30.1,71.63,2.14,2024-06-28 12:00:00,0.97705,61.3704646,61.3704646
2024,6,28,13,543.17,30.2,71.12,2.08,2024-06-28 13:00:00,0.9766,53.0459822,53.0459822
2024,6,28,14,416.17,29.95,72.0,2.24,2024-06-28 14:00:00,0.977725,40.689981325000005,40.689981325000005
2024,6,28,15,256.7,29.24,75.23,2.74,2024-06-28 15:00:00,0.98092,25.1802164,25.1802164
2024,6,28,16,104.1,27.89,83.32,2.91,2024-06-28 16:00:00,0.986995,10.27461795,10.27461795
2024,6,28,17,9.38,26.2,91.48,2.56,2024-06-28 17:00:00,0.9946,0.9329348000000002,0.9329348000000002
2024,6,28,18,0.0,25.44,94.39,2.57,2024-06-28 18:00:00,0.99802,0.0,0.0
2024,6,28,19,0.0,25.13,95.4,2.78,2024-06-28 19:00:00,0.999415,0.0,0.0
2024,6,28,20,0.0,24.93,96.06,2.83,2024-06-28 20:00:00,1.000315,0.0,0.0
2024,6,28,21,0.0,24.78,96.51,2.74,2024-06-28 21:00:00,1.00099,0.0,0.0
2024,6,28,22,0.0,24.63,96.77,2.56,2024-06-28 22:00:00,1.001665,0.0,0.0
2024,6,28,23,0.0,24.44,96.99,2.31,2024-06-28 23:00:00,1.00252,0.0,0.0
2024,6,29,0,0.0,24.23,97.09,2.16,2024-06-29 00:00:00,1.003465,0.0,0.0
2024,6,29,1,0.0,24.07,97.09,2.07,2024-06-29 01:00:00,1.004185,0.0,0.0
2024,6,29,2,0.0,23.94,97.13,2.06,2024-06-29 02:00:00,1.00477,0.0,0.0
2024,6,29,3,0.0,23.91,96.94,2.12,2024-06-29 03:00:00,1.004905,0.0,0.0
2024,6,29,4,0.0,23.88,96.87,2.17,2024-06-29 04:00:00,1.00504,0.0,0.0
2024,6,29,5,0.0,23.86,96.84,2.22,2024-06-29 05:00:00,1.00513,0.0,0.0
2024,6,29,6,49.9,24.56,95.58,2.71,2024-06-29 06:00:00,1.00198,4.999880200000001,4.999880200000001
2024,6,29,7,228.55,25.6,92.78,3.55,2024-06-29 07:00:00,0.9973,22.7932915,22.7932915
2024,6,29,8,426.58,26.56,89.2,3.96,2024-06-29 08:00:00,0.99298,42.358540839999996,42.358540839999996
2024,6,29,9,550.15,27.58,84.38,4.15,2024-06-29 09:00:00,0.98839,54.37627585,54.37627585
2024,6,29,10,542.42,28.49,80.11,4.17,2024-06-29 10:00:00,0.984295,53.390129390000006,53.390129390000006
2024,6,29,11,555.45,29.05,77.95,4.22,2024-06-29 11:00:00,0.981775,54.532692374999996,54.532692374999996
2024,6,29,12,513.15,29.04,78.24,4.36,2024-06-29 12:00:00,0.98182,50.3820933,50.3820933
2024,6,29,13,451.62,28.74,79.67,4.5,2024-06-29 13:00:00,0.98317,44.40192354,44.40192354
2024,6,29,14,322.15,28.18,81.9,4.72,2024-06-29 14:00:00,0.98569,31.754003349999994,31.754003349999994
2024,6,29,15,203.55,27.38,85.53,4.84,2024-06-29 15:00:00,0.98929,20.13699795,20.13699795
2024,6,29,16,85.95,26.49,90.01,4.54,2024-06-29 16:00:00,0.993295,8.537370525000002,8.537370525000002
2024,6,29,17,7.62,25.54,93.68,4.07,2024-06-29 17:00:00,0.99757,0.76014834,0.76014834
2024,6,29,18,0.0,25.13,94.58,4.32,2024-06-29 18:00:00,0.999415,0.0,0.0
2024,6,29,19,0.0,24.95,94.79,4.65,2024-06-29 19:00:00,1.000225,0.0,0.0
2024,6,29,20,0.0,24.73,95.27,4.72,2024-06-29 20:00:00,1.001215,0.0,0.0
2024,6,29,21,0.0,24.51,95.54,4.45,2024-06-29 21:00:00,1.002205,0.0,0.0
2024,6,29,22,0.0,24.28,95.61,3.95,2024-06-29 22:00:00,1.00324,0.0,0.0
2024,6,29,23,0.0,24.02,95.85,3.24,2024-06-29 23:00:00,1.00441,0.0,0.0
2024,6,30,0,0.0,23.72,96.35,2.89,2024-06-30 00:00:00,1.00576,0.0,0.0
2024,6,30,1,0.0,23.45,96.8,2.81,2024-06-30 01:00:00,1.006975,0.0,0.0
2024,6,30,2,0.0,23.26,96.99,2.82,2024-06-30 02:00:00,1.00783,0.0,0.0
2024,6,30,3,0.0,23.11,96.99,2.76,2024-06-30 03:00:00,1.008505,0.0,0.0
2024,6,30,4,0.0,22.93,97.17,2.52,2024-06-30 04:00:00,1.009315,0.0,0.0
2024,6,30,5,0.0,22.78,97.2,2.37,2024-06-30 05:00:00,1.00999,0.0,0.0
2024,6,30,6,46.12,23.79,95.18,2.68,2024-06-30 06:00:00,1.005445,4.637112339999999,4.637112339999999
2024,6,30,7,207.93,25.19,91.0,3.64,2024-06-30 07:00:00,0.999145,20.775221984999998,20.775221984999998
2024,6,30,8,388.3,26.56,84.9,4.03,2024-06-30 08:00:00,0.99298,38.5574134,38.5574134
2024,6,30,9,571.65,27.82,78.69,3.89,2024-06-30 09:00:00,0.98731,56.43957615,56.43957615
2024,6,30,10,640.3,28.77,75.0,3.78,2024-06-30 10:00:00,0.983035,62.943731050000004,62.943731050000004
2024,6,30,11,729.0,29.42,72.66,3.75,2024-06-30 11:00:00,0.98011,71.450019,71.450019
2024,6,30,12,715.38,29.7,71.58,3.77,2024-06-30 12:00:00,0.97885,70.02497129999999,70.02497129999999
2024,6,30,13,608.33,29.57,71.95,3.7,2024-06-30 13:00:00,0.9794350000000001,59.581969355000005,59.581969355000005
2024,6,30,14,457.77,29.27,73.2,3.67,2024-06-30 14:00:00,0.980785,44.897394944999995,44.897394944999995
2024,6,30,15,291.0,28.35,78.25,3.62,2024-06-30 15:00:00,0.984925,28.6613175,28.6613175
2024,6,30,16,123.93,27.11,85.36,3.52,2024-06-30 16:00:00,0.990505,12.275328465,12.275328465
2024,6,30,17,11.15,25.58,92.58,3.11,2024-06-30 17:00:00,0.99739,1.11208985,1.11208985
2024,6,30,18,0.0,24.9,94.85,3.35,2024-06-30 18:00:00,1.00045,0.0,0.0
2024,6,30,19,0.0,24.64,95.6,3.41,2024-06-30 19:00:00,1.00162,0.0,0.0
2024,6,30,20,0.0,24.51,95.95,3.34,2024-06-30 20:00:00,1.002205,0.0,0.0
2024,6,30,21,0.0,24.41,96.03,3.21,2024-06-30 21:00:00,1.002655,0.0,0.0
2024,6,30,22,0.0,24.26,96.18,3.1,2024-06-30 22:00:00,1.00333,0.0,0.0
2024,6,30,23,0.0,24.09,96.28,2.96,2024-06-30 23:00:00,1.004095,0.0,0.0
2024,7,1,0,0.0,23.89,96.61,2.77,2024-07-01 00:00:00,1.004995,0.0,0.0
2024,7,1,1,0.0,23.7,96.74,2.67,2024-07-01 01:00:00,1.00585,0.0,0.0
2024,7,1,2,0.0,23.58,96.51,2.76,2024-07-01 02:00:00,1.0063900000000001,0.0,0.0
2024,7,1,3,0.0,23.47,96.38,2.75,2024-07-01 03:00:00,1.006885,0.0,0.0
2024,7,1,4,0.0,23.23,96.54,2.51,2024-07-01 04:00:00,1.007965,0.0,0.0
2024,7,1,5,0.0,22.94,96.72,2.39,2024-07-01 05:00:00,1.00927,0.0,0.0
2024,7,1,6,49.67,23.88,95.39,2.66,2024-07-01 06:00:00,1.00504,4.99203368,4.99203368
2024,7,1,7,233.23,25.12,92.05,3.43,2024-07-01 07:00:00,0.99946,23.31040558,23.31040558
2024,7,1,8,432.45,26.33,86.82,3.45,2024-07-01 08:00:00,0.994015,42.986178675,42.986178675
2024,7,1,9,591.6,27.5,81.42,3.08,2024-07-01 09:00:00,0.98875,58.49445000000001,58.49445000000001
2024,7,1,10,679.5,28.32,77.65,2.74,2024-07-01 10:00:00,0.98506,66.93482700000001,66.93482700000001
2024,7,1,11,688.83,28.47,76.2,2.53,2024-07-01 11:00:00,0.984385,67.807391955,67.807391955
2024,7,1,12,678.6,28.53,75.56,2.45,2024-07-01 12:00:00,0.984115,66.78204389999999,66.78204389999999
2024,7,1,13,506.17,28.57,74.93,2.48,2024-07-01 13:00:00,0.983935,49.80383789500001,49.80383789500001
2024,7,1,14,393.15,28.35,75.46,2.63,2024-07-01 14:00:00,0.984925,38.722326375,38.722326375
2024,7,1,15,245.15,27.69,78.81,2.79,2024-07-01 15:00:00,0.987895,24.218245925,24.218245925
2024,7,1,16,110.2,26.73,84.69,2.72,2024-07-01 16:00:00,0.992215,10.934209300000001,10.934209300000001
2024,7,1,17,9.65,25.44,91.93,2.29,2024-07-01 17:00:00,0.99802,0.9630893000000001,0.9630893000000001
2024,7,1,18,0.0,24.81,94.29,2.36,2024-07-01 18:00:00,1.000855,0.0,0.0
2024,7,1,19,0.0,24.58,94.66,2.61,2024-07-01 19:00:00,1.00189,0.0,0.0
2024,7,1,20,0.0,24.42,95.05,2.8,2024-07-01 20:00:00,1.00261,0.0,0.0
2024,7,1,21,0.0,24.32,95.26,2.93,2024-07-01 21:00:00,1.00306,0.0,0.0
2024,7,1,22,0.0,24.3,95.0,3.09,2024-07-01 22:00:00,1.00315,0.0,0.0
2024,7,1,23,0.0,24.17,95.26,3.11,2024-07-01 23:00:00,1.003735,0.0,0.0
2024,7,2,0,0.0,24.07,95.53,3.11,2024-07-02 00:00:00,1.004185,0.0,0.0
2024,7,2,1,0.0,23.91,96.01,2.97,2024-07-02 01:00:00,1.004905,0.0,0.0
2024,7,2,2,0.0,23.84,96.2,2.87,2024-07-02 02:00:00,1.00522,0.0,0.0
2024,7,2,3,0.0,23.76,96.52,2.77,2024-07-02 03:00:00,1.00558,0.0,0.0
2024,7,2,4,0.0,23.74,96.61,2.58,2024-07-02 04:00:00,1.00567,0.0,0.0
2024,7,2,5,0.0,23.73,96.51,2.36,2024-07-02 05:00:00,1.005715,0.0,0.0
2024,7,2,6,46.72,24.05,95.76,2.33,2024-07-02 06:00:00,1.004275,4.6919728,4.6919728
2024,7,2,7,199.68,24.85,92.91,3.01,2024-07-02 07:00:00,1.000675,19.9814784,19.9814784
2024,7,2,8,381.88,25.54,90.56,3.27,2024-07-02 08:00:00,0.99757,38.095203160000004,38.095203160000004
2024,7,2,9,537.78,26.36,86.79,3.18,2024-07-02 09:00:00,0.99388,53.44887863999999,53.44887863999999
2024,7,2,10,566.7,27.3,82.25,2.75,2024-07-02 10:00:00,0.98965,56.08346550000001,56.08346550000001
2024,7,2,11,523.42,28.16,78.25,2.37,2024-07-02 11:00:00,0.98578,51.59769676,51.59769676
2024,7,2,12,477.6,28.61,76.21,2.11,2024-07-02 12:00:00,0.983755,46.984138800000004,46.984138800000004
2024,7,2,13,380.17,29.01,74.57,1.98,2024-07-02 13:00:00,0.981955,37.330983235000005,37.330983235000005
2024,7,2,14,297.67,28.71,75.82,2.08,2024-07-02 14:00:00,0.983305,29.270039935,29.270039935
2024,7,2,15,189.07,27.96,80.28,2.35,2024-07-02 15:00:00,0.98668,18.65515876,18.65515876
2024,7,2,16,84.5,26.99,86.22,2.4,2024-07-02 16:00:00,0.991045,8.37433025,8.37433025
2024,7,2,17,8.65,25.7,92.48,2.24,2024-07-02 17:00:00,0.99685,0.86227525,0.86227525
2024,7,2,18,0.0,25.03,94.49,2.42,2024-07-02 18:00:00,0.999865,0.0,0.0
2024,7,2,19,0.0,24.7,94.9,2.72,2024-07-02 19:00:00,1.00135,0.0,0.0
2024,7,2,20,0.0,24.38,95.41,2.83,2024-07-02 20:00:00,1.00279,0.0,0.0
2024,7,2,21,0.0,24.15,95.77,2.88,2024-07-02 21:00:00,1.003825,0.0,0.0
2024,7,2,22,0.0,23.93,96.11,2.81,2024-07-02 22:00:00,1.004815,0.0,0.0
2024,7,2,23,0.0,23.74,96.4,2.67,2024-07-02 23:00:00,1.00567,0.0,0.0
2024,7,3,0,0.0,23.59,96.8,2.63,2024-07-03 00:00:00,1.006345,0.0,0.0
2024,7,3,1,0.0,23.49,97.02,2.67,2024-07-03 01:00:00,1.006795,0.0,0.0
2024,7,3,2,0.0,23.39,97.14,2.72,2024-07-03 02:00:00,1.007245,0.0,0.0
2024,7,3,3,0.0,23.21,97.21,2.72,2024-07-03 03:00:00,1.008055,0.0,0.0
2024,7,3,4,0.0,23.02,97.15,2.63,2024-07-03 04:00:00,1.00891,0.0,0.0
2024,7,3,5,0.0,22.86,96.97,2.56,2024-07-03 05:00:00,1.00963,0.0,0.0
2024,7,3,6,51.45,23.92,95.24,2.95,2024-07-03 06:00:00,1.00486,5.170004700000001,5.170004700000001
2024,7,3,7,230.02,25.29,91.52,4.04,2024-07-03 07:00:00,0.998695,22.971982389999997,22.971982389999997
2024,7,3,8,433.67,26.63,84.93,4.82,2024-07-03 08:00:00,0.992665,43.048903055,43.048903055
2024,7,3,9,588.83,27.86,78.93,4.99,2024-07-03 09:00:00,0.98713,58.12517579000001,58.12517579000001
2024,7,3,10,685.03,28.65,75.91,5.08,2024-07-03 10:00:00,0.983575,67.377838225,67.377838225
2024,7,3,11,702.15,29.12,74.28,5.14,2024-07-03 11:00:00,0.98146,68.91321389999999,68.91321389999999
2024,7,3,12,633.12,29.22,73.85,5.08,2024-07-03 12:00:00,0.98101,62.10970512000001,62.10970512000001
2024,7,3,13,568.03,29.05,74.35,4.96,2024-07-03 13:00:00,0.981775,55.767765324999985,55.767765324999985
2024,7,3,14,384.98,28.45,76.61,4.67,2024-07-03 14:00:00,0.984475,37.90031855,37.90031855
2024,7,3,15,238.8,27.63,81.04,4.13,2024-07-03 15:00:00,0.988165,23.5973802,23.5973802
2024,7,3,16,103.72,26.67,87.05,3.4,2024-07-03 16:00:00,0.992485,10.29405442,10.29405442
2024,7,3,17,9.12,25.35,93.65,2.6,2024-07-03 17:00:00,0.998425,0.9105635999999999,0.9105635999999999
2024,7,3,18,0.0,24.71,95.8,2.6,2024-07-03 18:00:00,1.001305,0.0,0.0
2024,7,3,19,0.0,24.4,96.75,2.59,2024-07-03 19:00:00,1.0027,0.0,0.0
2024,7,3,20,0.0,24.19,97.4,2.53,2024-07-03 20:00:00,1.003645,0.0,0.0
2024,7,3,21,0.0,24.01,97.74,2.42,2024-07-03 21:00:00,1.004455,0.0,0.0
2024,7,3,22,0.0,23.79,98.14,2.34,2024-07-03 22:00:00,1.005445,0.0,0.0
2024,7,3,23,0.0,23.7,97.85,2.4,2024-07-03 23:00:00,1.00585,0.0,0.0
2024,7,4,0,0.0,23.65,97.72,2.43,2024-07-04 00:00:00,1.006075,0.0,0.0
2024,7,4,1,0.0,23.59,97.64,2.48,2024-07-04 01:00:00,1.006345,0.0,0.0
2024,7,4,2,0.0,23.58,97.44,2.57,2024-07-04 02:00:00,1.0063900000000001,0.0,0.0
2024,7,4,3,0.0,23.62,97.21,2.75,2024-07-04 03:00:00,1.00621,0.0,0.0
2024,7,4,4,0.0,23.75,96.68,3.04,2024-07-04 04:00:00,1.005625,0.0,0.0
2024,7,4,5,0.0,23.82,96.52,3.25,2024-07-04 05:00:00,1.00531,0.0,0.0
2024,7,4,6,21.35,24.46,95.31,3.92,2024-07-04 06:00:00,1.00243,2.14018805,2.14018805
2024,7,4,7,70.78,25.34,93.31,4.86,2024-07-04 07:00:00,0.99847,7.0671706599999995,7.0671706599999995
2024,7,4,8,116.75,25.94,90.99,5.43,2024-07-04 08:00:00,0.99577,11.62561475,11.62561475
2024,7,4,9,218.15,26.58,87.11,5.67,2024-07-04 09:00:00,0.99289,21.659895350000003,21.659895350000003
2024,7,4,10,335.45,27.17,83.79,5.56,2024-07-04 10:00:00,0.990235,33.217433074999995,33.217433074999995
2024,7,4,11,335.7,27.47,82.03,5.47,2024-07-04 11:00:00,0.988885,33.19686945,33.19686945
2024,7,4,12,321.62,27.27,82.59,5.34,2024-07-04 12:00:00,0.989785,31.83346517,31.83346517
2024,7,4,13,236.52,26.83,84.65,5.25,2024-07-04 13:00:00,0.991765,23.45722578,23.45722578
2024,7,4,14,160.1,26.24,87.57,4.97,2024-07-04 14:00:00,0.99442,15.920664199999997,15.920664199999997
2024,7,4,15,96.75,25.72,90.63,4.52,2024-07-04 15:00:00,0.99676,9.643653,9.643653
2024,7,4,16,44.67,25.24,93.55,3.94,2024-07-04 16:00:00,0.99892,4.462175640000001,4.462175640000001
2024,7,4,17,4.2,24.63,95.51,3.52,2024-07-04 17:00:00,1.001665,0.42069930000000005,0.42069930000000005
2024,7,4,18,0.0,24.31,95.92,3.53,2024-07-04 18:00:00,1.003105,0.0,0.0
2024,7,4,19,0.0,24.12,95.98,3.39,2024-07-04 19:00:00,1.00396,0.0,0.0
2024,7,4,20,0.0,23.96,96.0,3.27,2024-07-04 20:00:00,1.00468,0.0,0.0
2024,7,4,21,0.0,23.8,96.08,3.15,2024-07-04 21:00:00,1.0054,0.0,0.0
2024,7,4,22,0.0,23.66,96.2,3.08,2024-07-04 22:00:00,1.00603,0.0,0.0
2024,7,4,23,0.0,23.55,96.27,3.09,2024-07-04 23:00:00,1.006525,0.0,0.0
2024,7,5,0,0.0,23.46,96.25,3.23,2024-07-05 00:00:00,1.00693,0.0,0.0
2024,7,5,1,0.0,23.24,96.71,3.19,2024-07-05 01:00:00,1.00792,0.0,0.0
2024,7,5,2,0.0,23.06,97.0,3.06,2024-07-05 02:00:00,1.00873,0.0,0.0
2024,7,5,3,0.0,22.89,97.3,2.97,2024-07-05 03:00:00,1.009495,0.0,0.0
2024,7,5,4,0.0,22.77,97.4,2.92,2024-07-05 04:00:00,1.010035,0.0,0.0
2024,7,5,5,0.0,22.63,97.48,2.77,2024-07-05 05:00:00,1.010665,0.0,0.0
2024,7,5,6,40.38,23.59,95.23,3.09,2024-07-05 06:00:00,1.006345,4.063621110000001,4.063621110000001
2024,7,5,7,164.75,24.95,90.66,4.17,2024-07-05 07:00:00,1.000225,16.478706875,16.478706875
2024,7,5,8,334.12,26.39,83.49,4.74,2024-07-05 08:00:00,0.993745,33.203007940000006,33.203007940000006
2024,7,5,9,499.17,27.75,77.06,4.34,2024-07-05 09:00:00,0.987625,49.299277125,49.299277125
2024,7,5,10,599.15,28.79,73.32,3.82,2024-07-05 10:00:00,0.982945,58.893149675,58.893149675
2024,7,5,11,755.78,29.36,71.11,3.35,2024-07-05 11:00:00,0.98038,74.09515964,74.09515964
2024,7,5,12,695.75,29.47,70.68,2.97,2024-07-05 12:00:00,0.979885,68.175498875,68.175498875
2024,7,5,13,551.0,29.42,70.87,2.77,2024-07-05 13:00:00,0.98011,54.004061,54.004061
2024,7,5,14,370.08,29.11,71.76,2.69,2024-07-05 14:00:00,0.981505,36.32353703999999,36.32353703999999
2024,7,5,15,234.0,28.22,75.48,2.73,2024-07-05 15:00:00,0.98551,23.060934000000003,23.060934000000003
2024,7,5,16,103.0,27.1,82.38,2.7,2024-07-05 16:00:00,0.99055,10.202665,10.202665
2024,7,5,17,9.57,25.54,89.72,2.58,2024-07-05 17:00:00,0.99757,0.95467449,0.95467449
2024,7,5,18,0.0,24.67,92.5,2.72,2024-07-05 18:00:00,1.001485,0.0,0.0
2024,7,5,19,0.0,24.23,93.19,2.9,2024-07-05 19:00:00,1.003465,0.0,0.0
2024,7,5,20,0.0,23.79,94.44,2.56,2024-07-05 20:00:00,1.005445,0.0,0.0
2024,7,5,21,0.0,23.49,95.02,2.39,2024-07-05 21:00:00,1.006795,0.0,0.0
2024,7,5,22,0.0,23.24,95.27,2.3,2024-07-05 22:00:00,1.00792,0.0,0.0
2024,7,5,23,0.0,23.01,95.49,2.21,2024-07-05 23:00:00,1.008955,0.0,0.0
2024,7,6,0,0.0,22.78,95.83,2.17,2024-07-06 00:00:00,1.00999,0.0,0.0
2024,7,6,1,0.0,22.54,96.34,2.17,2024-07-06 01:00:00,1.01107,0.0,0.0
2024,7,6,2,0.0,22.31,96.84,2.2,2024-07-06 02:00:00,1.012105,0.0,0.0
2024,7,6,3,0.0,22.11,97.07,2.24,2024-07-06 03:00:00,1.013005,0.0,0.0
2024,7,6,4,0.0,21.92,97.25,2.29,2024-07-06 04:00:00,1.01386,0.0,0.0
2024,7,6,5,0.0,21.76,97.29,2.32,2024-07-06 05:00:00,1.01458,0.0,0.0
2024,7,6,6,43.5,22.92,94.12,2.51,2024-07-06 06:00:00,1.00936,4.390715999999999,4.390715999999999
2024,7,6,7,205.05,24.55,88.01,3.18,2024-07-06 07:00:00,1.002025,20.546522625,20.546522625
2024,7,6,8,404.92,26.44,80.54,3.33,2024-07-06 08:00:00,0.99352,40.22961184,40.22961184
2024,7,6,9,563.9,28.06,73.85,3.14,2024-07-06 09:00:00,0.98623,55.613509699999994,55.613509699999994
2024,7,6,10,660.03,29.22,69.62,2.77,2024-07-06 10:00:00,0.98101,64.74960303,64.74960303
2024,7,6,11,686.4,29.89,67.44,2.45,2024-07-06 11:00:00,0.977995,67.1295768,67.1295768
2024,7,6,12,618.38,30.17,66.34,2.22,2024-07-06 12:00:00,0.976735,60.39933893,60.39933893
2024,7,6,13,503.73,30.15,66.37,2.01,2024-07-06 13:00:00,0.976825,49.205605725000005,49.205605725000005
2024,7,6,14,355.9,29.89,67.33,1.75,2024-07-06 14:00:00,0.977995,34.80684204999999,34.80684204999999
2024,7,6,15,211.68,29.4,69.83,1.29,2024-07-06 15:00:00,0.9802,20.7488736,20.7488736
2024,7,6,16,96.32,28.82,74.03,0.89,2024-07-06 16:00:00,0.98281,9.466425919999999,9.466425919999999
2024,7,6,17,9.27,27.29,79.71,0.78,2024-07-06 17:00:00,0.989695,0.9174472649999998,0.9174472649999998
2024,7,6,18,0.0,26.31,82.39,0.99,2024-07-06 18:00:00,0.994105,0.0,0.0
2024,7,6,19,0.0,25.43,86.97,1.39,2024-07-06 19:00:00,0.998065,0.0,0.0
2024,7,6,20,0.0,24.63,90.98,1.64,2024-07-06 20:00:00,1.001665,0.0,0.0
2024,7,6,21,0.0,24.08,93.04,1.79,2024-07-06 21:00:00,1.00414,0.0,0.0
2024,7,6,22,0.0,23.74,93.65,1.82,2024-07-06 22:00:00,1.00567,0.0,0.0
2024,7,6,23,0.0,23.47,93.82,1.78,2024-07-06 23:00:00,1.006885,0.0,0.0
2024,7,7,0,0.0,23.22,94.06,1.76,2024-07-07 00:00:00,1.00801,0.0,0.0
2024,7,7,1,0.0,22.99,94.28,1.8,2024-07-07 01:00:00,1.009045,0.0,0.0
2024,7,7,2,0.0,22.79,94.49,1.85,2024-07-07 02:00:00,1.009945,0.0,0.0
2024,7,7,3,0.0,22.65,94.61,1.89,2024-07-07 03:00:00,1.010575,0.0,0.0
2024,7,7,4,0.0,22.54,94.46,1.88,2024-07-07 04:00:00,1.01107,0.0,0.0
2024,7,7,5,0.0,22.47,93.93,1.84,2024-07-07 05:00:00,1.011385,0.0,0.0
2024,7,7,6,48.8,23.62,93.04,1.65,2024-07-07 06:00:00,1.00621,4.9103048000000005,4.9103048000000005
2024,7,7,7,214.4,26.27,83.34,1.65,2024-07-07 07:00:00,0.994285,21.3174704,21.3174704
2024,7,7,8,408.42,27.85,73.62,1.31,2024-07-07 08:00:00,0.987175,40.31820135,40.31820135
2024,7,7,9,530.25,29.05,68.76,0.79,2024-07-07 09:00:00,0.981775,52.058619375,52.058619375
2024,7,7,10,622.38,29.91,66.76,0.8,2024-07-07 10:00:00,0.977905,60.86285139000001,60.86285139000001
2024,7,7,11,679.58,30.49,65.5,1.02,2024-07-07 11:00:00,0.975295,66.27909761000001,66.27909761000001
2024,7,7,12,651.3,30.73,65.43,1.25,2024-07-07 12:00:00,0.974215,63.450622949999996,63.450622949999996
2024,7,7,13,596.72,30.66,66.16,1.36,2024-07-07 13:00:00,0.97453,58.15215416,58.15215416
2024,7,7,14,437.0,30.33,67.12,1.39,2024-07-07 14:00:00,0.976015,42.6518555,42.6518555
2024,7,7,15,284.88,29.82,69.26,1.48,2024-07-07 15:00:00,0.97831,27.870095280000005,27.870095280000005
2024,7,7,16,123.1,29.0,75.36,1.57,2024-07-07 16:00:00,0.982,12.088420000000001,12.088420000000001
2024,7,7,17,11.65,27.23,85.97,1.69,2024-07-07 17:00:00,0.989965,1.153309225,1.153309225
2024,7,7,18,0.0,25.86,91.88,1.96,2024-07-07 18:00:00,0.99613,0.0,0.0
2024,7,7,19,0.0,25.17,93.63,2.08,2024-07-07 19:00:00,0.999235,0.0,0.0
2024,7,7,20,0.0,24.7,95.06,2.12,2024-07-07 20:00:00,1.00135,0.0,0.0
2024,7,7,21,0.0,24.32,96.06,2.14,2024-07-07 21:00:00,1.00306,0.0,0.0
2024,7,7,22,0.0,24.01,96.93,2.1,2024-07-07 22:00:00,1.004455,0.0,0.0
2024,7,7,23,0.0,23.76,97.59,2.05,2024-07-07 23:00:00,1.00558,0.0,0.0
2024,7,8,0,0.0,23.53,98.0,2.02,2024-07-08 00:00:00,1.006615,0.0,0.0
2024,7,8,1,0.0,23.29,98.51,2.01,2024-07-08 01:00:00,1.007695,0.0,0.0
2024,7,8,2,0.0,23.11,98.73,2.04,2024-07-08 02:00:00,1.008505,0.0,0.0
2024,7,8,3,0.0,23.0,98.62,2.06,2024-07-08 03:00:00,1.009,0.0,0.0
2024,7,8,4,0.0,22.86,98.75,2.09,2024-07-08 04:00:00,1.00963,0.0,0.0
2024,7,8,5,0.0,22.74,98.77,2.12,2024-07-08 05:00:00,1.01017,0.0,0.0
2024,7,8,6,44.15,23.69,95.38,2.43,2024-07-08 06:00:00,1.005895,4.4410264249999996,4.4410264249999996
2024,7,8,7,184.48,25.1,89.45,3.25,2024-07-08 07:00:00,0.9995499999999999,18.439698399999994,18.439698399999994
2024,7,8,8,361.25,26.64,82.91,3.53,2024-07-08 08:00:00,0.99262,35.858397499999995,35.858397499999995
2024,7,8,9,477.4,27.93,78.09,3.47,2024-07-08 09:00:00,0.986815,47.1105481,47.1105481
2024,7,8,10,569.45,28.73,75.12,3.34,2024-07-08 10:00:00,0.983215,55.989178175,55.989178175
2024,7,8,11,671.08,29.28,73.32,3.4,2024-07-08 11:00:00,0.98074,65.81549992,65.81549992
2024,7,8,12,689.15,29.51,72.44,3.5,2024-07-08 12:00:00,0.979705,67.516370075,67.516370075
2024,7,8,13,590.4,29.35,72.53,3.63,2024-07-08 13:00:00,0.980425,57.884291999999995,57.884291999999995
2024,7,8,14,416.35,28.88,73.87,3.91,2024-07-08 14:00:00,0.98254,40.908052899999994,40.908052899999994
2024,7,8,15,269.6,27.72,78.45,4.27,2024-07-08 15:00:00,0.98776,26.6300096,26.6300096
2024,7,8,16,115.6,26.38,84.56,4.39,2024-07-08 16:00:00,0.99379,11.488212399999998,11.488212399999998
2024,7,8,17,10.35,25.03,90.5,4.14,2024-07-08 17:00:00,0.999865,1.034860275,1.034860275
2024,7,8,18,0.0,24.35,92.35,4.29,2024-07-08 18:00:00,1.002925,0.0,0.0
2024,7,8,19,0.0,24.03,92.61,4.21,2024-07-08 19:00:00,1.004365,0.0,0.0
2024,7,8,20,0.0,23.73,92.68,3.94,2024-07-08 20:00:00,1.005715,0.0,0.0
2024,7,8,21,0.0,23.45,93.12,3.52,2024-07-08 21:00:00,1.006975,0.0,0.0
2024,7,8,22,0.0,23.24,93.02,3.49,2024-07-08 22:00:00,1.00792,0.0,0.0
2024,7,8,23,0.0,23.01,93.21,3.41,2024-07-08 23:00:00,1.008955,0.0,0.0
2024,7,9,0,0.0,22.7,94.26,3.06,2024-07-09 00:00:00,1.01035,0.0,0.0
2024,7,9,1,0.0,22.39,95.31,2.81,2024-07-09 01:00:00,1.011745,0.0,0.0
2024,7,9,2,0.0,22.14,95.9,2.72,2024-07-09 02:00:00,1.01287,0.0,0.0
2024,7,9,3,0.0,21.86,96.69,2.61,2024-07-09 03:00:00,1.01413,0.0,0.0
2024,7,9,4,0.0,21.55,97.69,2.4,2024-07-09 04:00:00,1.015525,0.0,0.0
2024,7,9,5,0.0,21.27,98.25,2.18,2024-07-09 05:00:00,1.016785,0.0,0.0
2024,7,9,6,48.47,22.53,94.12,1.87,2024-07-09 06:00:00,1.011115,4.900874405,4.900874405
2024,7,9,7,226.7,24.45,86.03,2.01,2024-07-09 07:00:00,1.002475,22.72610825,22.72610825
2024,7,9,8,427.5,26.14,78.9,1.61,2024-07-09 08:00:00,0.99487,42.5306925,42.5306925
2024,7,9,9,581.7,27.5,73.6,1.11,2024-07-09 09:00:00,0.98875,57.5155875,57.5155875
2024,7,9,10,620.85,28.41,70.66,1.42,2024-07-09 10:00:00,0.984655,61.132305675,61.132305675
2024,7,9,11,652.35,28.91,69.54,1.92,2024-07-09 11:00:00,0.982405,64.087190175,64.087190175
2024,7,9,12,670.47,29.1,69.12,2.35,2024-07-09 12:00:00,0.98155,65.80998285,65.80998285
2024,7,9,13,541.95,29.0,69.13,2.64,2024-07-09 13:00:00,0.982,53.21949000000001,53.21949000000001
2024,7,9,14,470.08,28.68,69.84,2.83,2024-07-09 14:00:00,0.98344,46.229547520000004,46.229547520000004
2024,7,9,15,288.55,27.87,73.17,3.0,2024-07-09 15:00:00,0.987085,28.482337675000004,28.482337675000004
2024,7,9,16,125.38,26.58,80.82,2.91,2024-07-09 16:00:00,0.99289,12.44885482,12.44885482
2024,7,9,17,12.15,24.94,89.8,2.48,2024-07-09 17:00:00,1.00027,1.21532805,1.21532805
2024,7,9,18,0.0,24.17,93.14,2.4,2024-07-09 18:00:00,1.003735,0.0,0.0
2024,7,9,19,0.0,23.89,94.32,2.38,2024-07-09 19:00:00,1.004995,0.0,0.0
2024,7,9,20,0.0,23.67,95.2,2.31,2024-07-09 20:00:00,1.005985,0.0,0.0
2024,7,9,21,0.0,23.45,95.85,2.25,2024-07-09 21:00:00,1.006975,0.0,0.0
2024,7,9,22,0.0,23.28,96.14,2.22,2024-07-09 22:00:00,1.00774,0.0,0.0
2024,7,9,23,0.0,22.98,96.84,2.21,2024-07-09 23:00:00,1.00909,0.0,0.0
2024,7,10,0,0.0,22.61,97.97,2.23,2024-07-10 00:00:00,1.010755,0.0,0.0
2024,7,10,1,0.0,22.34,98.61,2.21,2024-07-10 01:00:00,1.01197,0.0,0.0
2024,7,10,2,0.0,22.08,99.2,2.19,2024-07-10 02:00:00,1.01314,0.0,0.0
2024,7,10,3,0.0,21.78,99.88,2.21,2024-07-10 03:00:00,1.01449,0.0,0.0
2024,7,10,4,0.0,21.47,100.0,2.23,2024-07-10 04:00:00,1.015885,0.0,0.0
2024,7,10,5,0.0,21.16,100.0,2.28,2024-07-10 05:00:00,1.01728,0.0,0.0
2024,7,10,6,53.85,22.44,95.88,2.31,2024-07-10 06:00:00,1.01152,5.447035199999999,5.447035199999999
2024,7,10,7,256.48,24.3,88.13,2.99,2024-07-10 07:00:00,1.00315,25.728791200000003,25.728791200000003
2024,7,10,8,474.85,26.11,80.69,3.03,2024-07-10 08:00:00,0.995005,47.247812425000006,47.247812425000006
2024,7,10,9,631.5,27.62,74.71,2.93,2024-07-10 09:00:00,0.98821,62.405461499999994,62.405461499999994
2024,7,10,10,702.47,28.75,70.55,2.88,2024-07-10 10:00:00,0.983125,69.061581875,69.061581875
2024,7,10,11,707.62,29.45,68.07,2.97,2024-07-10 11:00:00,0.979975,69.34499095000001,69.34499095000001
2024,7,10,12,606.7,29.78,67.17,3.31,2024-07-10 12:00:00,0.97849,59.3649883,59.3649883
2024,7,10,13,508.73,29.71,67.85,3.69,2024-07-10 13:00:00,0.978805,49.794746765000006,49.794746765000006
2024,7,10,14,404.45,29.21,70.0,4.01,2024-07-10 14:00:00,0.981055,39.678769475,39.678769475
2024,7,10,15,249.48,28.09,75.62,4.2,2024-07-10 15:00:00,0.986095,24.601098059999998,24.601098059999998
2024,7,10,16,116.53,26.74,83.16,4.22,2024-07-10 16:00:00,0.99217,11.56175701,11.56175701
2024,7,10,17,10.0,25.2,90.77,3.85,2024-07-10 17:00:00,0.9991,0.9991,0.9991
2024,7,10,18,0.0,24.56,93.53,4.16,2024-07-10 18:00:00,1.00198,0.0,0.0
2024,7,10,19,0.0,24.27,94.98,4.12,2024-07-10 19:00:00,1.003285,0.0,0.0
2024,7,10,20,0.0,24.09,94.83,4.43,2024-07-10 20:00:00,1.004095,0.0,0.0
2024,7,10,21,0.0,23.96,94.04,4.69,2024-07-10 21:00:00,1.00468,0.0,0.0
2024,7,10,22,0.0,23.79,93.58,4.67,2024-07-10 22:00:00,1.005445,0.0,0.0
2024,7,10,23,0.0,23.57,93.74,4.48,2024-07-10 23:00:00,1.006435,0.0,0.0
2024,7,11,0,0.0,23.35,94.23,4.24,2024-07-11 00:00:00,1.007425,0.0,0.0
2024,7,11,1,0.0,23.13,94.51,4.16,2024-07-11 01:00:00,1.008415,0.0,0.0
2024,7,11,2,0.0,22.85,94.69,4.15,2024-07-11 02:00:00,1.009675,0.0,0.0
2024,7,11,3,0.0,22.46,95.5,4.09,2024-07-11 03:00:00,1.01143,0.0,0.0
2024,7,11,4,0.0,21.87,97.47,3.63,2024-07-11 04:00:00,1.014085,0.0,0.0
2024,7,11,5,0.0,21.29,99.42,3.26,2024-07-11 05:00:00,1.016695,0.0,0.0
2024,7,11,6,57.7,22.4,93.66,4.01,2024-07-11 06:00:00,1.0117,5.837509000000001,5.837509000000001
2024,7,11,7,254.25,24.13,85.47,5.27,2024-07-11 07:00:00,1.0039150000000001,25.524538875,25.524538875
2024,7,11,8,471.05,25.35,77.95,5.93,2024-07-11 08:00:00,0.998425,47.030809625,47.030809625
2024,7,11,9,648.47,26.23,72.73,6.13,2024-07-11 09:00:00,0.994465,64.488071855,64.488071855
2024,7,11,10,762.58,26.85,68.93,6.24,2024-07-11 10:00:00,0.991675,75.62315215000001,75.62315215000001
2024,7,11,11,812.67,27.2,66.74,6.15,2024-07-11 11:00:00,0.9901,80.46245669999999,80.46245669999999
2024,7,11,12,816.78,27.33,66.14,5.91,2024-07-11 12:00:00,0.989515,80.82160617,80.82160617
2024,7,11,13,716.55,27.21,67.5,5.66,2024-07-11 13:00:00,0.990055,70.94239102499999,70.94239102499999
2024,7,11,14,502.65,26.88,69.75,5.31,2024-07-11 14:00:00,0.99154,49.83975809999999,49.83975809999999
2024,7,11,15,334.65,26.23,73.23,4.87,2024-07-11 15:00:00,0.994465,33.279771225000005,33.279771225000005
2024,7,11,16,151.88,25.11,80.56,4.07,2024-07-11 16:00:00,0.999505,15.180481939999998,15.180481939999998
2024,7,11,17,13.25,23.44,89.39,3.09,2024-07-11 17:00:00,1.00702,1.3343015,1.3343015
2024,7,11,18,0.0,22.66,92.17,3.14,2024-07-11 18:00:00,1.01053,0.0,0.0
2024,7,11,19,0.0,22.34,93.1,3.28,2024-07-11 19:00:00,1.01197,0.0,0.0
2024,7,11,20,0.0,22.17,93.59,3.24,2024-07-11 20:00:00,1.012735,0.0,0.0
2024,7,11,21,0.0,21.82,94.25,3.1,2024-07-11 21:00:00,1.01431,0.0,0.0
2024,7,11,22,0.0,21.38,95.29,2.93,2024-07-11 22:00:00,1.01629,0.0,0.0
2024,7,11,23,0.0,20.95,96.05,2.87,2024-07-11 23:00:00,1.018225,0.0,0.0
2024,7,12,0,0.0,20.63,96.38,2.87,2024-07-12 00:00:00,1.019665,0.0,0.0
2024,7,12,1,0.0,20.38,96.59,2.88,2024-07-12 01:00:00,1.02079,0.0,0.0
2024,7,12,2,0.0,20.21,96.53,2.89,2024-07-12 02:00:00,1.021555,0.0,0.0
2024,7,12,3,0.0,20.08,96.3,2.89,2024-07-12 03:00:00,1.02214,0.0,0.0
2024,7,12,4,0.0,19.92,96.2,2.85,2024-07-12 04:00:00,1.02286,0.0,0.0
2024,7,12,5,0.0,19.73,96.28,2.84,2024-07-12 05:00:00,1.023715,0.0,0.0
2024,7,12,6,52.05,21.21,94.1,2.83,2024-07-12 06:00:00,1.017055,5.293771275,5.293771275
2024,7,12,7,241.65,23.11,89.25,3.86,2024-07-12 07:00:00,1.008505,24.370523324999997,24.370523324999997
2024,7,12,8,458.35,24.81,81.5,4.47,2024-07-12 08:00:00,1.000855,45.874188925000006,45.874188925000006
2024,7,12,9,636.4,26.15,73.79,4.37,2024-07-12 09:00:00,0.994825,63.31066299999999,63.31066299999999
2024,7,12,10,753.17,26.97,69.57,4.32,2024-07-12 10:00:00,0.991135,74.64931479500001,74.64931479500001
2024,7,12,11,797.78,27.46,67.68,4.34,2024-07-12 11:00:00,0.98893,78.89485753999999,78.89485753999999
2024,7,12,12,769.85,27.88,66.93,4.34,2024-07-12 12:00:00,0.98704,75.9872744,75.9872744
2024,7,12,13,686.28,28.0,66.65,4.26,2024-07-12 13:00:00,0.9865,67.701522,67.701522
2024,7,12,14,470.95,27.92,66.58,4.12,2024-07-12 14:00:00,0.98686,46.476171699999995,46.476171699999995
2024,7,12,15,313.9,27.34,69.54,3.95,2024-07-12 15:00:00,0.98947,31.059463299999997,31.059463299999997
2024,7,12,16,144.6,26.14,76.8,3.38,2024-07-12 16:00:00,0.99487,14.385820200000001,14.385820200000001
2024,7,12,17,13.5,24.1,87.9,2.72,2024-07-12 17:00:00,1.0040499999999999,1.3554675,1.3554675
2024,7,12,18,0.0,23.19,91.27,2.75,2024-07-12 18:00:00,1.008145,0.0,0.0
2024,7,12,19,0.0,22.91,92.51,2.79,2024-07-12 19:00:00,1.009405,0.0,0.0
2024,7,12,20,0.0,22.75,93.42,2.76,2024-07-12 20:00:00,1.010125,0.0,0.0
2024,7,12,21,0.0,22.59,94.03,2.69,2024-07-12 21:00:00,1.010845,0.0,0.0
2024,7,12,22,0.0,22.43,94.55,2.65,2024-07-12 22:00:00,1.011565,0.0,0.0
2024,7,12,23,0.0,22.27,94.76,2.69,2024-07-12 23:00:00,1.012285,0.0,0.0
2024,7,13,0,0.0,22.11,95.01,2.78,2024-07-13 00:00:00,1.013005,0.0,0.0
2024,7,13,1,0.0,21.97,95.02,2.89,2024-07-13 01:00:00,1.013635,0.0,0.0
2024,7,13,2,0.0,21.65,95.42,3.01,2024-07-13 02:00:00,1.015075,0.0,0.0
2024,7,13,3,0.0,21.15,96.9,3.11,2024-07-13 03:00:00,1.017325,0.0,0.0
2024,7,13,4,0.0,20.78,97.76,3.04,2024-07-13 04:00:00,1.01899,0.0,0.0
2024,7,13,5,0.0,20.47,98.41,2.92,2024-07-13 05:00:00,1.020385,0.0,0.0
2024,7,13,6,57.47,21.78,92.77,3.31,2024-07-13 06:00:00,1.01449,5.830274029999999,5.830274029999999
2024,7,13,7,260.98,23.8,83.88,4.43,2024-07-13 07:00:00,1.0054,26.23892920000001,26.23892920000001
2024,7,13,8,475.9,25.16,77.24,4.69,2024-07-13 08:00:00,0.99928,47.555735199999994,47.555735199999994
2024,7,13,9,629.9,26.03,73.84,4.71,2024-07-13 09:00:00,0.9953649999999999,62.69804135,62.69804135
2024,7,13,10,743.22,26.56,71.74,4.99,2024-07-13 10:00:00,0.99298,73.80025956,73.80025956
2024,7,13,11,739.67,26.89,70.34,5.32,2024-07-13 11:00:00,0.991495,73.337910665,73.337910665
2024,7,13,12,727.97,27.02,69.62,5.5,2024-07-13 12:00:00,0.99091,72.13527527,72.13527527
2024,7,13,13,658.38,26.94,69.12,5.54,2024-07-13 13:00:00,0.99127,65.26323425999999,65.26323425999999
2024,7,13,14,502.9,26.46,69.87,5.53,2024-07-13 14:00:00,0.99343,49.959594700000004,49.959594700000004
2024,7,13,15,336.95,25.63,72.65,5.48,2024-07-13 15:00:00,0.997165,33.599474674999996,33.599474674999996
2024,7,13,16,152.73,24.58,78.08,4.85,2024-07-13 16:00:00,1.00189,15.301865969999998,15.301865969999998
2024,7,13,17,14.2,22.71,87.82,3.38,2024-07-13 17:00:00,1.010305,1.4346330999999999,1.4346330999999999
2024,7,13,18,0.0,21.93,90.44,3.3,2024-07-13 18:00:00,1.013815,0.0,0.0
2024,7,13,19,0.0,21.38,91.74,3.25,2024-07-13 19:00:00,1.01629,0.0,0.0
2024,7,13,20,0.0,20.87,92.56,3.14,2024-07-13 20:00:00,1.018585,0.0,0.0
2024,7,13,21,0.0,20.41,93.15,3.07,2024-07-13 21:00:00,1.020655,0.0,0.0
2024,7,13,22,0.0,20.0,94.35,3.08,2024-07-13 22:00:00,1.0225,0.0,0.0
2024,7,13,23,0.0,19.65,95.39,3.16,2024-07-13 23:00:00,1.024075,0.0,0.0
2024,7,14,0,0.0,19.39,96.02,3.2,2024-07-14 00:00:00,1.025245,0.0,0.0
2024,7,14,1,0.0,19.16,96.6,3.22,2024-07-14 01:00:00,1.02628,0.0,0.0
2024,7,14,2,0.0,19.02,96.56,3.22,2024-07-14 02:00:00,1.02691,0.0,0.0
2024,7,14,3,0.0,18.99,95.74,3.22,2024-07-14 03:00:00,1.027045,0.0,0.0
2024,7,14,4,0.0,19.01,94.92,3.17,2024-07-14 04:00:00,1.026955,0.0,0.0
2024,7,14,5,0.0,18.97,94.82,3.17,2024-07-14 05:00:00,1.027135,0.0,0.0
2024,7,14,6,59.8,20.41,90.9,3.07,2024-07-14 06:00:00,1.020655,6.1035169,6.1035169
2024,7,14,7,275.15,22.9,80.53,4.72,2024-07-14 07:00:00,1.00945,27.775016749999992,27.775016749999992
2024,7,14,8,491.85,24.45,73.41,5.75,2024-07-14 08:00:00,1.002475,49.306732875,49.306732875
2024,7,14,9,669.12,25.59,68.8,5.86,2024-07-14 09:00:00,0.997345,66.73434864000001,66.73434864000001
2024,7,14,10,758.35,26.34,65.72,5.82,2024-07-14 10:00:00,0.99397,75.37771495,75.37771495
2024,7,14,11,824.58,26.78,63.65,5.67,2024-07-14 11:00:00,0.99199,81.79751142000002,81.79751142000002
2024,7,14,12,807.72,27.05,62.38,5.36,2024-07-14 12:00:00,0.990775,80.0268783,80.0268783
2024,7,14,13,654.5,27.2,62.02,5.02,2024-07-14 13:00:00,0.9901,64.802045,64.802045
2024,7,14,14,556.83,27.13,62.77,4.65,2024-07-14 14:00:00,0.990415,55.14927844500001,55.14927844500001
2024,7,14,15,366.08,26.68,64.9,4.11,2024-07-14 15:00:00,0.99244,36.331243519999994,36.331243519999994
2024,7,14,16,164.12,25.64,71.33,3.27,2024-07-14 16:00:00,0.99712,16.364733440000002,16.364733440000002
2024,7,14,17,15.12,23.16,84.15,2.74,2024-07-14 17:00:00,1.00828,1.5245193600000002,1.5245193600000002
2024,7,14,18,0.0,21.87,86.68,2.91,2024-07-14 18:00:00,1.014085,0.0,0.0
2024,7,14,19,0.0,21.34,88.38,2.96,2024-07-14 19:00:00,1.01647,0.0,0.0
2024,7,14,20,0.0,20.96,89.95,2.94,2024-07-14 20:00:00,1.01818,0.0,0.0
2024,7,14,21,0.0,20.62,91.44,2.92,2024-07-14 21:00:00,1.01971,0.0,0.0
2024,7,14,22,0.0,20.33,92.85,2.93,2024-07-14 22:00:00,1.021015,0.0,0.0
2024,7,14,23,0.0,20.11,94.13,2.93,2024-07-14 23:00:00,1.022005,0.0,0.0
2024,7,15,0,0.0,19.9,95.13,2.92,2024-07-15 00:00:00,1.02295,0.0,0.0
2024,7,15,1,0.0,19.59,96.68,2.92,2024-07-15 01:00:00,1.024345,0.0,0.0
2024,7,15,2,0.0,19.35,97.91,2.91,2024-07-15 02:00:00,1.025425,0.0,0.0
2024,7,15,3,0.0,19.14,98.85,2.92,2024-07-15 03:00:00,1.02637,0.0,0.0
2024,7,15,4,0.0,18.95,99.7,2.91,2024-07-15 04:00:00,1.027225,0.0,0.0
2024,7,15,5,0.0,18.77,100.0,2.85,2024-07-15 05:00:00,1.028035,0.0,0.0
2024,7,15,6,64.05,20.64,93.52,2.55,2024-07-15 06:00:00,1.01962,6.5306660999999995,6.5306660999999995
2024,7,15,7,265.55,23.22,82.67,3.77,2024-07-15 07:00:00,1.00801,26.767705550000002,26.767705550000002
2024,7,15,8,482.55,24.7,77.2,4.17,2024-07-15 08:00:00,1.00135,48.32014425,48.32014425
2024,7,15,9,667.6,25.71,73.24,4.2,2024-07-15 09:00:00,0.9968049999999999,66.5467018,66.5467018
2024,7,15,10,748.05,26.38,71.08,4.28,2024-07-15 10:00:00,0.99379,74.34046095,74.34046095
2024,7,15,11,760.25,26.87,69.85,4.37,2024-07-15 11:00:00,0.991585,75.385249625,75.385249625
2024,7,15,12,742.75,27.14,68.84,4.47,2024-07-15 12:00:00,0.99037,73.55973175,73.55973175
2024,7,15,13,639.3,27.16,68.32,4.54,2024-07-15 13:00:00,0.99028,63.3086004,63.3086004
2024,7,15,14,469.35,26.69,69.37,4.59,2024-07-15 14:00:00,0.992395,46.578059325000005,46.578059325000005
2024,7,15,15,311.02,25.81,72.99,4.66,2024-07-15 15:00:00,0.996355,30.988633209999996,30.988633209999996
2024,7,15,16,142.4,24.68,78.73,4.32,2024-07-15 16:00:00,1.00144,14.260505600000002,14.260505600000002
2024,7,15,17,13.15,23.04,86.82,3.37,2024-07-15 17:00:00,1.00882,1.3265983000000001,1.3265983000000001
2024,7,15,18,0.0,22.34,89.02,3.29,2024-07-15 18:00:00,1.01197,0.0,0.0
2024,7,15,19,0.0,21.91,90.14,3.2,2024-07-15 19:00:00,1.013905,0.0,0.0
2024,7,15,20,0.0,21.52,91.2,3.08,2024-07-15 20:00:00,1.01566,0.0,0.0
2024,7,15,21,0.0,21.21,92.04,2.96,2024-07-15 21:00:00,1.017055,0.0,0.0
2024,7,15,22,0.0,20.95,92.72,2.88,2024-07-15 22:00:00,1.018225,0.0,0.0
2024,7,15,23,0.0,20.69,93.18,2.81,2024-07-15 23:00:00,1.019395,0.0,0.0
2024,7,16,0,0.0,20.46,93.56,2.81,2024-07-16 00:00:00,1.02043,0.0,0.0
2024,7,16,1,0.0,20.25,94.15,2.84,2024-07-16 01:00:00,1.021375,0.0,0.0
2024,7,16,2,0.0,20.1,94.61,2.88,2024-07-16 02:00:00,1.02205,0.0,0.0
2024,7,16,3,0.0,19.96,95.11,2.89,2024-07-16 03:00:00,1.02268,0.0,0.0
2024,7,16,4,0.0,19.81,95.74,2.84,2024-07-16 04:00:00,1.023355,0.0,0.0
2024,7,16,5,0.0,19.65,96.59,2.77,2024-07-16 05:00:00,1.024075,0.0,0.0
2024,7,16,6,61.33,21.32,92.15,2.58,2024-07-16 06:00:00,1.01656,6.234562479999998,6.234562479999998
2024,7,16,7,266.1,23.61,83.15,3.89,2024-07-16 07:00:00,1.006255,26.77644555,26.77644555
2024,7,16,8,472.17,25.24,77.17,4.43,2024-07-16 08:00:00,0.99892,47.16600564000001,47.16600564000001
2024,7,16,9,641.65,26.45,73.6,4.15,2024-07-16 09:00:00,0.993475,63.74632337499999,63.74632337499999
2024,7,16,10,708.9,27.43,71.36,3.97,2024-07-16 10:00:00,0.989065,70.11481785,70.11481785
2024,7,16,11,719.85,28.01,70.04,3.86,2024-07-16 11:00:00,0.986455,71.009963175,71.009963175
2024,7,16,12,639.9,28.4,69.18,3.86,2024-07-16 12:00:00,0.9847,63.010953,63.010953
2024,7,16,13,544.53,28.49,69.0,3.87,2024-07-16 13:00:00,0.984295,53.597815634999996,53.597815634999996
2024,7,16,14,417.1,28.21,70.14,3.93,2024-07-16 14:00:00,0.985555,41.10749905,41.10749905
2024,7,16,15,267.67,27.23,74.71,3.88,2024-07-16 15:00:00,0.989965,26.498393155000002,26.498393155000002
2024,7,16,16,122.65,26.03,81.21,3.54,2024-07-16 16:00:00,0.9953649999999999,12.208151725,12.208151725
2024,7,16,17,12.35,24.38,89.93,2.74,2024-07-16 17:00:00,1.00279,1.23844565,1.23844565
2024,7,16,18,0.0,23.61,92.75,2.58,2024-07-16 18:00:00,1.006255,0.0,0.0
2024,7,16,19,0.0,23.23,93.93,2.42,2024-07-16 19:00:00,1.007965,0.0,0.0
2024,7,16,20,0.0,22.92,94.63,2.35,2024-07-16 20:00:00,1.00936,0.0,0.0
2024,7,16,21,0.0,22.65,94.96,2.39,2024-07-16 21:00:00,1.010575,0.0,0.0
2024,7,16,22,0.0,22.36,95.21,2.53,2024-07-16 22:00:00,1.0118800000000001,0.0,0.0
2024,7,16,23,0.0,22.13,95.32,2.67,2024-07-16 23:00:00,1.012915,0.0,0.0
2024,7,17,0,0.0,21.96,95.41,2.79,2024-07-17 00:00:00,1.01368,0.0,0.0
2024,7,17,1,0.0,21.84,95.31,2.9,2024-07-17 01:00:00,1.01422,0.0,0.0
2024,7,17,2,0.0,21.69,95.45,3.04,2024-07-17 02:00:00,1.014895,0.0,0.0
2024,7,17,3,0.0,21.45,96.06,3.11,2024-07-17 03:00:00,1.015975,0.0,0.0
2024,7,17,4,0.0,21.0,98.19,2.95,2024-07-17 04:00:00,1.018,0.0,0.0
2024,7,17,5,0.0,20.7,99.66,2.86,2024-07-17 05:00:00,1.01935,0.0,0.0
2024,7,17,6,51.65,21.98,94.13,3.47,2024-07-17 06:00:00,1.01359,5.23519235,5.23519235
2024,7,17,7,242.5,23.91,85.85,4.6,2024-07-17 07:00:00,1.004905,24.368946249999997,24.368946249999997
2024,7,17,8,450.77,25.43,78.7,4.98,2024-07-17 08:00:00,0.998065,44.989776004999996,44.989776004999996
2024,7,17,9,614.6,26.61,74.17,4.7,2024-07-17 09:00:00,0.992755,61.0147223,61.0147223
2024,7,17,10,705.03,27.64,70.83,4.42,2024-07-17 10:00:00,0.98812,69.66542436,69.66542436
2024,7,17,11,700.7,28.3,68.52,4.11,2024-07-17 11:00:00,0.98515,69.0294605,69.0294605
2024,7,17,12,600.47,28.7,66.97,3.75,2024-07-17 12:00:00,0.9833500000000001,59.047217450000005,59.047217450000005
2024,7,17,13,508.5,28.81,66.37,3.36,2024-07-17 13:00:00,0.982855,49.978176749999996,49.978176749999996
2024,7,17,14,368.77,28.56,66.92,3.12,2024-07-17 14:00:00,0.98398,36.28623045999999,36.28623045999999
2024,7,17,15,226.85,27.95,70.07,3.11,2024-07-17 15:00:00,0.986725,22.383856624999996,22.383856624999996
2024,7,17,16,99.28,26.8,76.74,2.97,2024-07-17 16:00:00,0.9919,9.8475832,9.8475832
2024,7,17,17,8.65,24.79,86.7,2.74,2024-07-17 17:00:00,1.000945,0.8658174249999999,0.8658174249999999
2024,7,17,18,0.0,23.74,90.05,2.94,2024-07-17 18:00:00,1.00567,0.0,0.0
2024,7,17,19,0.0,23.31,91.22,3.2,2024-07-17 19:00:00,1.007605,0.0,0.0
2024,7,17,20,0.0,22.98,92.3,3.24,2024-07-17 20:00:00,1.00909,0.0,0.0
2024,7,17,21,0.0,22.57,93.87,3.12,2024-07-17 21:00:00,1.010935,0.0,0.0
2024,7,17,22,0.0,22.28,95.09,2.97,2024-07-17 22:00:00,1.01224,0.0,0.0
2024,7,17,23,0.0,22.01,96.54,2.86,2024-07-17 23:00:00,1.013455,0.0,0.0
2024,7,18,0,0.0,21.78,97.86,2.82,2024-07-18 00:00:00,1.01449,0.0,0.0
2024,7,18,1,0.0,21.58,98.97,2.75,2024-07-18 01:00:00,1.01539,0.0,0.0
2024,7,18,2,0.0,21.36,99.99,2.71,2024-07-18 02:00:00,1.01638,0.0,0.0
2024,7,18,3,0.0,21.16,100.0,2.7,2024-07-18 03:00:00,1.01728,0.0,0.0
2024,7,18,4,0.0,20.98,100.0,2.66,2024-07-18 04:00:00,1.01809,0.0,0.0
2024,7,18,5,0.0,20.79,100.0,2.62,2024-07-18 05:00:00,1.018945,0.0,0.0
2024,7,18,6,50.12,22.33,94.58,2.95,2024-07-18 06:00:00,1.012015,5.07221918,5.07221918
2024,7,18,7,232.62,24.38,85.11,4.09,2024-07-18 07:00:00,1.00279,23.32690098,23.32690098
2024,7,18,8,442.17,25.9,78.23,4.16,2024-07-18 08:00:00,0.99595,44.037921149999995,44.037921149999995
2024,7,18,9,620.53,27.12,73.86,3.67,2024-07-18 09:00:00,0.99046,61.46101438,61.46101438
2024,7,18,10,707.97,28.05,70.87,3.34,2024-07-18 10:00:00,0.986275,69.825311175,69.825311175
2024,7,18,11,754.2,28.62,69.15,3.22,2024-07-18 11:00:00,0.98371,74.19140820000001,74.19140820000001
2024,7,18,12,668.42,28.78,68.64,3.32,2024-07-18 12:00:00,0.98299,65.70501758,65.70501758
2024,7,18,13,563.88,28.73,68.73,3.51,2024-07-18 13:00:00,0.983215,55.44152742,55.44152742
2024,7,18,14,452.8,28.3,69.91,3.78,2024-07-18 14:00:00,0.98515,44.607592,44.607592
2024,7,18,15,287.8,27.22,74.72,4.13,2024-07-18 15:00:00,0.9900100000000001,28.492487800000003,28.492487800000003
2024,7,18,16,125.82,25.87,81.54,4.31,2024-07-18 16:00:00,0.996085,12.53274147,12.53274147
2024,7,18,17,12.32,24.27,89.34,3.69,2024-07-18 17:00:00,1.003285,1.2360471200000003,1.2360471200000003
2024,7,18,18,0.0,23.44,92.47,3.58,2024-07-18 18:00:00,1.00702,0.0,0.0
2024,7,18,19,0.0,23.02,94.09,3.19,2024-07-18 19:00:00,1.00891,0.0,0.0
2024,7,18,20,0.0,22.74,94.79,3.02,2024-07-18 20:00:00,1.01017,0.0,0.0
2024,7,18,21,0.0,22.49,95.27,3.0,2024-07-18 21:00:00,1.011295,0.0,0.0
2024,7,18,22,0.0,22.24,95.97,2.97,2024-07-18 22:00:00,1.01242,0.0,0.0
2024,7,18,23,0.0,21.98,96.48,3.04,2024-07-18 23:00:00,1.01359,0.0,0.0
2024,7,19,0,0.0,21.68,97.39,3.05,2024-07-19 00:00:00,1.01494,0.0,0.0
2024,7,19,1,0.0,21.37,98.41,3.04,2024-07-19 01:00:00,1.016335,0.0,0.0
2024,7,19,2,0.0,21.09,98.95,3.0,2024-07-19 02:00:00,1.017595,0.0,0.0
2024,7,19,3,0.0,20.8,99.41,2.94,2024-07-19 03:00:00,1.0189,0.0,0.0
2024,7,19,4,0.0,20.52,99.86,2.87,2024-07-19 04:00:00,1.02016,0.0,0.0
2024,7,19,5,0.0,20.28,100.0,2.81,2024-07-19 05:00:00,1.02124,0.0,0.0
2024,7,19,6,63.33,21.71,94.02,3.32,2024-07-19 06:00:00,1.014805,6.426760065,6.426760065
2024,7,19,7,272.77,23.79,85.14,4.57,2024-07-19 07:00:00,1.005445,27.425523264999992,27.425523264999992
2024,7,19,8,492.92,25.4,78.3,5.07,2024-07-19 08:00:00,0.9982,49.2032744,49.2032744
2024,7,19,9,675.9,26.65,73.62,5.0,2024-07-19 09:00:00,0.992575,67.08814424999998,67.08814424999998
2024,7,19,10,796.85,27.62,70.52,5.01,2024-07-19 10:00:00,0.98821,78.74551385000001,78.74551385000001
2024,7,19,11,832.8,28.23,68.33,5.11,2024-07-19 11:00:00,0.985465,82.0695252,82.0695252
2024,7,19,12,812.97,28.48,67.12,5.17,2024-07-19 12:00:00,0.98434,80.02388898000001,80.02388898000001
2024,7,19,13,722.95,28.36,67.13,5.19,2024-07-19 13:00:00,0.98488,71.20189960000002,71.20189960000002
2024,7,19,14,509.77,27.89,68.38,5.2,2024-07-19 14:00:00,0.986995,50.314044114999994,50.314044114999994
2024,7,19,15,331.35,27.07,71.22,5.17,2024-07-19 15:00:00,0.990685,32.826347475000006,32.826347475000006
2024,7,19,16,146.5,25.74,77.81,4.7,2024-07-19 16:00:00,0.9966700000000001,14.601215499999999,14.601215499999999
2024,7,19,17,13.65,23.59,89.05,3.43,2024-07-19 17:00:00,1.006345,1.373660925,1.373660925
2024,7,19,18,0.0,22.6,93.19,3.32,2024-07-19 18:00:00,1.0108,0.0,0.0
2024,7,19,19,0.0,22.23,94.73,3.33,2024-07-19 19:00:00,1.012465,0.0,0.0
2024,7,19,20,0.0,21.82,96.54,3.21,2024-07-19 20:00:00,1.01431,0.0,0.0
2024,7,19,21,0.0,21.39,98.3,3.03,2024-07-19 21:00:00,1.016245,0.0,0.0
2024,7,19,22,0.0,20.96,99.7,2.87,2024-07-19 22:00:00,1.01818,0.0,0.0
2024,7,19,23,0.0,20.61,100.0,2.81,2024-07-19 23:00:00,1.019755,0.0,0.0
2024,7,20,0,0.0,20.28,100.0,2.79,2024-07-20 00:00:00,1.02124,0.0,0.0
2024,7,20,1,0.0,20.06,100.0,2.83,2024-07-20 01:00:00,1.02223,0.0,0.0
2024,7,20,2,0.0,19.89,100.0,2.89,2024-07-20 02:00:00,1.022995,0.0,0.0
2024,7,20,3,0.0,19.79,100.0,2.95,2024-07-20 03:00:00,1.023445,0.0,0.0
2024,7,20,4,0.0,19.72,100.0,2.97,2024-07-20 04:00:00,1.02376,0.0,0.0
2024,7,20,5,0.0,19.67,100.0,2.97,2024-07-20 05:00:00,1.023985,0.0,0.0
2024,7,20,6,60.58,21.44,93.83,3.34,2024-07-20 06:00:00,1.01602,6.155049159999999,6.155049159999999
2024,7,20,7,270.92,23.78,84.68,4.69,2024-07-20 07:00:00,1.00549,27.24073508,27.24073508
2024,7,20,8,486.92,25.42,77.7,5.06,2024-07-20 08:00:00,0.9981099999999999,48.59997212,48.59997212
2024,7,20,9,645.03,26.56,73.78,4.87,2024-07-20 09:00:00,0.99298,64.05018894,64.05018894
2024,7,20,10,729.08,27.36,71.29,4.78,2024-07-20 10:00:00,0.98938,72.13371704000001,72.13371704000001
2024,7,20,11,755.38,27.83,69.65,4.84,2024-07-20 11:00:00,0.9872650000000001,74.57602357,74.57602357
2024,7,20,12,731.2,27.98,68.96,5.02,2024-07-20 12:00:00,0.98659,72.13946080000001,72.13946080000001
2024,7,20,13,621.83,27.85,68.98,5.2,2024-07-20 13:00:00,0.987175,61.385503025,61.385503025
2024,7,20,14,495.5,27.4,70.07,5.31,2024-07-20 14:00:00,0.9892,49.01486,49.01486
2024,7,20,15,327.8,26.33,73.96,5.35,2024-07-20 15:00:00,0.994015,32.5838117,32.5838117
2024,7,20,16,148.85,25.09,79.78,5.18,2024-07-20 16:00:00,0.999595,14.878971574999998,14.878971574999998
2024,7,20,17,15.02,23.5,87.69,4.26,2024-07-20 17:00:00,1.00675,1.5121385,1.5121385
2024,7,20,18,0.0,22.86,89.77,4.29,2024-07-20 18:00:00,1.00963,0.0,0.0
2024,7,20,19,0.0,22.63,90.48,4.31,2024-07-20 19:00:00,1.010665,0.0,0.0
2024,7,20,20,0.0,22.24,92.48,3.75,2024-07-20 20:00:00,1.01242,0.0,0.0
2024,7,20,21,0.0,21.9,93.85,3.35,2024-07-20 21:00:00,1.01395,0.0,0.0
2024,7,20,22,0.0,21.61,94.75,3.09,2024-07-20 22:00:00,1.015255,0.0,0.0
2024,7,20,23,0.0,21.24,96.24,2.91,2024-07-20 23:00:00,1.01692,0.0,0.0
2024,7,21,0,0.0,20.93,97.42,2.84,2024-07-21 00:00:00,1.018315,0.0,0.0
2024,7,21,1,0.0,20.7,98.11,2.88,2024-07-21 01:00:00,1.01935,0.0,0.0
2024,7,21,2,0.0,20.54,98.46,2.98,2024-07-21 02:00:00,1.02007,0.0,0.0
2024,7,21,3,0.0,20.37,98.84,3.01,2024-07-21 03:00:00,1.020835,0.0,0.0
2024,7,21,4,0.0,20.15,99.62,2.93,2024-07-21 04:00:00,1.021825,0.0,0.0
2024,7,21,5,0.0,19.9,100.0,2.84,2024-07-21 05:00:00,1.02295,0.0,0.0
2024,7,21,6,65.3,21.42,93.64,3.27,2024-07-21 06:00:00,1.01611,6.6351983,6.6351983
2024,7,21,7,274.38,23.49,83.86,4.47,2024-07-21 07:00:00,1.006795,27.624441210000004,27.624441210000004
2024,7,21,8,490.15,25.05,76.39,4.63,2024-07-21 08:00:00,0.999775,49.003971625,49.003971625
2024,7,21,9,671.3,26.27,72.13,4.24,2024-07-21 09:00:00,0.994285,66.74635205,66.74635205
2024,7,21,10,796.2,27.24,69.47,3.98,2024-07-21 10:00:00,0.98992,78.8174304,78.8174304
2024,7,21,11,843.03,27.9,67.85,3.89,2024-07-21 11:00:00,0.98695,83.20284585,83.20284585
2024,7,21,12,750.65,28.16,67.3,3.9,2024-07-21 12:00:00,0.98578,73.9975757,73.9975757
2024,7,21,13,674.42,28.03,67.63,3.98,2024-07-21 13:00:00,0.986365,66.52242833,66.52242833
2024,7,21,14,521.83,27.57,69.06,4.09,2024-07-21 14:00:00,0.988435,51.579503605,51.579503605
2024,7,21,15,343.73,26.52,73.06,4.22,2024-07-21 15:00:00,0.99316,34.13788868,34.13788868
2024,7,21,16,161.27,25.25,78.84,4.29,2024-07-21 16:00:00,0.998875,16.108857124999997,16.108857124999997
2024,7,21,17,16.27,23.28,88.68,3.38,2024-07-21 17:00:00,1.00774,1.6395929800000002,1.6395929800000002
2024,7,21,18,0.0,22.34,92.39,3.24,2024-07-21 18:00:00,1.01197,0.0,0.0
2024,7,21,19,0.0,22.09,92.48,3.34,2024-07-21 19:00:00,1.013095,0.0,0.0
2024,7,21,20,0.0,21.86,93.02,3.19,2024-07-21 20:00:00,1.01413,0.0,0.0
2024,7,21,21,0.0,21.65,93.77,2.98,2024-07-21 21:00:00,1.015075,0.0,0.0
2024,7,21,22,0.0,21.49,94.46,2.72,2024-07-21 22:00:00,1.015795,0.0,0.0
2024,7,21,23,0.0,21.36,94.83,2.62,2024-07-21 23:00:00,1.01638,0.0,0.0
2024,7,22,0,0.0,21.21,95.29,2.57,2024-07-22 00:00:00,1.017055,0.0,0.0
2024,7,22,1,0.0,21.0,96.17,2.53,2024-07-22 01:00:00,1.018,0.0,0.0
2024,7,22,2,0.0,20.7,97.67,2.5,2024-07-22 02:00:00,1.01935,0.0,0.0
2024,7,22,3,0.0,20.42,99.17,2.51,2024-07-22 03:00:00,1.02061,0.0,0.0
2024,7,22,4,0.0,20.15,100.0,2.49,2024-07-22 04:00:00,1.021825,0.0,0.0
2024,7,22,5,0.0,19.92,100.0,2.51,2024-07-22 05:00:00,1.02286,0.0,0.0
2024,7,22,6,61.03,21.53,94.64,2.91,2024-07-22 06:00:00,1.015615,6.1982983449999995,6.1982983449999995
2024,7,22,7,271.67,23.66,86.14,4.12,2024-07-22 07:00:00,1.00603,27.33081701,27.33081701
2024,7,22,8,488.5,25.23,79.94,4.53,2024-07-22 08:00:00,0.998965,48.79944025,48.79944025
2024,7,22,9,662.9,26.43,75.73,4.46,2024-07-22 09:00:00,0.993565,65.86342384999999,65.86342384999999
2024,7,22,10,790.53,27.2,73.15,4.38,2024-07-22 10:00:00,0.9901,78.2703753,78.2703753
2024,7,22,11,817.47,27.73,71.48,4.39,2024-07-22 11:00:00,0.987715,80.742738105,80.742738105
2024,7,22,12,784.05,28.06,70.3,4.51,2024-07-22 12:00:00,0.98623,77.32536314999999,77.32536314999999
2024,7,22,13,688.2,28.05,69.47,4.59,2024-07-22 13:00:00,0.986275,67.87544550000001,67.87544550000001
2024,7,22,14,538.9,27.8,69.83,4.63,2024-07-22 14:00:00,0.9873999999999999,53.21098599999999,53.21098599999999
2024,7,22,15,353.83,26.82,73.83,4.66,2024-07-22 15:00:00,0.99181,35.093213229999996,35.093213229999996
2024,7,22,16,158.98,25.56,80.27,4.64,2024-07-22 16:00:00,0.99748,15.857937039999998,15.857937039999998
2024,7,22,17,15.32,23.7,89.98,3.6,2024-07-22 17:00:00,1.00585,1.5409621999999998,1.5409621999999998
2024,7,22,18,0.0,22.82,93.84,3.37,2024-07-22 18:00:00,1.00981,0.0,0.0
2024,7,22,19,0.0,22.61,94.38,3.25,2024-07-22 19:00:00,1.010755,0.0,0.0
2024,7,22,20,0.0,22.32,94.83,2.96,2024-07-22 20:00:00,1.01206,0.0,0.0
2024,7,22,21,0.0,21.92,95.82,2.73,2024-07-22 21:00:00,1.01386,0.0,0.0
2024,7,22,22,0.0,21.6,96.85,2.65,2024-07-22 22:00:00,1.0153,0.0,0.0
2024,7,22,23,0.0,21.44,97.16,2.65,2024-07-22 23:00:00,1.01602,0.0,0.0
2024,7,23,0,0.0,21.25,97.64,2.63,2024-07-23 00:00:00,1.016875,0.0,0.0
2024,7,23,1,0.0,21.15,97.82,2.59,2024-07-23 01:00:00,1.017325,0.0,0.0
2024,7,23,2,0.0,21.1,97.78,2.61,2024-07-23 02:00:00,1.01755,0.0,0.0
2024,7,23,3,0.0,21.04,97.82,2.65,2024-07-23 03:00:00,1.01782,0.0,0.0
2024,7,23,4,0.0,20.6,99.77,2.57,2024-07-23 04:00:00,1.0198,0.0,0.0
2024,7,23,5,0.0,20.24,100.0,2.5,2024-07-23 05:00:00,1.02142,0.0,0.0
2024,7,23,6,65.0,21.79,94.54,2.61,2024-07-23 06:00:00,1.014445,6.5938925,6.5938925
2024,7,23,7,276.58,23.85,85.76,3.43,2024-07-23 07:00:00,1.005175,27.801130149999995,27.801130149999995
2024,7,23,8,491.7,25.48,79.2,3.46,2024-07-23 08:00:00,0.99784,49.063792799999995,49.063792799999995
2024,7,23,9,670.08,26.66,74.59,3.13,2024-07-23 09:00:00,0.99253,66.50745024,66.50745024
2024,7,23,10,763.38,27.43,71.91,3.1,2024-07-23 10:00:00,0.989065,75.50324396999999,75.50324396999999
2024,7,23,11,738.3,27.86,71.1,3.34,2024-07-23 11:00:00,0.98713,72.87980789999999,72.87980789999999
2024,7,23,12,699.88,28.02,71.12,3.69,2024-07-23 12:00:00,0.98641,69.03686308,69.03686308
2024,7,23,13,539.58,27.84,71.49,3.97,2024-07-23 13:00:00,0.98722,53.26841676000001,53.26841676000001
2024,7,23,14,422.4,27.61,72.14,4.15,2024-07-23 14:00:00,0.988255,41.7438912,41.7438912
2024,7,23,15,258.1,26.75,75.57,4.29,2024-07-23 15:00:00,0.992125,25.60674625,25.60674625
2024,7,23,16,113.25,25.27,82.38,4.32,2024-07-23 16:00:00,0.998785,11.311240125000001,11.311240125000001
2024,7,23,17,11.77,23.53,91.04,3.73,2024-07-23 17:00:00,1.006615,1.1847858549999999,1.1847858549999999
2024,7,23,18,0.0,22.8,94.36,3.63,2024-07-23 18:00:00,1.0099,0.0,0.0
2024,7,23,19,0.0,22.54,95.22,3.2,2024-07-23 19:00:00,1.01107,0.0,0.0
2024,7,23,20,0.0,22.26,95.97,2.82,2024-07-23 20:00:00,1.01233,0.0,0.0
2024,7,23,21,0.0,21.95,96.93,2.62,2024-07-23 21:00:00,1.013725,0.0,0.0
2024,7,23,22,0.0,21.75,97.57,2.52,2024-07-23 22:00:00,1.014625,0.0,0.0
2024,7,23,23,0.0,21.54,98.39,2.49,2024-07-23 23:00:00,1.01557,0.0,0.0
2024,7,24,0,0.0,21.34,99.07,2.56,2024-07-24 00:00:00,1.01647,0.0,0.0
2024,7,24,1,0.0,21.2,99.49,2.6,2024-07-24 01:00:00,1.0171,0.0,0.0
2024,7,24,2,0.0,21.18,99.15,2.59,2024-07-24 02:00:00,1.01719,0.0,0.0
2024,7,24,3,0.0,21.11,98.88,2.63,2024-07-24 03:00:00,1.017505,0.0,0.0
2024,7,24,4,0.0,20.92,99.36,2.52,2024-07-24 04:00:00,1.01836,0.0,0.0
2024,7,24,5,0.0,20.7,99.91,2.35,2024-07-24 05:00:00,1.01935,0.0,0.0
2024,7,24,6,44.65,22.06,94.14,2.67,2024-07-24 06:00:00,1.01323,4.524071950000001,4.524071950000001
2024,7,24,7,215.88,23.84,85.99,3.49,2024-07-24 07:00:00,1.00522,21.70068936,21.70068936
2024,7,24,8,418.65,25.35,79.3,3.61,2024-07-24 08:00:00,0.998425,41.799062625,41.799062625
2024,7,24,9,567.08,26.32,75.6,3.52,2024-07-24 09:00:00,0.9940599999999999,56.37115448,56.37115448
2024,7,24,10,671.88,27.31,72.08,3.65,2024-07-24 10:00:00,0.989605,66.48958074,66.48958074
2024,7,24,11,739.4,27.99,69.08,3.88,2024-07-24 11:00:00,0.986545,72.9451373,72.9451373
2024,7,24,12,740.0,28.32,67.54,4.11,2024-07-24 12:00:00,0.98506,72.89444,72.89444
2024,7,24,13,653.33,28.14,67.87,4.3,2024-07-24 13:00:00,0.98587,64.40984471000002,64.40984471000002
2024,7,24,14,472.62,27.6,69.72,4.4,2024-07-24 14:00:00,0.9883,46.709034599999995,46.709034599999995
2024,7,24,15,295.65,26.5,74.29,4.55,2024-07-24 15:00:00,0.99325,29.36543625,29.36543625
2024,7,24,16,135.15,25.11,80.99,4.46,2024-07-24 16:00:00,0.999505,13.508310074999999,13.508310074999999
2024,7,24,17,13.27,23.56,89.29,3.55,2024-07-24 17:00:00,1.00648,1.33559896,1.33559896
2024,7,24,18,0.0,22.85,92.64,3.11,2024-07-24 18:00:00,1.009675,0.0,0.0
2024,7,24,19,0.0,22.44,94.45,2.59,2024-07-24 19:00:00,1.01152,0.0,0.0
2024,7,24,20,0.0,22.12,95.42,2.31,2024-07-24 20:00:00,1.01296,0.0,0.0
2024,7,24,21,0.0,21.86,96.0,2.27,2024-07-24 21:00:00,1.01413,0.0,0.0
2024,7,24,22,0.0,21.67,96.53,2.28,2024-07-24 22:00:00,1.014985,0.0,0.0
2024,7,24,23,0.0,21.54,96.79,2.32,2024-07-24 23:00:00,1.01557,0.0,0.0
2024,7,25,0,0.0,21.42,96.98,2.32,2024-07-25 00:00:00,1.01611,0.0,0.0
2024,7,25,1,0.0,21.28,97.36,2.27,2024-07-25 01:00:00,1.01674,0.0,0.0
2024,7,25,2,0.0,21.18,97.64,2.23,2024-07-25 02:00:00,1.01719,0.0,0.0
2024,7,25,3,0.0,21.05,98.29,2.18,2024-07-25 03:00:00,1.017775,0.0,0.0
2024,7,25,4,0.0,20.89,99.08,2.13,2024-07-25 04:00:00,1.018495,0.0,0.0
2024,7,25,5,0.0,20.73,99.59,2.03,2024-07-25 05:00:00,1.019215,0.0,0.0
2024,7,25,6,54.38,22.06,94.52,2.01,2024-07-25 06:00:00,1.01323,5.509944740000001,5.509944740000001
2024,7,25,7,245.5,23.96,86.16,2.53,2024-07-25 07:00:00,1.00468,24.664894,24.664894
2024,7,25,8,475.8,25.54,79.12,2.42,2024-07-25 08:00:00,0.99757,47.4643806,47.4643806
2024,7,25,9,634.33,26.92,73.55,2.0,2024-07-25 09:00:00,0.99136,62.88493888000001,62.88493888000001
2024,7,25,10,718.85,27.93,69.4,1.69,2024-07-25 10:00:00,0.986815,70.937196275,70.937196275
2024,7,25,11,697.42,28.6,66.78,1.67,2024-07-25 11:00:00,0.9838,68.61217959999999,68.61217959999999
2024,7,25,12,675.92,28.91,65.63,1.87,2024-07-25 12:00:00,0.982405,66.40271876,66.40271876
2024,7,25,13,560.35,28.8,65.66,2.18,2024-07-25 13:00:00,0.9829,55.0768015,55.0768015
2024,7,25,14,450.3,28.34,67.3,2.71,2024-07-25 14:00:00,0.98497,44.353199100000005,44.353199100000005
2024,7,25,15,277.12,27.25,72.33,3.36,2024-07-25 15:00:00,0.989875,27.431415999999995,27.431415999999995
2024,7,25,16,119.05,25.84,79.75,3.72,2024-07-25 16:00:00,0.99622,11.859999100000001,11.859999100000001
2024,7,25,17,12.25,23.93,89.74,3.1,2024-07-25 17:00:00,1.004815,1.2308983750000002,1.2308983750000002
2024,7,25,18,0.0,22.95,93.84,2.95,2024-07-25 18:00:00,1.009225,0.0,0.0
2024,7,25,19,0.0,22.54,95.32,2.72,2024-07-25 19:00:00,1.01107,0.0,0.0
2024,7,25,20,0.0,22.18,96.39,2.49,2024-07-25 20:00:00,1.01269,0.0,0.0
2024,7,25,21,0.0,21.82,97.6,2.4,2024-07-25 21:00:00,1.01431,0.0,0.0
2024,7,25,22,0.0,21.53,98.39,2.44,2024-07-25 22:00:00,1.015615,0.0,0.0
2024,7,25,23,0.0,21.26,99.15,2.51,2024-07-25 23:00:00,1.01683,0.0,0.0
2024,7,26,0,0.0,21.01,99.76,2.58,2024-07-26 00:00:00,1.017955,0.0,0.0
2024,7,26,1,0.0,20.77,100.0,2.64,2024-07-26 01:00:00,1.019035,0.0,0.0
2024,7,26,2,0.0,20.52,100.0,2.67,2024-07-26 02:00:00,1.02016,0.0,0.0
2024,7,26,3,0.0,20.31,100.0,2.73,2024-07-26 03:00:00,1.021105,0.0,0.0
2024,7,26,4,0.0,20.05,100.0,2.72,2024-07-26 04:00:00,1.022275,0.0,0.0
2024,7,26,5,0.0,19.82,100.0,2.7,2024-07-26 05:00:00,1.02331,0.0,0.0
2024,7,26,6,58.25,21.38,93.87,3.01,2024-07-26 06:00:00,1.01629,5.91988925,5.91988925
2024,7,26,7,258.8,23.54,85.11,4.03,2024-07-26 07:00:00,1.00657,26.0500316,26.0500316
2024,7,26,8,475.6,25.35,77.95,4.23,2024-07-26 08:00:00,0.998425,47.485093,47.485093
2024,7,26,9,659.3,26.91,71.69,4.03,2024-07-26 09:00:00,0.991405,65.36333165,65.36333165
2024,7,26,10,784.47,28.11,67.37,3.75,2024-07-26 10:00:00,0.986005,77.34913423500001,77.34913423500001
2024,7,26,11,816.88,28.88,64.76,3.6,2024-07-26 11:00:00,0.98254,80.26172752,80.26172752
2024,7,26,12,749.9,29.23,63.63,3.58,2024-07-26 12:00:00,0.980965,73.56256535,73.56256535
2024,7,26,13,679.75,29.15,64.17,3.73,2024-07-26 13:00:00,0.981325,66.70556687499999,66.70556687499999
2024,7,26,14,536.55,28.69,65.94,3.96,2024-07-26 14:00:00,0.983395,52.764058725,52.764058725
2024,7,26,15,356.15,27.77,70.64,4.22,2024-07-26 15:00:00,0.987535,35.171059025,35.171059025
2024,7,26,16,161.2,26.25,79.17,4.16,2024-07-26 16:00:00,0.994375,16.029324999999996,16.029324999999996
2024,7,26,17,16.25,24.04,89.86,3.39,2024-07-26 17:00:00,1.00432,1.6320200000000002,1.6320200000000002
2024,7,26,18,0.0,23.06,93.52,3.5,2024-07-26 18:00:00,1.00873,0.0,0.0
2024,7,26,19,0.0,22.7,94.74,3.37,2024-07-26 19:00:00,1.01035,0.0,0.0
2024,7,26,20,0.0,22.36,95.75,3.09,2024-07-26 20:00:00,1.0118800000000001,0.0,0.0
2024,7,26,21,0.0,22.01,96.55,2.91,2024-07-26 21:00:00,1.013455,0.0,0.0
2024,7,26,22,0.0,21.7,97.13,2.84,2024-07-26 22:00:00,1.01485,0.0,0.0
2024,7,26,23,0.0,21.43,97.56,2.78,2024-07-26 23:00:00,1.016065,0.0,0.0
2024,7,27,0,0.0,21.17,98.02,2.79,2024-07-27 00:00:00,1.017235,0.0,0.0
2024,7,27,1,0.0,20.96,98.17,2.8,2024-07-27 01:00:00,1.01818,0.0,0.0
2024,7,27,2,0.0,20.81,98.17,2.83,2024-07-27 02:00:00,1.018855,0.0,0.0
2024,7,27,3,0.0,20.67,98.07,2.83,2024-07-27 03:00:00,1.019485,0.0,0.0
2024,7,27,4,0.0,20.5,97.91,2.77,2024-07-27 04:00:00,1.02025,0.0,0.0
2024,7,27,5,0.0,20.33,97.63,2.73,2024-07-27 05:00:00,1.021015,0.0,0.0
2024,7,27,6,63.75,21.87,95.53,2.8,2024-07-27 06:00:00,1.014085,6.4647918749999995,6.4647918749999995
2024,7,27,7,271.9,23.7,90.87,3.78,2024-07-27 07:00:00,1.00585,27.349061499999994,27.349061499999994
2024,7,27,8,484.85,25.41,82.74,4.26,2024-07-27 08:00:00,0.998155,48.395545175,48.395545175
2024,7,27,9,665.47,27.0,74.52,4.22,2024-07-27 09:00:00,0.991,65.948077,65.948077
2024,7,27,10,780.38,28.07,70.41,4.08,2024-07-27 10:00:00,0.986185,76.95990503,76.95990503
2024,7,27,11,787.45,28.74,68.06,4.08,2024-07-27 11:00:00,0.98317,77.41972165,77.41972165
2024,7,27,12,720.58,29.04,67.1,4.18,2024-07-27 12:00:00,0.98182,70.74798555999999,70.74798555999999
2024,7,27,13,591.83,29.02,67.03,4.28,2024-07-27 13:00:00,0.98191,58.112379530000005,58.112379530000005
2024,7,27,14,501.58,28.58,68.37,4.38,2024-07-27 14:00:00,0.98389,49.349954620000005,49.349954620000005
2024,7,27,15,322.27,27.63,72.33,4.55,2024-07-27 15:00:00,0.988165,31.845593454999996,31.845593454999996
2024,7,27,16,143.88,26.24,79.28,4.6,2024-07-27 16:00:00,0.99442,14.307714960000002,14.307714960000002
2024,7,27,17,14.77,24.14,89.57,3.73,2024-07-27 17:00:00,1.00387,1.4827159900000002,1.4827159900000002
2024,7,27,18,0.0,23.12,93.67,3.77,2024-07-27 18:00:00,1.00846,0.0,0.0
2024,7,27,19,0.0,22.81,94.62,3.75,2024-07-27 19:00:00,1.009855,0.0,0.0
2024,7,27,20,0.0,22.4,96.04,3.28,2024-07-27 20:00:00,1.0117,0.0,0.0
2024,7,27,21,0.0,22.01,97.49,3.05,2024-07-27 21:00:00,1.013455,0.0,0.0
2024,7,27,22,0.0,21.7,98.58,2.91,2024-07-27 22:00:00,1.01485,0.0,0.0
2024,7,27,23,0.0,21.42,99.41,2.83,2024-07-27 23:00:00,1.01611,0.0,0.0
2024,7,28,0,0.0,21.24,99.49,2.85,2024-07-28 00:00:00,1.01692,0.0,0.0
2024,7,28,1,0.0,21.05,99.67,2.87,2024-07-28 01:00:00,1.017775,0.0,0.0
2024,7,28,2,0.0,20.85,99.73,2.92,2024-07-28 02:00:00,1.018675,0.0,0.0
2024,7,28,3,0.0,20.52,100.0,2.84,2024-07-28 03:00:00,1.02016,0.0,0.0
2024,7,28,4,0.0,20.28,100.0,2.79,2024-07-28 04:00:00,1.02124,0.0,0.0
2024,7,28,5,0.0,20.1,100.0,2.79,2024-07-28 05:00:00,1.02205,0.0,0.0
2024,7,28,6,55.85,21.78,95.1,3.29,2024-07-28 06:00:00,1.01449,5.665926649999999,5.665926649999999
2024,7,28,7,250.9,24.06,85.74,4.42,2024-07-28 07:00:00,1.00423,25.196130699999998,25.196130699999998
2024,7,28,8,466.12,25.69,78.1,4.58,2024-07-28 08:00:00,0.996895,46.46726973999999,46.46726973999999
2024,7,28,9,631.97,26.81,73.78,4.24,2024-07-28 09:00:00,0.991855,62.682260435,62.682260435
2024,7,28,10,731.7,27.69,70.94,4.0,2024-07-28 10:00:00,0.987895,72.28427715,72.28427715
2024,7,28,11,750.85,28.3,69.26,4.07,2024-07-28 11:00:00,0.98515,73.96998775,73.96998775
2024,7,28,12,712.9,28.55,68.6,4.36,2024-07-28 12:00:00,0.984025,70.15114224999999,70.15114224999999
2024,7,28,13,647.9,28.34,69.27,4.77,2024-07-28 13:00:00,0.98497,63.816206300000005,63.816206300000005
2024,7,28,14,511.45,27.79,70.91,5.08,2024-07-28 14:00:00,0.987445,50.502874524999996,50.502874524999996
2024,7,28,15,333.52,26.84,74.31,5.22,2024-07-28 15:00:00,0.99172,33.075845439999995,33.075845439999995
2024,7,28,16,148.73,25.35,80.9,5.14,2024-07-28 16:00:00,0.998425,14.849575025,14.849575025
2024,7,28,17,15.0,23.71,89.02,4.36,2024-07-28 17:00:00,1.005805,1.5087075,1.5087075
2024,7,28,18,0.0,22.98,92.36,4.09,2024-07-28 18:00:00,1.00909,0.0,0.0
2024,7,28,19,0.0,22.61,93.47,3.75,2024-07-28 19:00:00,1.010755,0.0,0.0
2024,7,28,20,0.0,22.13,94.69,3.26,2024-07-28 20:00:00,1.012915,0.0,0.0
2024,7,28,21,0.0,21.78,95.48,3.02,2024-07-28 21:00:00,1.01449,0.0,0.0
2024,7,28,22,0.0,21.45,96.5,2.89,2024-07-28 22:00:00,1.015975,0.0,0.0
2024,7,28,23,0.0,21.1,97.62,2.76,2024-07-28 23:00:00,1.01755,0.0,0.0
2024,7,29,0,0.0,20.73,98.98,2.65,2024-07-29 00:00:00,1.019215,0.0,0.0
2024,7,29,1,0.0,20.45,100.0,2.62,2024-07-29 01:00:00,1.020475,0.0,0.0
2024,7,29,2,0.0,20.24,100.0,2.67,2024-07-29 02:00:00,1.02142,0.0,0.0
2024,7,29,3,0.0,20.2,100.0,2.76,2024-07-29 03:00:00,1.0216,0.0,0.0
2024,7,29,4,0.0,20.33,100.0,2.74,2024-07-29 04:00:00,1.021015,0.0,0.0
2024,7,29,5,0.0,20.3,100.0,2.62,2024-07-29 05:00:00,1.02115,0.0,0.0
2024,7,29,6,58.67,21.71,94.35,3.02,2024-07-29 06:00:00,1.014805,5.953860935,5.953860935
2024,7,29,7,261.73,23.69,85.68,3.95,2024-07-29 07:00:00,1.005895,26.327289835000002,26.327289835000002
2024,7,29,8,476.3,25.28,78.55,3.8,2024-07-29 08:00:00,0.99874,47.5699862,47.5699862
2024,7,29,9,643.33,26.65,73.57,3.31,2024-07-29 09:00:00,0.992575,63.85532747500001,63.85532747500001
2024,7,29,10,743.83,27.69,69.92,2.94,2024-07-29 10:00:00,0.987895,73.48259378499999,73.48259378499999
2024,7,29,11,756.7,28.5,67.24,2.76,2024-07-29 11:00:00,0.98425,74.4781975,74.4781975
2024,7,29,12,704.47,28.95,65.76,2.73,2024-07-29 12:00:00,0.982225,69.194804575,69.194804575
2024,7,29,13,596.65,28.99,65.53,2.94,2024-07-29 13:00:00,0.9820450000000001,58.593714925,58.593714925
2024,7,29,14,432.2,28.55,67.15,3.33,2024-07-29 14:00:00,0.984025,42.5295605,42.5295605
2024,7,29,15,279.1,27.55,71.44,3.82,2024-07-29 15:00:00,0.988525,27.58973275,27.58973275
2024,7,29,16,129.98,25.96,79.59,4.36,2024-07-29 16:00:00,0.99568,12.941848639999998,12.941848639999998
2024,7,29,17,14.18,24.0,89.88,4.01,2024-07-29 17:00:00,1.0045,1.424381,1.424381
2024,7,29,18,0.0,23.19,93.64,4.19,2024-07-29 18:00:00,1.008145,0.0,0.0
2024,7,29,19,0.0,22.97,94.41,4.03,2024-07-29 19:00:00,1.0091350000000001,0.0,0.0
2024,7,29,20,0.0,22.75,95.01,3.71,2024-07-29 20:00:00,1.010125,0.0,0.0
2024,7,29,21,0.0,22.54,95.57,3.49,2024-07-29 21:00:00,1.01107,0.0,0.0
2024,7,29,22,0.0,22.36,96.11,3.18,2024-07-29 22:00:00,1.0118800000000001,0.0,0.0
2024,7,29,23,0.0,22.12,96.98,2.94,2024-07-29 23:00:00,1.01296,0.0,0.0
2024,7,30,0,0.0,21.81,98.14,2.79,2024-07-30 00:00:00,1.014355,0.0,0.0
2024,7,30,1,0.0,21.66,98.16,2.85,2024-07-30 01:00:00,1.01503,0.0,0.0
2024,7,30,2,0.0,21.55,98.2,2.84,2024-07-30 02:00:00,1.015525,0.0,0.0
2024,7,30,3,0.0,21.41,98.68,2.81,2024-07-30 03:00:00,1.016155,0.0,0.0
2024,7,30,4,0.0,21.24,99.37,2.77,2024-07-30 04:00:00,1.01692,0.0,0.0
2024,7,30,5,0.0,20.98,100.0,2.72,2024-07-30 05:00:00,1.01809,0.0,0.0
2024,7,30,6,57.7,22.47,94.13,3.08,2024-07-30 06:00:00,1.011385,5.835691450000001,5.835691450000001
2024,7,30,7,255.0,24.45,85.37,4.24,2024-07-30 07:00:00,1.002475,25.5631125,25.5631125
2024,7,30,8,479.55,26.0,78.24,4.49,2024-07-30 08:00:00,0.9955,47.739202500000005,47.739202500000005
2024,7,30,9,659.55,27.22,73.77,4.36,2024-07-30 09:00:00,0.9900100000000001,65.29610955,65.29610955
2024,7,30,10,774.08,28.14,71.0,4.35,2024-07-30 10:00:00,0.98587,76.31422496,76.31422496
2024,7,30,11,802.25,28.72,69.27,4.34,2024-07-30 11:00:00,0.98326,78.8820335,78.8820335
2024,7,30,12,751.3,29.06,68.17,4.19,2024-07-30 12:00:00,0.98173,73.75737489999999,73.75737489999999
2024,7,30,13,584.7,29.1,67.86,4.04,2024-07-30 13:00:00,0.98155,57.391228500000004,57.391228500000004
2024,7,30,14,511.7,28.81,68.47,3.89,2024-07-30 14:00:00,0.982855,50.29269035,50.29269035
2024,7,30,15,333.05,28.2,71.02,3.81,2024-07-30 15:00:00,0.9856,32.825408,32.825408
2024,7,30,16,146.8,26.83,78.6,3.75,2024-07-30 16:00:00,0.991765,14.559110200000001,14.559110200000001
2024,7,30,17,15.07,24.72,89.49,3.16,2024-07-30 17:00:00,1.00126,1.5088988200000002,1.5088988200000002
2024,7,30,18,0.0,23.7,93.95,3.51,2024-07-30 18:00:00,1.00585,0.0,0.0
2024,7,30,19,0.0,23.36,95.59,3.63,2024-07-30 19:00:00,1.00738,0.0,0.0
2024,7,30,20,0.0,23.02,96.81,3.24,2024-07-30 20:00:00,1.00891,0.0,0.0
2024,7,30,21,0.0,22.63,98.41,2.91,2024-07-30 21:00:00,1.010665,0.0,0.0
2024,7,30,22,0.0,22.34,99.36,2.77,2024-07-30 22:00:00,1.01197,0.0,0.0
2024,7,30,23,0.0,22.07,100.0,2.65,2024-07-30 23:00:00,1.013185,0.0,0.0
2024,7,31,0,0.0,21.83,100.0,2.57,2024-07-31 00:00:00,1.014265,0.0,0.0
2024,7,31,1,0.0,21.59,100.0,2.56,2024-07-31 01:00:00,1.015345,0.0,0.0
2024,7,31,2,0.0,21.37,100.0,2.55,2024-07-31 02:00:00,1.016335,0.0,0.0
2024,7,31,3,0.0,21.14,100.0,2.55,2024-07-31 03:00:00,1.01737,0.0,0.0
2024,7,31,4,0.0,20.91,100.0,2.55,2024-07-31 04:00:00,1.018405,0.0,0.0
2024,7,31,5,0.0,20.71,100.0,2.52,2024-07-31 05:00:00,1.019305,0.0,0.0
2024,7,31,6,59.47,22.46,95.44,2.83,2024-07-31 06:00:00,1.01143,6.01497421,6.01497421
2024,7,31,7,263.27,24.55,86.45,4.01,2024-07-31 07:00:00,1.002025,26.380312175,26.380312175
2024,7,31,8,482.0,26.15,79.63,4.2,2024-07-31 08:00:00,0.994825,47.95056499999999,47.95056499999999
2024,7,31,9,645.12,27.4,75.03,3.93,2024-07-31 09:00:00,0.9892,63.815270399999996,63.815270399999996
2024,7,31,10,711.5,28.4,71.7,3.78,2024-07-31 10:00:00,0.9847,70.06140500000001,70.06140500000001
2024,7,31,11,660.88,29.07,69.69,3.76,2024-07-31 11:00:00,0.981685,64.87759828000002,64.87759828000002
2024,7,31,12,605.72,29.34,68.97,3.78,2024-07-31 12:00:00,0.98047,59.38902884,59.38902884
2024,7,31,13,506.48,29.32,68.94,3.8,2024-07-31 13:00:00,0.98056,49.66340288,49.66340288
2024,7,31,14,427.02,28.97,70.05,3.86,2024-07-31 14:00:00,0.982135,41.939128769999996,41.939128769999996
2024,7,31,15,263.88,27.81,75.08,4.13,2024-07-31 15:00:00,0.987355,26.05432374,26.05432374
2024,7,31,16,108.95,26.38,82.23,4.14,2024-07-31 16:00:00,0.99379,10.82734205,10.82734205
2024,7,31,17,11.12,24.71,90.85,3.38,2024-07-31 17:00:00,1.001305,1.1134511599999997,1.1134511599999997
2024,7,31,18,0.0,23.97,94.41,3.32,2024-07-31 18:00:00,1.004635,0.0,0.0
2024,7,31,19,0.0,23.74,95.64,3.18,2024-07-31 19:00:00,1.00567,0.0,0.0
2024,7,31,20,0.0,23.58,96.08,3.05,2024-07-31 20:00:00,1.0063900000000001,0.0,0.0
2024,7,31,21,0.0,23.44,96.26,3.01,2024-07-31 21:00:00,1.00702,0.0,0.0
2024,7,31,22,0.0,23.3,96.54,3.04,2024-07-31 22:00:00,1.00765,0.0,0.0
2024,7,31,23,0.0,23.13,96.78,2.9,2024-07-31 23:00:00,1.008415,0.0,0.0
2024,8,1,0,0.0,22.96,96.84,2.85,2024-08-01 00:00:00,1.00918,0.0,0.0
2024,8,1,1,0.0,22.84,96.77,2.9,2024-08-01 01:00:00,1.00972,0.0,0.0
2024,8,1,2,0.0,22.7,96.96,2.79,2024-08-01 02:00:00,1.01035,0.0,0.0
2024,8,1,3,0.0,22.64,96.96,2.79,2024-08-01 03:00:00,1.01062,0.0,0.0
2024,8,1,4,0.0,22.58,97.05,2.67,2024-08-01 04:00:00,1.01089,0.0,0.0
2024,8,1,5,0.0,22.48,97.17,2.51,2024-08-01 05:00:00,1.01134,0.0,0.0
2024,8,1,6,34.0,23.42,95.51,3.1,2024-08-01 06:00:00,1.00711,3.4241740000000003,3.4241740000000003
2024,8,1,7,178.15,24.66,91.11,3.75,2024-08-01 07:00:00,1.00153,17.842256950000003,17.842256950000003
2024,8,1,8,345.05,25.95,84.17,3.77,2024-08-01 08:00:00,0.995725,34.357491125,34.357491125
2024,8,1,9,463.48,27.34,77.8,3.51,2024-08-01 09:00:00,0.98947,45.859955559999996,45.859955559999996
2024,8,1,10,524.47,28.31,74.23,3.39,2024-08-01 10:00:00,0.985105,51.665801935000005,51.665801935000005
2024,8,1,11,586.67,28.87,72.57,3.45,2024-08-01 11:00:00,0.982585,57.645314195,57.645314195
2024,8,1,12,530.2,29.07,72.09,3.58,2024-08-01 12:00:00,0.981685,52.04893870000001,52.04893870000001
2024,8,1,13,494.12,28.87,73.02,3.81,2024-08-01 13:00:00,0.982585,48.55149002,48.55149002
2024,8,1,14,398.58,28.02,76.56,4.26,2024-08-01 14:00:00,0.98641,39.31632978,39.31632978
2024,8,1,15,243.82,26.79,82.12,4.75,2024-08-01 15:00:00,0.991945,24.185602989999996,24.185602989999996
2024,8,1,16,95.45,25.34,88.65,4.78,2024-08-01 16:00:00,0.99847,9.53039615,9.53039615
2024,8,1,17,8.5,24.13,94.54,4.14,2024-08-01 17:00:00,1.0039150000000001,0.8533277500000002,0.8533277500000002
2024,8,1,18,0.0,23.76,96.05,3.76,2024-08-01 18:00:00,1.00558,0.0,0.0
2024,8,1,19,0.0,23.61,96.35,3.5,2024-08-01 19:00:00,1.006255,0.0,0.0
2024,8,1,20,0.0,23.48,96.61,3.17,2024-08-01 20:00:00,1.00684,0.0,0.0
2024,8,1,21,0.0,23.33,96.95,2.75,2024-08-01 21:00:00,1.007515,0.0,0.0
2024,8,1,22,0.0,23.17,97.26,2.47,2024-08-01 22:00:00,1.008235,0.0,0.0
2024,8,1,23,0.0,23.03,97.6,2.35,2024-08-01 23:00:00,1.008865,0.0,0.0
2024,8,2,0,0.0,22.91,97.69,2.28,2024-08-02 00:00:00,1.009405,0.0,0.0
2024,8,2,1,0.0,22.81,97.78,2.26,2024-08-02 01:00:00,1.009855,0.0,0.0
2024,8,2,2,0.0,22.71,97.87,2.27,2024-08-02 02:00:00,1.010305,0.0,0.0
2024,8,2,3,0.0,22.61,98.0,2.28,2024-08-02 03:00:00,1.010755,0.0,0.0
2024,8,2,4,0.0,22.52,97.98,2.25,2024-08-02 04:00:00,1.01116,0.0,0.0
2024,8,2,5,0.0,22.44,97.87,2.25,2024-08-02 05:00:00,1.01152,0.0,0.0
2024,8,2,6,42.35,23.51,96.08,2.9,2024-08-02 06:00:00,1.006705,4.263395674999999,4.263395674999999
2024,8,2,7,163.12,24.73,91.85,3.67,2024-08-02 07:00:00,1.001215,16.33181908,16.33181908
2024,8,2,8,308.0,26.14,84.78,3.75,2024-08-02 08:00:00,0.99487,30.641996000000002,30.641996000000002
2024,8,2,9,493.95,27.58,77.97,3.45,2024-08-02 09:00:00,0.98839,48.82152405,48.82152405
2024,8,2,10,603.58,28.66,73.8,3.17,2024-08-02 10:00:00,0.98353,59.363903740000005,59.363903740000005
2024,8,2,11,630.55,29.28,71.51,2.95,2024-08-02 11:00:00,0.98074,61.84056069999999,61.84056069999999
2024,8,2,12,502.8,29.65,70.22,2.93,2024-08-02 12:00:00,0.979075,49.227891,49.227891
2024,8,2,13,547.38,29.52,70.34,3.16,2024-08-02 13:00:00,0.97966,53.62462908,53.62462908
2024,8,2,14,423.05,28.68,73.45,3.66,2024-08-02 14:00:00,0.98344,41.604429200000006,41.604429200000006
2024,8,2,15,259.88,27.58,78.55,4.11,2024-08-02 15:00:00,0.98839,25.68627932,25.68627932
2024,8,2,16,108.35,26.13,85.55,4.23,2024-08-02 16:00:00,0.994915,10.779904024999999,10.779904024999999
2024,8,2,17,10.77,24.65,93.01,3.75,2024-08-02 17:00:00,1.001575,1.078696275,1.078696275
2024,8,2,18,0.0,24.02,95.63,3.64,2024-08-02 18:00:00,1.00441,0.0,0.0
2024,8,2,19,0.0,23.84,96.12,3.5,2024-08-02 19:00:00,1.00522,0.0,0.0
2024,8,2,20,0.0,23.7,96.4,3.35,2024-08-02 20:00:00,1.00585,0.0,0.0
2024,8,2,21,0.0,23.59,96.63,3.15,2024-08-02 21:00:00,1.006345,0.0,0.0
2024,8,2,22,0.0,23.47,96.84,2.98,2024-08-02 22:00:00,1.006885,0.0,0.0
2024,8,2,23,0.0,23.34,97.03,2.68,2024-08-02 23:00:00,1.00747,0.0,0.0
2024,8,3,0,0.0,23.09,97.29,2.45,2024-08-03 00:00:00,1.008595,0.0,0.0
2024,8,3,1,0.0,22.95,97.28,2.46,2024-08-03 01:00:00,1.009225,0.0,0.0
2024,8,3,2,0.0,22.81,97.41,2.41,2024-08-03 02:00:00,1.009855,0.0,0.0
2024,8,3,3,0.0,22.69,97.39,2.39,2024-08-03 03:00:00,1.010395,0.0,0.0
2024,8,3,4,0.0,22.57,97.35,2.28,2024-08-03 04:00:00,1.010935,0.0,0.0
2024,8,3,5,0.0,22.46,97.39,2.18,2024-08-03 05:00:00,1.01143,0.0,0.0
2024,8,3,6,42.33,23.41,95.69,2.67,2024-08-03 06:00:00,1.007155,4.263287115,4.263287115
2024,8,3,7,166.55,24.2,93.58,3.07,2024-08-03 07:00:00,1.0036,16.714958000000003,16.714958000000003
2024,8,3,8,353.35,25.03,89.58,3.23,2024-08-03 08:00:00,0.999865,35.330229775,35.330229775
2024,8,3,9,476.48,26.19,83.47,3.26,2024-08-03 09:00:00,0.994645,47.392844960000005,47.392844960000005
2024,8,3,10,656.9,27.55,77.25,3.15,2024-08-03 10:00:00,0.988525,64.93620725,64.93620725
2024,8,3,11,778.97,28.61,73.19,3.07,2024-08-03 11:00:00,0.983755,76.63156323500002,76.63156323500002
2024,8,3,12,756.62,29.36,70.38,3.0,2024-08-03 12:00:00,0.98038,74.17751156,74.17751156
2024,8,3,13,682.4,29.56,68.87,3.02,2024-08-03 13:00:00,0.97948,66.8397152,66.8397152
2024,8,3,14,529.83,29.33,68.8,3.19,2024-08-03 14:00:00,0.980515,51.950626245,51.950626245
2024,8,3,15,345.4,28.63,71.25,3.44,2024-08-03 15:00:00,0.983665,33.9757891,33.9757891
2024,8,3,16,152.9,27.15,79.22,3.58,2024-08-03 16:00:00,0.990325,15.14206925,15.14206925
2024,8,3,17,15.88,25.02,90.66,3.13,2024-08-03 17:00:00,0.99991,1.58785708,1.58785708
2024,8,3,18,0.0,23.99,95.42,3.45,2024-08-03 18:00:00,1.004545,0.0,0.0
2024,8,3,19,0.0,23.76,96.25,3.4,2024-08-03 19:00:00,1.00558,0.0,0.0
2024,8,3,20,0.0,23.62,96.5,3.32,2024-08-03 20:00:00,1.00621,0.0,0.0
2024,8,3,21,0.0,23.48,96.71,3.21,2024-08-03 21:00:00,1.00684,0.0,0.0
2024,8,3,22,0.0,23.3,97.08,2.91,2024-08-03 22:00:00,1.00765,0.0,0.0
2024,8,3,23,0.0,23.09,97.53,2.67,2024-08-03 23:00:00,1.008595,0.0,0.0
2024,8,4,0,0.0,22.89,97.79,2.56,2024-08-04 00:00:00,1.009495,0.0,0.0
2024,8,4,1,0.0,22.72,97.85,2.51,2024-08-04 01:00:00,1.01026,0.0,0.0
2024,8,4,2,0.0,22.51,98.15,2.46,2024-08-04 02:00:00,1.011205,0.0,0.0
2024,8,4,3,0.0,22.33,98.35,2.46,2024-08-04 03:00:00,1.012015,0.0,0.0
2024,8,4,4,0.0,22.13,98.68,2.4,2024-08-04 04:00:00,1.012915,0.0,0.0
2024,8,4,5,0.0,21.94,99.05,2.39,2024-08-04 05:00:00,1.01377,0.0,0.0
2024,8,4,6,56.7,23.15,95.0,3.21,2024-08-04 06:00:00,1.008325,5.717202749999999,5.717202749999999
2024,8,4,7,258.6,24.59,88.93,4.35,2024-08-04 07:00:00,1.001845,25.907711700000004,25.907711700000004
2024,8,4,8,484.4,26.04,81.46,4.96,2024-08-04 08:00:00,0.99532,48.2133008,48.2133008
2024,8,4,9,647.22,27.19,76.19,5.37,2024-08-04 09:00:00,0.9901449999999999,64.08416469000001,64.08416469000001
2024,8,4,10,755.67,27.95,72.87,5.63,2024-08-04 10:00:00,0.986725,74.563848075,74.563848075
2024,8,4,11,831.3,28.41,70.81,5.76,2024-08-04 11:00:00,0.984655,81.85437015,81.85437015
2024,8,4,12,797.72,28.56,69.99,5.81,2024-08-04 12:00:00,0.98398,78.49405255999999,78.49405255999999
2024,8,4,13,720.0,28.46,69.39,5.76,2024-08-04 13:00:00,0.98443,70.87896,70.87896
2024,8,4,14,566.72,28.05,69.8,5.58,2024-08-04 14:00:00,0.986275,55.8941768,55.8941768
2024,8,4,15,377.8,27.25,71.94,5.27,2024-08-04 15:00:00,0.989875,37.3974775,37.3974775
2024,8,4,16,173.82,26.01,77.51,4.69,2024-08-04 16:00:00,0.995455,17.302998810000002,17.302998810000002
2024,8,4,17,18.25,24.01,89.12,3.16,2024-08-04 17:00:00,1.004455,1.833130375,1.833130375
2024,8,4,18,0.0,22.98,94.27,2.91,2024-08-04 18:00:00,1.00909,0.0,0.0
2024,8,4,19,0.0,22.6,96.07,2.89,2024-08-04 19:00:00,1.0108,0.0,0.0
2024,8,4,20,0.0,22.2,98.13,2.77,2024-08-04 20:00:00,1.0126,0.0,0.0
2024,8,4,21,0.0,21.82,100.0,2.61,2024-08-04 21:00:00,1.01431,0.0,0.0
2024,8,4,22,0.0,21.46,100.0,2.54,2024-08-04 22:00:00,1.01593,0.0,0.0
2024,8,4,23,0.0,21.16,100.0,2.53,2024-08-04 23:00:00,1.01728,0.0,0.0
2024,8,5,0,0.0,20.85,100.0,2.53,2024-08-05 00:00:00,1.018675,0.0,0.0
2024,8,5,1,0.0,20.6,100.0,2.56,2024-08-05 01:00:00,1.0198,0.0,0.0
2024,8,5,2,0.0,20.42,100.0,2.61,2024-08-05 02:00:00,1.02061,0.0,0.0
2024,8,5,3,0.0,20.28,100.0,2.64,2024-08-05 03:00:00,1.02124,0.0,0.0
2024,8,5,4,0.0,20.12,100.0,2.65,2024-08-05 04:00:00,1.02196,0.0,0.0
2024,8,5,5,0.0,19.94,100.0,2.6,2024-08-05 05:00:00,1.02277,0.0,0.0
2024,8,5,6,66.62,21.97,94.72,2.75,2024-08-05 06:00:00,1.013635,6.752836370000001,6.752836370000001
2024,8,5,7,276.2,24.31,84.27,3.84,2024-08-05 07:00:00,1.003105,27.7057601,27.7057601
2024,8,5,8,507.85,26.09,75.53,4.26,2024-08-05 08:00:00,0.995095,50.535899575,50.535899575
2024,8,5,9,698.58,27.36,69.69,4.17,2024-08-05 09:00:00,0.98938,69.11610804,69.11610804
2024,8,5,10,826.1,28.21,65.99,4.04,2024-08-05 10:00:00,0.985555,81.41669854999999,81.41669854999999
2024,8,5,11,891.17,28.72,63.84,3.93,2024-08-05 11:00:00,0.98326,87.62518141999999,87.62518141999999
2024,8,5,12,859.55,28.98,62.71,3.86,2024-08-05 12:00:00,0.98209,84.41554595,84.41554595
2024,8,5,13,728.65,28.96,62.34,3.88,2024-08-05 13:00:00,0.98218,71.5665457,71.5665457
2024,8,5,14,589.95,28.54,63.33,4.07,2024-08-05 14:00:00,0.98407,58.05520965000001,58.05520965000001
2024,8,5,15,391.42,27.67,66.63,4.35,2024-08-05 15:00:00,0.987985,38.671708869999996,38.671708869999996
2024,8,5,16,179.25,26.11,74.62,4.34,2024-08-05 16:00:00,0.995005,17.835464625,17.835464625
2024,8,5,17,18.1,23.95,86.35,3.53,2024-08-05 17:00:00,1.004725,1.8185522500000002,1.8185522500000002
2024,8,5,18,0.0,22.99,91.41,3.48,2024-08-05 18:00:00,1.009045,0.0,0.0
2024,8,5,19,0.0,22.66,93.73,3.37,2024-08-05 19:00:00,1.01053,0.0,0.0
2024,8,5,20,0.0,22.36,95.0,3.1,2024-08-05 20:00:00,1.0118800000000001,0.0,0.0
2024,8,5,21,0.0,21.99,95.41,2.86,2024-08-05 21:00:00,1.013545,0.0,0.0
2024,8,5,22,0.0,21.62,95.76,2.71,2024-08-05 22:00:00,1.01521,0.0,0.0
2024,8,5,23,0.0,21.23,96.36,2.59,2024-08-05 23:00:00,1.016965,0.0,0.0
2024,8,6,0,0.0,20.91,96.7,2.57,2024-08-06 00:00:00,1.018405,0.0,0.0
2024,8,6,1,0.0,20.64,97.0,2.57,2024-08-06 01:00:00,1.01962,0.0,0.0
2024,8,6,2,0.0,20.45,97.26,2.58,2024-08-06 02:00:00,1.020475,0.0,0.0
2024,8,6,3,0.0,20.23,97.72,2.58,2024-08-06 03:00:00,1.021465,0.0,0.0
2024,8,6,4,0.0,20.06,98.16,2.56,2024-08-06 04:00:00,1.02223,0.0,0.0
2024,8,6,5,0.0,19.93,98.41,2.58,2024-08-06 05:00:00,1.022815,0.0,0.0
2024,8,6,6,63.8,21.49,94.39,2.97,2024-08-06 06:00:00,1.015795,6.4807721,6.4807721
2024,8,6,7,259.98,23.35,88.11,4.19,2024-08-06 07:00:00,1.007425,26.191035150000005,26.191035150000005
2024,8,6,8,472.08,25.15,79.48,4.79,2024-08-06 08:00:00,0.999325,47.1761346,47.1761346
2024,8,6,9,645.3,26.57,73.23,4.89,2024-08-06 09:00:00,0.992935,64.07409555,64.07409555
2024,8,6,10,750.28,27.52,69.69,4.93,2024-08-06 10:00:00,0.98866,74.17718247999998,74.17718247999998
2024,8,6,11,826.58,28.16,66.96,4.9,2024-08-06 11:00:00,0.98578,81.48260324000002,81.48260324000002
2024,8,6,12,783.45,28.48,65.55,4.87,2024-08-06 12:00:00,0.98434,77.11811730000001,77.11811730000001
2024,8,6,13,691.97,28.45,65.3,4.82,2024-08-06 13:00:00,0.984475,68.122716575,68.122716575
2024,8,6,14,497.83,28.14,66.01,4.81,2024-08-06 14:00:00,0.98587,49.07956621,49.07956621
2024,8,6,15,323.35,27.23,69.79,4.79,2024-08-06 15:00:00,0.989965,32.010518275,32.010518275
2024,8,6,16,145.65,25.87,76.88,4.79,2024-08-06 16:00:00,0.996085,14.507978025,14.507978025
2024,8,6,17,16.0,23.76,87.61,3.98,2024-08-06 17:00:00,1.00558,1.608928,1.608928
2024,8,6,18,0.0,22.73,91.96,3.98,2024-08-06 18:00:00,1.010215,0.0,0.0
2024,8,6,19,0.0,22.28,93.65,3.72,2024-08-06 19:00:00,1.01224,0.0,0.0
2024,8,6,20,0.0,21.87,94.52,3.46,2024-08-06 20:00:00,1.014085,0.0,0.0
2024,8,6,21,0.0,21.47,95.3,3.15,2024-08-06 21:00:00,1.015885,0.0,0.0
2024,8,6,22,0.0,21.19,95.91,2.93,2024-08-06 22:00:00,1.017145,0.0,0.0
2024,8,6,23,0.0,20.98,96.33,2.77,2024-08-06 23:00:00,1.01809,0.0,0.0
2024,8,7,0,0.0,20.77,97.03,2.7,2024-08-07 00:00:00,1.019035,0.0,0.0
2024,8,7,1,0.0,20.53,98.12,2.71,2024-08-07 01:00:00,1.020115,0.0,0.0
2024,8,7,2,0.0,20.26,99.48,2.75,2024-08-07 02:00:00,1.02133,0.0,0.0
2024,8,7,3,0.0,20.13,100.0,2.76,2024-08-07 03:00:00,1.021915,0.0,0.0
2024,8,7,4,0.0,20.02,100.0,2.7,2024-08-07 04:00:00,1.02241,0.0,0.0
2024,8,7,5,0.0,19.87,100.0,2.67,2024-08-07 05:00:00,1.023085,0.0,0.0
2024,8,7,6,57.72,21.62,94.19,3.08,2024-08-07 06:00:00,1.01521,5.85979212,5.85979212
2024,8,7,7,228.62,23.75,85.69,4.53,2024-08-07 07:00:00,1.005625,22.99059875,22.99059875
2024,8,7,8,426.35,25.47,78.93,5.01,2024-08-07 08:00:00,0.997885,42.544826975,42.544826975
2024,8,7,9,593.78,26.85,74.54,4.97,2024-08-07 09:00:00,0.991675,58.88367815,58.88367815
2024,8,7,10,695.6,28.0,71.24,5.07,2024-08-07 10:00:00,0.9865,68.62094,68.62094
2024,8,7,11,764.08,28.73,69.19,5.24,2024-08-07 11:00:00,0.983215,75.12549172000001,75.12549172000001
2024,8,7,12,617.0,29.05,68.16,5.36,2024-08-07 12:00:00,0.981775,60.5755175,60.5755175
2024,8,7,13,628.17,29.05,67.69,5.34,2024-08-07 13:00:00,0.981775,61.672160174999995,61.672160174999995
2024,8,7,14,464.7,28.53,69.37,5.31,2024-08-07 14:00:00,0.984115,45.73182405,45.73182405
2024,8,7,15,277.4,27.63,73.02,5.31,2024-08-07 15:00:00,0.988165,27.411697099999998,27.411697099999998
2024,8,7,16,126.6,26.33,78.94,5.01,2024-08-07 16:00:00,0.994015,12.584229899999999,12.584229899999999
2024,8,7,17,13.8,24.47,88.18,3.95,2024-08-07 17:00:00,1.002385,1.3832913000000002,1.3832913000000002
2024,8,7,18,0.0,23.51,92.58,3.7,2024-08-07 18:00:00,1.006705,0.0,0.0
2024,8,7,19,0.0,23.11,94.64,3.27,2024-08-07 19:00:00,1.008505,0.0,0.0
2024,8,7,20,0.0,22.8,95.76,2.84,2024-08-07 20:00:00,1.0099,0.0,0.0
2024,8,7,21,0.0,22.52,96.51,2.62,2024-08-07 21:00:00,1.01116,0.0,0.0
2024,8,7,22,0.0,22.25,97.52,2.58,2024-08-07 22:00:00,1.012375,0.0,0.0
2024,8,7,23,0.0,22.07,98.21,2.57,2024-08-07 23:00:00,1.013185,0.0,0.0
2024,8,8,0,0.0,21.87,98.95,2.56,2024-08-08 00:00:00,1.014085,0.0,0.0
2024,8,8,1,0.0,21.69,99.63,2.6,2024-08-08 01:00:00,1.014895,0.0,0.0
2024,8,8,2,0.0,21.57,99.9,2.73,2024-08-08 02:00:00,1.015435,0.0,0.0
2024,8,8,3,0.0,21.5,100.0,2.85,2024-08-08 03:00:00,1.01575,0.0,0.0
2024,8,8,4,0.0,21.39,100.0,2.74,2024-08-08 04:00:00,1.016245,0.0,0.0
2024,8,8,5,0.0,21.31,100.0,2.67,2024-08-08 05:00:00,1.016605,0.0,0.0
2024,8,8,6,35.12,22.78,94.97,3.63,2024-08-08 06:00:00,1.00999,3.54708488,3.54708488
2024,8,8,7,138.77,24.46,87.66,5.04,2024-08-08 07:00:00,1.00243,13.910721109999999,13.910721109999999
2024,8,8,8,238.75,26.07,79.09,5.74,2024-08-08 08:00:00,0.995185,23.760041875,23.760041875
2024,8,8,9,396.02,27.37,73.67,5.75,2024-08-08 09:00:00,0.989335,39.179644669999995,39.179644669999995
2024,8,8,10,516.78,28.33,70.26,5.82,2024-08-08 10:00:00,0.985015,50.903605170000006,50.903605170000006
2024,8,8,11,564.42,28.84,68.47,5.94,2024-08-08 11:00:00,0.98272,55.46668224,55.46668224
2024,8,8,12,493.88,29.0,67.95,5.96,2024-08-08 12:00:00,0.982,48.499016,48.499016
2024,8,8,13,434.9,28.65,69.13,5.92,2024-08-08 13:00:00,0.983575,42.775676749999995,42.775676749999995
2024,8,8,14,366.7,28.11,71.52,5.98,2024-08-08 14:00:00,0.986005,36.15680335,36.15680335
2024,8,8,15,245.52,27.22,75.44,5.88,2024-08-08 15:00:00,0.9900100000000001,24.306725520000004,24.306725520000004
2024,8,8,16,113.0,26.0,81.26,5.48,2024-08-08 16:00:00,0.9955,11.249150000000002,11.249150000000002
2024,8,8,17,14.7,24.43,89.58,4.43,2024-08-08 17:00:00,1.002565,1.4737705499999998,1.4737705499999998
2024,8,8,18,0.0,23.52,94.58,4.22,2024-08-08 18:00:00,1.00666,0.0,0.0
2024,8,8,19,0.0,23.24,95.62,4.0,2024-08-08 19:00:00,1.00792,0.0,0.0
2024,8,8,20,0.0,23.01,96.33,3.65,2024-08-08 20:00:00,1.008955,0.0,0.0
2024,8,8,21,0.0,22.76,97.08,3.24,2024-08-08 21:00:00,1.01008,0.0,0.0
2024,8,8,22,0.0,22.54,97.52,3.23,2024-08-08 22:00:00,1.01107,0.0,0.0
2024,8,8,23,0.0,22.26,98.22,3.05,2024-08-08 23:00:00,1.01233,0.0,0.0
2024,8,9,0,0.0,21.99,99.02,2.86,2024-08-09 00:00:00,1.013545,0.0,0.0
2024,8,9,1,0.0,21.79,99.56,2.81,2024-08-09 01:00:00,1.014445,0.0,0.0
2024,8,9,2,0.0,21.64,100.0,2.8,2024-08-09 02:00:00,1.01512,0.0,0.0
2024,8,9,3,0.0,21.51,100.0,2.82,2024-08-09 03:00:00,1.015705,0.0,0.0
2024,8,9,4,0.0,21.36,100.0,2.74,2024-08-09 04:00:00,1.01638,0.0,0.0
2024,8,9,5,0.0,21.2,100.0,2.72,2024-08-09 05:00:00,1.0171,0.0,0.0
2024,8,9,6,69.62,22.69,94.91,3.72,2024-08-09 06:00:00,1.010395,7.034369989999999,7.034369989999999
2024,8,9,7,256.45,24.51,86.17,5.22,2024-08-09 07:00:00,1.002205,25.701547225,25.701547225
2024,8,9,8,449.35,26.08,78.24,5.56,2024-08-09 08:00:00,0.99514,44.7166159,44.7166159
2024,8,9,9,622.47,27.37,72.75,5.36,2024-08-09 09:00:00,0.989335,61.58313574500001,61.58313574500001
2024,8,9,10,737.53,28.39,69.06,5.25,2024-08-09 10:00:00,0.984745,72.627897985,72.627897985
2024,8,9,11,716.78,29.04,66.86,5.14,2024-08-09 11:00:00,0.98182,70.37489396,70.37489396
2024,8,9,12,632.38,29.37,65.72,4.96,2024-08-09 12:00:00,0.980335,61.99442472999999,61.99442472999999
2024,8,9,13,502.58,29.38,65.85,4.86,2024-08-09 13:00:00,0.98029,49.26741482,49.26741482
2024,8,9,14,395.7,29.01,67.24,4.87,2024-08-09 14:00:00,0.981955,38.85595935,38.85595935
2024,8,9,15,249.85,27.91,71.92,4.99,2024-08-09 15:00:00,0.986905,24.657821425,24.657821425
2024,8,9,16,112.3,26.48,78.78,5.12,2024-08-09 16:00:00,0.99334,11.1552082,11.1552082
2024,8,9,17,10.7,24.54,88.51,4.52,2024-08-09 17:00:00,1.00207,1.0722148999999999,1.0722148999999999
2024,8,9,18,0.0,23.41,94.49,4.39,2024-08-09 18:00:00,1.007155,0.0,0.0
2024,8,9,19,0.0,23.12,96.07,3.8,2024-08-09 19:00:00,1.00846,0.0,0.0
2024,8,9,20,0.0,22.9,96.61,3.33,2024-08-09 20:00:00,1.00945,0.0,0.0
2024,8,9,21,0.0,22.6,97.11,3.04,2024-08-09 21:00:00,1.0108,0.0,0.0
2024,8,9,22,0.0,22.29,97.74,2.94,2024-08-09 22:00:00,1.012195,0.0,0.0
2024,8,9,23,0.0,22.04,98.27,2.98,2024-08-09 23:00:00,1.01332,0.0,0.0
2024,8,10,0,0.0,21.81,98.82,3.03,2024-08-10 00:00:00,1.014355,0.0,0.0
2024,8,10,1,0.0,21.58,99.33,3.01,2024-08-10 01:00:00,1.01539,0.0,0.0
2024,8,10,2,0.0,21.43,99.67,2.98,2024-08-10 02:00:00,1.016065,0.0,0.0
2024,8,10,3,0.0,21.33,99.91,3.02,2024-08-10 03:00:00,1.016515,0.0,0.0
2024,8,10,4,0.0,21.29,99.81,3.03,2024-08-10 04:00:00,1.016695,0.0,0.0
2024,8,10,5,0.0,21.18,100.0,2.89,2024-08-10 05:00:00,1.01719,0.0,0.0
2024,8,10,6,47.5,22.44,94.58,3.89,2024-08-10 06:00:00,1.01152,4.80472,4.80472
2024,8,10,7,196.32,24.17,86.91,5.23,2024-08-10 07:00:00,1.003735,19.70532552,19.70532552
2024,8,10,8,353.77,25.71,79.8,5.61,2024-08-10 08:00:00,0.9968049999999999,35.263970484999994,35.263970484999994
2024,8,10,9,487.1,26.97,74.94,5.5,2024-08-10 09:00:00,0.991135,48.27818585,48.27818585
2024,8,10,10,596.97,27.85,71.87,5.41,2024-08-10 10:00:00,0.987175,58.931385975000005,58.931385975000005
2024,8,10,11,699.3,28.4,69.9,5.26,2024-08-10 11:00:00,0.9847,68.86007099999999,68.86007099999999
2024,8,10,12,674.38,28.68,68.74,5.02,2024-08-10 12:00:00,0.98344,66.32122672,66.32122672
2024,8,10,13,573.97,28.75,68.04,4.83,2024-08-10 13:00:00,0.983125,56.428425625,56.428425625
2024,8,10,14,492.55,28.47,68.31,4.72,2024-08-10 14:00:00,0.984385,48.48588317499999,48.48588317499999
2024,8,10,15,304.88,27.64,70.98,4.69,2024-08-10 15:00:00,0.98812,30.12580256,30.12580256
2024,8,10,16,133.9,26.2,77.28,4.74,2024-08-10 16:00:00,0.9946,13.317694000000003,13.317694000000003
2024,8,10,17,12.98,24.04,88.25,4.21,2024-08-10 17:00:00,1.00432,1.3036073600000002,1.3036073600000002
2024,8,10,18,0.0,22.79,94.92,4.24,2024-08-10 18:00:00,1.009945,0.0,0.0
2024,8,10,19,0.0,22.38,96.37,3.8,2024-08-10 19:00:00,1.01179,0.0,0.0
2024,8,10,20,0.0,22.04,96.93,3.36,2024-08-10 20:00:00,1.01332,0.0,0.0
2024,8,10,21,0.0,21.72,97.87,3.09,2024-08-10 21:00:00,1.01476,0.0,0.0
2024,8,10,22,0.0,21.36,99.33,2.78,2024-08-10 22:00:00,1.01638,0.0,0.0
2024,8,10,23,0.0,21.13,99.59,2.9,2024-08-10 23:00:00,1.017415,0.0,0.0
2024,8,11,0,0.0,20.82,100.0,2.83,2024-08-11 00:00:00,1.01881,0.0,0.0
2024,8,11,1,0.0,20.55,99.82,2.91,2024-08-11 01:00:00,1.020025,0.0,0.0
2024,8,11,2,0.0,20.34,99.4,3.03,2024-08-11 02:00:00,1.02097,0.0,0.0
2024,8,11,3,0.0,20.14,99.63,3.1,2024-08-11 03:00:00,1.02187,0.0,0.0
2024,8,11,4,0.0,20.01,100.0,3.14,2024-08-11 04:00:00,1.022455,0.0,0.0
2024,8,11,5,0.0,19.81,100.0,3.06,2024-08-11 05:00:00,1.023355,0.0,0.0
2024,8,11,6,64.9,21.39,94.32,4.03,2024-08-11 06:00:00,1.016245,6.595430050000001,6.595430050000001
2024,8,11,7,261.75,23.39,85.24,5.24,2024-08-11 07:00:00,1.007245,26.364637874999996,26.364637874999996
2024,8,11,8,477.48,25.09,75.99,5.68,2024-08-11 08:00:00,0.999595,47.728662060000005,47.728662060000005
2024,8,11,9,643.5,26.19,71.28,5.6,2024-08-11 09:00:00,0.994645,64.00540575,64.00540575
2024,8,11,10,768.22,26.96,68.08,5.6,2024-08-11 10:00:00,0.99118,76.14442996,76.14442996
2024,8,11,11,799.08,27.43,65.63,5.74,2024-08-11 11:00:00,0.989065,79.03420602,79.03420602
2024,8,11,12,782.5,27.55,64.69,6.0,2024-08-11 12:00:00,0.988525,77.35208125,77.35208125
2024,8,11,13,699.47,27.33,65.17,6.25,2024-08-11 13:00:00,0.989515,69.213605705,69.213605705
2024,8,11,14,548.97,26.74,67.12,6.28,2024-08-11 14:00:00,0.99217,54.46715649000001,54.46715649000001
2024,8,11,15,355.4,25.86,70.09,6.08,2024-08-11 15:00:00,0.99613,35.4024602,35.4024602
2024,8,11,16,159.73,24.56,75.65,5.5,2024-08-11 16:00:00,1.00198,16.00462654,16.00462654
2024,8,11,17,16.85,22.6,86.25,3.96,2024-08-11 17:00:00,1.0108,1.703198,1.703198
2024,8,11,18,0.0,21.51,90.72,3.74,2024-08-11 18:00:00,1.015705,0.0,0.0
2024,8,11,19,0.0,20.98,93.22,3.3,2024-08-11 19:00:00,1.01809,0.0,0.0
2024,8,11,20,0.0,20.52,95.16,2.86,2024-08-11 20:00:00,1.02016,0.0,0.0
2024,8,11,21,0.0,20.14,96.38,2.67,2024-08-11 21:00:00,1.02187,0.0,0.0
2024,8,11,22,0.0,19.8,97.15,2.59,2024-08-11 22:00:00,1.0234,0.0,0.0
2024,8,11,23,0.0,19.46,97.74,2.6,2024-08-11 23:00:00,1.02493,0.0,0.0
2024,8,12,0,0.0,19.16,98.82,2.65,2024-08-12 00:00:00,1.02628,0.0,0.0
2024,8,12,1,0.0,18.95,99.15,2.77,2024-08-12 01:00:00,1.027225,0.0,0.0
2024,8,12,2,0.0,18.75,100.0,2.84,2024-08-12 02:00:00,1.028125,0.0,0.0
2024,8,12,3,0.0,18.64,100.0,3.02,2024-08-12 03:00:00,1.02862,0.0,0.0
2024,8,12,4,0.0,18.5,100.0,3.01,2024-08-12 04:00:00,1.02925,0.0,0.0
2024,8,12,5,0.0,18.3,100.0,2.93,2024-08-12 05:00:00,1.03015,0.0,0.0
2024,8,12,6,65.05,20.1,93.39,3.61,2024-08-12 06:00:00,1.02205,6.6484352499999995,6.6484352499999995
2024,8,12,7,266.17,22.38,82.18,4.81,2024-08-12 07:00:00,1.01179,26.93081443,26.93081443
2024,8,12,8,486.77,24.08,73.82,5.06,2024-08-12 08:00:00,1.00414,48.878522780000004,48.878522780000004
2024,8,12,9,654.62,25.36,68.62,4.8,2024-08-12 09:00:00,0.99838,65.35595156000001,65.35595156000001
2024,8,12,10,791.7,26.36,65.28,4.64,2024-08-12 10:00:00,0.99388,78.6854796,78.6854796
2024,8,12,11,900.75,27.05,63.37,4.53,2024-08-12 11:00:00,0.990775,89.244058125,89.244058125
2024,8,12,12,895.65,27.4,62.72,4.45,2024-08-12 12:00:00,0.9892,88.597698,88.597698
2024,8,12,13,799.95,27.32,63.23,4.4,2024-08-12 13:00:00,0.98956,79.1598522,79.1598522
2024,8,12,14,632.1,26.98,64.69,4.44,2024-08-12 14:00:00,0.99109,62.6467989,62.6467989
2024,8,12,15,421.73,25.94,69.1,4.54,2024-08-12 15:00:00,0.99577,41.99460821,41.99460821
2024,8,12,16,195.98,24.56,75.39,4.71,2024-08-12 16:00:00,1.00198,19.63680404,19.63680404
2024,8,12,17,20.23,22.55,85.49,4.06,2024-08-12 17:00:00,1.011025,2.045303575,2.045303575
2024,8,12,18,0.0,21.3,91.54,3.71,2024-08-12 18:00:00,1.01665,0.0,0.0
2024,8,12,19,0.0,20.78,93.76,3.34,2024-08-12 19:00:00,1.01899,0.0,0.0
2024,8,12,20,0.0,20.33,94.57,2.89,2024-08-12 20:00:00,1.021015,0.0,0.0
2024,8,12,21,0.0,19.98,93.81,2.84,2024-08-12 21:00:00,1.0225899999999999,0.0,0.0
2024,8,12,22,0.0,19.63,94.3,2.72,2024-08-12 22:00:00,1.024165,0.0,0.0
2024,8,12,23,0.0,19.28,95.02,2.66,2024-08-12 23:00:00,1.02574,0.0,0.0
2024,8,13,0,0.0,18.94,96.17,2.63,2024-08-13 00:00:00,1.02727,0.0,0.0
2024,8,13,1,0.0,18.57,97.8,2.58,2024-08-13 01:00:00,1.028935,0.0,0.0
2024,8,13,2,0.0,18.17,100.0,2.49,2024-08-13 02:00:00,1.030735,0.0,0.0
2024,8,13,3,0.0,17.83,100.0,2.44,2024-08-13 03:00:00,1.032265,0.0,0.0
2024,8,13,4,0.0,17.58,100.0,2.4,2024-08-13 04:00:00,1.03339,0.0,0.0
2024,8,13,5,0.0,17.38,100.0,2.36,2024-08-13 05:00:00,1.03429,0.0,0.0
2024,8,13,6,77.2,19.46,95.17,2.56,2024-08-13 06:00:00,1.02493,7.9124596,7.9124596
2024,8,13,7,294.25,22.18,84.27,3.47,2024-08-13 07:00:00,1.01269,29.798403250000003,29.798403250000003
2024,8,13,8,522.17,24.47,75.64,3.93,2024-08-13 08:00:00,1.002385,52.341537544999994,52.341537544999994
2024,8,13,9,717.58,26.07,69.96,3.73,2024-08-13 09:00:00,0.995185,71.41248523,71.41248523
2024,8,13,10,846.17,27.23,66.47,3.64,2024-08-13 10:00:00,0.989965,83.767868405,83.767868405
2024,8,13,11,917.47,28.07,63.85,3.71,2024-08-13 11:00:00,0.986185,90.479515195,90.479515195
2024,8,13,12,886.53,28.55,62.32,3.79,2024-08-13 12:00:00,0.984025,87.236768325,87.236768325
2024,8,13,13,773.4,28.69,61.98,3.91,2024-08-13 13:00:00,0.983395,76.05576930000001,76.05576930000001
2024,8,13,14,590.35,28.45,62.91,4.01,2024-08-13 14:00:00,0.984475,58.118481625,58.118481625
2024,8,13,15,387.42,27.68,66.63,4.25,2024-08-13 15:00:00,0.98794,38.274771480000005,38.274771480000005
2024,8,13,16,174.57,26.08,75.34,4.59,2024-08-13 16:00:00,0.99514,17.372158980000002,17.372158980000002
2024,8,13,17,17.67,23.72,88.96,4.18,2024-08-13 17:00:00,1.00576,1.7771779200000002,1.7771779200000002
2024,8,13,18,0.0,22.52,95.91,4.37,2024-08-13 18:00:00,1.01116,0.0,0.0
2024,8,13,19,0.0,22.37,96.39,4.21,2024-08-13 19:00:00,1.011835,0.0,0.0
2024,8,13,20,0.0,22.1,97.32,3.57,2024-08-13 20:00:00,1.01305,0.0,0.0
2024,8,13,21,0.0,21.62,99.56,2.87,2024-08-13 21:00:00,1.01521,0.0,0.0
2024,8,13,22,0.0,21.28,100.0,2.71,2024-08-13 22:00:00,1.01674,0.0,0.0
2024,8,13,23,0.0,20.91,100.0,2.64,2024-08-13 23:00:00,1.018405,0.0,0.0
2024,8,14,0,0.0,20.54,100.0,2.57,2024-08-14 00:00:00,1.02007,0.0,0.0
2024,8,14,1,0.0,20.19,100.0,2.52,2024-08-14 01:00:00,1.021645,0.0,0.0
2024,8,14,2,0.0,19.91,100.0,2.52,2024-08-14 02:00:00,1.022905,0.0,0.0
2024,8,14,3,0.0,19.71,100.0,2.56,2024-08-14 03:00:00,1.023805,0.0,0.0
2024,8,14,4,0.0,19.51,100.0,2.59,2024-08-14 04:00:00,1.024705,0.0,0.0
2024,8,14,5,0.0,19.36,100.0,2.59,2024-08-14 05:00:00,1.02538,0.0,0.0
2024,8,14,6,76.28,21.25,95.16,3.32,2024-08-14 06:00:00,1.016875,7.7567224999999995,7.7567224999999995
2024,8,14,7,291.05,23.46,85.86,4.72,2024-08-14 07:00:00,1.00693,29.306697650000007,29.306697650000007
2024,8,14,8,519.5,25.28,77.73,5.31,2024-08-14 08:00:00,0.99874,51.884542999999994,51.884542999999994
2024,8,14,9,713.53,26.64,71.83,5.4,2024-08-14 09:00:00,0.99262,70.82641485999999,70.82641485999999
2024,8,14,10,829.85,27.71,67.88,5.42,2024-08-14 10:00:00,0.987805,81.972997925,81.972997925
2024,8,14,11,846.08,28.49,65.41,5.37,2024-08-14 11:00:00,0.984295,83.27923136000001,83.27923136000001
2024,8,14,12,778.58,28.88,64.44,5.23,2024-08-14 12:00:00,0.98254,76.49859932,76.49859932
2024,8,14,13,674.75,28.84,64.82,5.09,2024-08-14 13:00:00,0.98272,66.309032,66.309032
2024,8,14,14,509.45,28.37,66.55,5.13,2024-08-14 14:00:00,0.984835,50.17241907499999,50.17241907499999
2024,8,14,15,309.17,27.09,71.45,5.38,2024-08-14 15:00:00,0.990595,30.626225615000003,30.626225615000003
2024,8,14,16,141.7,25.57,77.9,5.49,2024-08-14 16:00:00,0.997435,14.13365395,14.13365395
2024,8,14,17,14.55,23.66,86.64,4.92,2024-08-14 17:00:00,1.00603,1.46377365,1.46377365
2024,8,14,18,0.0,22.59,91.16,4.78,2024-08-14 18:00:00,1.010845,0.0,0.0
2024,8,14,19,0.0,22.13,93.25,4.28,2024-08-14 19:00:00,1.012915,0.0,0.0
2024,8,14,20,0.0,21.78,94.55,3.85,2024-08-14 20:00:00,1.01449,0.0,0.0
2024,8,14,21,0.0,21.52,95.05,3.73,2024-08-14 21:00:00,1.01566,0.0,0.0
2024,8,14,22,0.0,21.25,95.58,3.59,2024-08-14 22:00:00,1.016875,0.0,0.0
2024,8,14,23,0.0,20.94,96.17,3.47,2024-08-14 23:00:00,1.01827,0.0,0.0
2024,8,15,0,0.0,20.55,97.47,3.18,2024-08-15 00:00:00,1.020025,0.0,0.0
2024,8,15,1,0.0,20.24,98.7,3.11,2024-08-15 01:00:00,1.02142,0.0,0.0
2024,8,15,2,0.0,20.04,99.76,3.16,2024-08-15 02:00:00,1.02232,0.0,0.0
2024,8,15,3,0.0,19.9,100.0,3.15,2024-08-15 03:00:00,1.02295,0.0,0.0
2024,8,15,4,0.0,19.73,100.0,3.03,2024-08-15 04:00:00,1.023715,0.0,0.0
2024,8,15,5,0.0,19.48,100.0,2.87,2024-08-15 05:00:00,1.02484,0.0,0.0
2024,8,15,6,71.35,21.12,94.12,3.83,2024-08-15 06:00:00,1.01746,7.2595771,7.2595771
2024,8,15,7,275.38,23.27,83.37,5.22,2024-08-15 07:00:00,1.007785,27.752383329999997,27.752383329999997
2024,8,15,8,512.38,24.99,74.97,5.77,2024-08-15 08:00:00,1.000045,51.240305709999994,51.240305709999994
2024,8,15,9,685.9,26.17,70.34,5.71,2024-08-15 09:00:00,0.994735,68.22887365,68.22887365
2024,8,15,10,797.47,27.06,67.14,5.69,2024-08-15 10:00:00,0.99073,79.00774531,79.00774531
2024,8,15,11,862.62,27.67,65.18,5.73,2024-08-15 11:00:00,0.987985,85.22556207,85.22556207
2024,8,15,12,823.5,27.92,64.38,5.77,2024-08-15 12:00:00,0.98686,81.26792099999999,81.26792099999999
2024,8,15,13,705.05,27.83,64.55,5.75,2024-08-15 13:00:00,0.9872650000000001,69.607118825,69.607118825
2024,8,15,14,509.58,27.38,65.69,5.71,2024-08-15 14:00:00,0.98929,50.41223982,50.41223982
2024,8,15,15,326.0,26.19,69.69,5.82,2024-08-15 15:00:00,0.994645,32.425427,32.425427
2024,8,15,16,150.15,24.67,75.57,5.83,2024-08-15 16:00:00,1.001485,15.037297275,15.037297275
2024,8,15,17,13.9,22.7,84.65,4.91,2024-08-15 17:00:00,1.01035,1.4043865000000002,1.4043865000000002
2024,8,15,18,0.0,21.67,89.48,4.53,2024-08-15 18:00:00,1.014985,0.0,0.0
2024,8,15,19,0.0,21.25,91.1,4.09,2024-08-15 19:00:00,1.016875,0.0,0.0
2024,8,15,20,0.0,20.83,92.86,3.35,2024-08-15 20:00:00,1.018765,0.0,0.0
2024,8,15,21,0.0,20.38,94.71,2.76,2024-08-15 21:00:00,1.02079,0.0,0.0
2024,8,15,22,0.0,20.05,95.52,2.67,2024-08-15 22:00:00,1.022275,0.0,0.0
2024,8,15,23,0.0,19.79,95.94,2.71,2024-08-15 23:00:00,1.023445,0.0,0.0
2024,8,16,0,0.0,19.5,97.05,2.73,2024-08-16 00:00:00,1.02475,0.0,0.0
2024,8,16,1,0.0,19.22,98.39,2.73,2024-08-16 01:00:00,1.02601,0.0,0.0
2024,8,16,2,0.0,18.99,99.41,2.74,2024-08-16 02:00:00,1.027045,0.0,0.0
2024,8,16,3,0.0,18.82,99.88,2.79,2024-08-16 03:00:00,1.02781,0.0,0.0
2024,8,16,4,0.0,18.62,100.0,2.68,2024-08-16 04:00:00,1.02871,0.0,0.0
2024,8,16,5,0.0,18.39,100.0,2.5,2024-08-16 05:00:00,1.029745,0.0,0.0
2024,8,16,6,74.18,20.16,93.57,2.78,2024-08-16 06:00:00,1.02178,7.57956404,7.57956404
2024,8,16,7,275.25,22.27,84.31,3.61,2024-08-16 07:00:00,1.012285,27.863144625,27.863144625
2024,8,16,8,472.17,24.1,76.56,3.72,2024-08-16 08:00:00,1.0040499999999999,47.40822885,47.40822885
2024,8,16,9,622.67,25.6,71.65,3.57,2024-08-16 09:00:00,0.9973,62.09887909999999,62.09887909999999
2024,8,16,10,716.83,26.69,68.28,3.71,2024-08-16 10:00:00,0.992395,71.13785078500001,71.13785078500001
2024,8,16,11,782.38,27.39,66.23,3.81,2024-08-16 11:00:00,0.989245,77.39655031000001,77.39655031000001
2024,8,16,12,788.28,27.67,65.34,3.94,2024-08-16 12:00:00,0.987985,77.88088158000001,77.88088158000001
2024,8,16,13,740.9,27.52,65.53,4.1,2024-08-16 13:00:00,0.98866,73.2498194,73.2498194
2024,8,16,14,612.9,26.99,66.92,4.31,2024-08-16 14:00:00,0.991045,60.74114805,60.74114805
2024,8,16,15,409.48,25.95,70.55,4.49,2024-08-16 15:00:00,0.995725,40.7729473,40.7729473
2024,8,16,16,187.7,24.72,75.73,4.61,2024-08-16 16:00:00,1.00126,18.7936502,18.7936502
2024,8,16,17,19.12,22.63,86.11,3.79,2024-08-16 17:00:00,1.010665,1.93239148,1.93239148
2024,8,16,18,0.0,21.61,91.04,3.74,2024-08-16 18:00:00,1.015255,0.0,0.0
2024,8,16,19,0.0,21.34,92.63,3.58,2024-08-16 19:00:00,1.01647,0.0,0.0
2024,8,16,20,0.0,21.12,93.94,3.2,2024-08-16 20:00:00,1.01746,0.0,0.0
2024,8,16,21,0.0,20.81,95.14,2.75,2024-08-16 21:00:00,1.018855,0.0,0.0
2024,8,16,22,0.0,20.6,95.69,2.52,2024-08-16 22:00:00,1.0198,0.0,0.0
2024,8,16,23,0.0,20.3,96.41,2.36,2024-08-16 23:00:00,1.02115,0.0,0.0
2024,8,17,0,0.0,19.97,97.42,2.24,2024-08-17 00:00:00,1.022635,0.0,0.0
2024,8,17,1,0.0,19.71,98.26,2.21,2024-08-17 01:00:00,1.023805,0.0,0.0
2024,8,17,2,0.0,19.4,99.43,2.26,2024-08-17 02:00:00,1.0252000000000001,0.0,0.0
2024,8,17,3,0.0,19.2,100.0,2.31,2024-08-17 03:00:00,1.0261,0.0,0.0
2024,8,17,4,0.0,19.06,100.0,2.27,2024-08-17 04:00:00,1.02673,0.0,0.0
2024,8,17,5,0.0,18.82,100.0,2.26,2024-08-17 05:00:00,1.02781,0.0,0.0
2024,8,17,6,73.43,20.55,94.2,2.8,2024-08-17 06:00:00,1.020025,7.4900435750000005,7.4900435750000005
2024,8,17,7,281.98,22.7,85.07,4.08,2024-08-17 07:00:00,1.01035,28.489849300000003,28.489849300000003
2024,8,17,8,516.03,24.66,77.05,4.32,2024-08-17 08:00:00,1.00153,51.68195259,51.68195259
2024,8,17,9,708.45,26.14,71.73,3.94,2024-08-17 09:00:00,0.99487,70.48156515,70.48156515
2024,8,17,10,843.7,27.38,67.72,3.71,2024-08-17 10:00:00,0.98929,83.46639730000001,83.46639730000001
2024,8,17,11,888.65,28.29,64.84,3.63,2024-08-17 11:00:00,0.985195,87.54935367499999,87.54935367499999
2024,8,17,12,837.62,28.86,63.32,3.74,2024-08-17 12:00:00,0.98263,82.30705406,82.30705406
2024,8,17,13,747.42,29.0,63.22,4.0,2024-08-17 13:00:00,0.982,73.396644,73.396644
2024,8,17,14,538.03,28.66,64.6,4.23,2024-08-17 14:00:00,0.98353,52.916864589999996,52.916864589999996
2024,8,17,15,341.0,27.68,68.48,4.54,2024-08-17 15:00:00,0.98794,33.688754,33.688754
2024,8,17,16,164.38,26.05,75.27,4.86,2024-08-17 16:00:00,0.995275,16.36033045,16.36033045
2024,8,17,17,17.7,23.79,86.17,4.34,2024-08-17 17:00:00,1.005445,1.77963765,1.77963765
2024,8,17,18,0.0,22.53,92.97,4.14,2024-08-17 18:00:00,1.011115,0.0,0.0
2024,8,17,19,0.0,22.17,95.06,3.71,2024-08-17 19:00:00,1.012735,0.0,0.0
2024,8,17,20,0.0,21.93,95.87,3.27,2024-08-17 20:00:00,1.013815,0.0,0.0
2024,8,17,21,0.0,21.6,96.75,2.78,2024-08-17 21:00:00,1.0153,0.0,0.0
2024,8,17,22,0.0,21.27,97.79,2.56,2024-08-17 22:00:00,1.016785,0.0,0.0
2024,8,17,23,0.0,20.96,98.81,2.45,2024-08-17 23:00:00,1.01818,0.0,0.0
2024,8,18,0,0.0,20.63,100.0,2.35,2024-08-18 00:00:00,1.019665,0.0,0.0
2024,8,18,1,0.0,20.32,100.0,2.3,2024-08-18 01:00:00,1.02106,0.0,0.0
2024,8,18,2,0.0,20.05,100.0,2.31,2024-08-18 02:00:00,1.022275,0.0,0.0
2024,8,18,3,0.0,19.81,100.0,2.35,2024-08-18 03:00:00,1.023355,0.0,0.0
2024,8,18,4,0.0,19.59,100.0,2.34,2024-08-18 04:00:00,1.024345,0.0,0.0
2024,8,18,5,0.0,19.39,100.0,2.31,2024-08-18 05:00:00,1.025245,0.0,0.0
2024,8,18,6,82.8,21.32,95.18,2.61,2024-08-18 06:00:00,1.01656,8.417116799999999,8.417116799999999
2024,8,18,7,302.35,23.44,85.97,3.52,2024-08-18 07:00:00,1.00702,30.4472497,30.4472497
2024,8,18,8,538.62,25.3,78.18,3.77,2024-08-18 08:00:00,0.99865,53.7892863,53.7892863
2024,8,18,9,727.55,26.69,73.28,3.98,2024-08-18 09:00:00,0.992395,72.201698225,72.201698225
2024,8,18,10,841.38,27.76,69.86,4.3,2024-08-18 10:00:00,0.98758,83.09300604,83.09300604
2024,8,18,11,889.8,28.42,67.81,4.62,2024-08-18 11:00:00,0.98461,87.6105978,87.6105978
2024,8,18,12,851.0,28.72,66.94,4.82,2024-08-18 12:00:00,0.98326,83.675426,83.675426
2024,8,18,13,748.05,28.67,66.98,4.81,2024-08-18 13:00:00,0.9834849999999999,73.56959542499999,73.56959542499999
2024,8,18,14,576.67,28.05,68.56,4.81,2024-08-18 14:00:00,0.986275,56.87552042499999,56.87552042499999
2024,8,18,15,335.4,27.04,72.32,5.03,2024-08-18 15:00:00,0.99082,33.2321028,33.2321028
2024,8,18,16,153.45,25.56,78.44,5.38,2024-08-18 16:00:00,0.99748,15.306330599999997,15.306330599999997
2024,8,18,17,13.6,23.59,87.99,4.98,2024-08-18 17:00:00,1.006345,1.3686292,1.3686292
2024,8,18,18,0.0,22.63,93.05,4.87,2024-08-18 18:00:00,1.010665,0.0,0.0
2024,8,18,19,0.0,22.35,94.2,4.53,2024-08-18 19:00:00,1.011925,0.0,0.0
2024,8,18,20,0.0,22.09,95.39,3.61,2024-08-18 20:00:00,1.013095,0.0,0.0
2024,8,18,21,0.0,21.77,96.32,3.11,2024-08-18 21:00:00,1.014535,0.0,0.0
2024,8,18,22,0.0,21.41,97.23,2.89,2024-08-18 22:00:00,1.016155,0.0,0.0
2024,8,18,23,0.0,21.11,98.06,2.87,2024-08-18 23:00:00,1.017505,0.0,0.0
2024,8,19,0,0.0,20.82,98.86,2.85,2024-08-19 00:00:00,1.01881,0.0,0.0
2024,8,19,1,0.0,20.52,99.82,2.81,2024-08-19 01:00:00,1.02016,0.0,0.0
2024,8,19,2,0.0,20.3,100.0,2.84,2024-08-19 02:00:00,1.02115,0.0,0.0
2024,8,19,3,0.0,20.09,100.0,2.81,2024-08-19 03:00:00,1.022095,0.0,0.0
2024,8,19,4,0.0,19.8,100.0,2.64,2024-08-19 04:00:00,1.0234,0.0,0.0
2024,8,19,5,0.0,19.46,100.0,2.54,2024-08-19 05:00:00,1.02493,0.0,0.0
2024,8,19,6,85.12,21.32,94.26,3.16,2024-08-19 06:00:00,1.01656,8.652958719999999,8.652958719999999
2024,8,19,7,304.9,23.46,83.94,4.17,2024-08-19 07:00:00,1.00693,30.701295700000006,30.701295700000006
2024,8,19,8,538.42,25.31,76.07,4.64,2024-08-19 08:00:00,0.998605,53.766890409999995,53.766890409999995
2024,8,19,9,710.47,26.74,71.3,4.84,2024-08-19 09:00:00,0.99217,70.49070199,70.49070199
2024,8,19,10,838.2,27.73,68.67,4.99,2024-08-19 10:00:00,0.987715,82.79027130000001,82.79027130000001
2024,8,19,11,860.7,28.42,67.0,5.12,2024-08-19 11:00:00,0.98461,84.74538270000001,84.74538270000001
2024,8,19,12,806.2,28.74,66.3,5.25,2024-08-19 12:00:00,0.98317,79.2631654,79.2631654
2024,8,19,13,737.1,28.63,66.56,5.42,2024-08-19 13:00:00,0.983665,72.50594715,72.50594715
2024,8,19,14,565.72,28.16,67.73,5.56,2024-08-19 14:00:00,0.98578,55.76754616,55.76754616
2024,8,19,15,353.9,27.04,71.72,5.51,2024-08-19 15:00:00,0.99082,35.065119800000005,35.065119800000005
2024,8,19,16,155.45,25.64,77.32,5.39,2024-08-19 16:00:00,0.99712,15.500230399999998,15.500230399999998
2024,8,19,17,15.77,23.58,87.12,4.5,2024-08-19 17:00:00,1.0063900000000001,1.58707703,1.58707703
2024,8,19,18,0.0,22.3,94.05,3.94,2024-08-19 18:00:00,1.01215,0.0,0.0
2024,8,19,19,0.0,21.81,96.13,3.24,2024-08-19 19:00:00,1.014355,0.0,0.0
2024,8,19,20,0.0,21.36,97.53,2.57,2024-08-19 20:00:00,1.01638,0.0,0.0
2024,8,19,21,0.0,20.98,98.86,2.33,2024-08-19 21:00:00,1.01809,0.0,0.0
2024,8,19,22,0.0,20.72,99.57,2.32,2024-08-19 22:00:00,1.01926,0.0,0.0
2024,8,19,23,0.0,20.48,100.0,2.4,2024-08-19 23:00:00,1.02034,0.0,0.0
2024,8,20,0,0.0,20.25,100.0,2.45,2024-08-20 00:00:00,1.021375,0.0,0.0
2024,8,20,1,0.0,20.0,100.0,2.48,2024-08-20 01:00:00,1.0225,0.0,0.0
2024,8,20,2,0.0,19.76,100.0,2.48,2024-08-20 02:00:00,1.02358,0.0,0.0
2024,8,20,3,0.0,19.54,100.0,2.48,2024-08-20 03:00:00,1.02457,0.0,0.0
2024,8,20,4,0.0,19.3,100.0,2.42,2024-08-20 04:00:00,1.02565,0.0,0.0
2024,8,20,5,0.0,19.07,100.0,2.37,2024-08-20 05:00:00,1.026685,0.0,0.0
2024,8,20,6,79.62,20.95,94.62,2.76,2024-08-20 06:00:00,1.018225,8.10710745,8.10710745
2024,8,20,7,308.25,23.22,83.57,3.95,2024-08-20 07:00:00,1.00801,31.071908250000003,31.071908250000003
2024,8,20,8,548.12,25.08,75.74,4.08,2024-08-20 08:00:00,0.99964,54.79226768,54.79226768
2024,8,20,9,725.6,26.52,71.01,3.8,2024-08-20 09:00:00,0.99316,72.0636896,72.0636896
2024,8,20,10,849.45,27.73,67.48,3.67,2024-08-20 10:00:00,0.987715,83.901450675,83.901450675
2024,8,20,11,917.65,28.64,64.74,3.61,2024-08-20 11:00:00,0.98362,90.2618893,90.2618893
2024,8,20,12,876.45,29.2,62.93,3.57,2024-08-20 12:00:00,0.9811,85.9885095,85.9885095
2024,8,20,13,786.25,29.41,61.94,3.56,2024-08-20 13:00:00,0.980155,77.064686875,77.064686875
2024,8,20,14,612.67,29.16,62.2,3.64,2024-08-20 14:00:00,0.98128,60.12008176,60.12008176
2024,8,20,15,414.2,28.32,64.78,3.87,2024-08-20 15:00:00,0.98506,40.801185200000006,40.801185200000006
2024,8,20,16,186.15,26.57,71.81,4.35,2024-08-20 16:00:00,0.992935,18.483485025000004,18.483485025000004
2024,8,20,17,18.45,23.98,83.64,4.16,2024-08-20 17:00:00,1.00459,1.8534685499999999,1.8534685499999999
2024,8,20,18,0.0,22.48,90.6,4.23,2024-08-20 18:00:00,1.01134,0.0,0.0
2024,8,20,19,0.0,21.87,93.53,3.99,2024-08-20 19:00:00,1.014085,0.0,0.0
2024,8,20,20,0.0,21.51,95.02,3.58,2024-08-20 20:00:00,1.015705,0.0,0.0
2024,8,20,21,0.0,21.06,97.1,2.74,2024-08-20 21:00:00,1.01773,0.0,0.0
2024,8,20,22,0.0,20.66,98.77,2.37,2024-08-20 22:00:00,1.01953,0.0,0.0
2024,8,20,23,0.0,20.35,99.99,2.28,2024-08-20 23:00:00,1.020925,0.0,0.0
2024,8,21,0,0.0,20.02,100.0,2.25,2024-08-21 00:00:00,1.02241,0.0,0.0
2024,8,21,1,0.0,19.7,100.0,2.25,2024-08-21 01:00:00,1.02385,0.0,0.0
2024,8,21,2,0.0,19.43,100.0,2.27,2024-08-21 02:00:00,1.025065,0.0,0.0
2024,8,21,3,0.0,19.22,100.0,2.29,2024-08-21 03:00:00,1.02601,0.0,0.0
2024,8,21,4,0.0,19.04,100.0,2.25,2024-08-21 04:00:00,1.02682,0.0,0.0
2024,8,21,5,0.0,18.89,100.0,2.16,2024-08-21 05:00:00,1.027495,0.0,0.0
2024,8,21,6,79.07,20.92,95.01,2.31,2024-08-21 06:00:00,1.01836,8.05217252,8.05217252
2024,8,21,7,291.0,23.35,83.34,3.52,2024-08-21 07:00:00,1.007425,29.3160675,29.3160675
2024,8,21,8,521.72,25.24,75.36,3.76,2024-08-21 08:00:00,0.99892,52.115654240000005,52.115654240000005
2024,8,21,9,676.72,26.66,71.05,3.55,2024-08-21 09:00:00,0.99253,67.16649016,67.16649016
2024,8,21,10,792.97,27.77,68.16,3.56,2024-08-21 10:00:00,0.987535,78.30856289500001,78.30856289500001
2024,8,21,11,836.1,28.6,66.05,3.63,2024-08-21 11:00:00,0.9838,82.25551800000001,82.25551800000001
2024,8,21,12,791.62,29.14,64.57,3.65,2024-08-21 12:00:00,0.98137,77.68721194,77.68721194
2024,8,21,13,705.0,29.32,63.89,3.59,2024-08-21 13:00:00,0.98056,69.12948,69.12948
2024,8,21,14,531.65,29.11,64.05,3.53,2024-08-21 14:00:00,0.981505,52.18171332499999,52.18171332499999
2024,8,21,15,344.33,28.34,66.66,3.61,2024-08-21 15:00:00,0.98497,33.91547201,33.91547201
2024,8,21,16,149.35,26.65,74.09,3.81,2024-08-21 16:00:00,0.992575,14.824107624999998,14.824107624999998
2024,8,21,17,14.65,24.4,84.87,3.41,2024-08-21 17:00:00,1.0027,1.4689555,1.4689555
2024,8,21,18,0.0,23.06,91.14,3.35,2024-08-21 18:00:00,1.00873,0.0,0.0
2024,8,21,19,0.0,22.37,94.96,3.14,2024-08-21 19:00:00,1.011835,0.0,0.0
2024,8,21,20,0.0,22.0,96.37,2.8,2024-08-21 20:00:00,1.0135,0.0,0.0
2024,8,21,21,0.0,21.65,96.86,2.61,2024-08-21 21:00:00,1.015075,0.0,0.0
2024,8,21,22,0.0,21.36,96.88,2.46,2024-08-21 22:00:00,1.01638,0.0,0.0
2024,8,21,23,0.0,21.07,96.94,2.33,2024-08-21 23:00:00,1.017685,0.0,0.0
2024,8,22,0,0.0,20.75,97.54,2.16,2024-08-22 00:00:00,1.019125,0.0,0.0
2024,8,22,1,0.0,20.44,98.42,2.03,2024-08-22 01:00:00,1.02052,0.0,0.0
2024,8,22,2,0.0,20.13,99.51,1.98,2024-08-22 02:00:00,1.021915,0.0,0.0
2024,8,22,3,0.0,19.79,100.0,2.02,2024-08-22 03:00:00,1.023445,0.0,0.0
2024,8,22,4,0.0,19.51,100.0,2.02,2024-08-22 04:00:00,1.024705,0.0,0.0
2024,8,22,5,0.0,19.33,100.0,2.02,2024-08-22 05:00:00,1.025515,0.0,0.0
2024,8,22,6,69.43,21.08,94.47,2.36,2024-08-22 06:00:00,1.01764,7.065474520000001,7.065474520000001
2024,8,22,7,237.05,23.19,83.9,3.03,2024-08-22 07:00:00,1.008145,23.898077225000005,23.898077225000005
2024,8,22,8,415.95,25.25,75.53,2.96,2024-08-22 08:00:00,0.998875,41.548205624999994,41.548205624999994
2024,8,22,9,563.95,26.81,70.84,2.6,2024-08-22 09:00:00,0.991855,55.93566272500001,55.93566272500001
2024,8,22,10,675.67,27.97,67.92,2.51,2024-08-22 10:00:00,0.986635,66.66396704499999,66.66396704499999
2024,8,22,11,713.17,28.88,65.76,2.62,2024-08-22 11:00:00,0.98254,70.07180517999998,70.07180517999998
2024,8,22,12,652.55,29.44,64.37,2.9,2024-08-22 12:00:00,0.98002,63.951205099999996,63.951205099999996
2024,8,22,13,532.55,29.43,64.43,3.22,2024-08-22 13:00:00,0.980065,52.19336157499999,52.19336157499999
2024,8,22,14,401.45,28.94,65.9,3.51,2024-08-22 14:00:00,0.98227,39.433229149999995,39.433229149999995
2024,8,22,15,258.25,28.14,69.2,3.88,2024-08-22 15:00:00,0.98587,25.46009275,25.46009275
2024,8,22,16,112.72,26.49,76.75,4.34,2024-08-22 16:00:00,0.993295,11.196421240000001,11.196421240000001
2024,8,22,17,14.25,24.16,87.97,4.1,2024-08-22 17:00:00,1.00378,1.4303865,1.4303865
2024,8,22,18,0.0,22.88,94.91,4.07,2024-08-22 18:00:00,1.00954,0.0,0.0
2024,8,22,19,0.0,22.7,95.65,3.74,2024-08-22 19:00:00,1.01035,0.0,0.0
2024,8,22,20,0.0,22.54,96.03,3.41,2024-08-22 20:00:00,1.01107,0.0,0.0
2024,8,22,21,0.0,22.31,96.67,3.06,2024-08-22 21:00:00,1.012105,0.0,0.0
2024,8,22,22,0.0,22.02,97.33,2.64,2024-08-22 22:00:00,1.01341,0.0,0.0
2024,8,22,23,0.0,21.69,98.14,2.39,2024-08-22 23:00:00,1.014895,0.0,0.0
2024,8,23,0,0.0,21.52,96.98,2.46,2024-08-23 00:00:00,1.01566,0.0,0.0
2024,8,23,1,0.0,21.38,96.91,2.36,2024-08-23 01:00:00,1.01629,0.0,0.0
2024,8,23,2,0.0,21.19,97.26,2.25,2024-08-23 02:00:00,1.017145,0.0,0.0
2024,8,23,3,0.0,20.96,97.8,2.13,2024-08-23 03:00:00,1.01818,0.0,0.0
2024,8,23,4,0.0,20.6,99.69,2.02,2024-08-23 04:00:00,1.0198,0.0,0.0
2024,8,23,5,0.0,20.42,100.0,2.0,2024-08-23 05:00:00,1.02061,0.0,0.0
2024,8,23,6,77.82,21.82,94.16,2.57,2024-08-23 06:00:00,1.01431,7.893360419999999,7.893360419999999
2024,8,23,7,257.2,23.51,85.02,3.58,2024-08-23 07:00:00,1.006705,25.8924526,25.8924526
2024,8,23,8,456.27,25.29,77.46,3.53,2024-08-23 08:00:00,0.998695,45.567456765,45.567456765
2024,8,23,9,578.0,26.89,71.47,3.21,2024-08-23 09:00:00,0.991495,57.308411,57.308411
2024,8,23,10,642.65,27.94,67.86,3.09,2024-08-23 10:00:00,0.98677,63.414774050000005,63.414774050000005
2024,8,23,11,658.95,28.67,65.67,3.29,2024-08-23 11:00:00,0.9834849999999999,64.80674407500001,64.80674407500001
2024,8,23,12,704.58,28.97,64.92,3.66,2024-08-23 12:00:00,0.982135,69.19926783000001,69.19926783000001
2024,8,23,13,613.42,28.9,65.15,4.09,2024-08-23 13:00:00,0.98245,60.2654479,60.2654479
2024,8,23,14,478.48,28.36,66.6,4.49,2024-08-23 14:00:00,0.98488,47.12453824,47.12453824
2024,8,23,15,313.52,26.99,71.68,4.96,2024-08-23 15:00:00,0.991045,31.071242839999996,31.071242839999996
2024,8,23,16,138.8,25.31,78.32,5.27,2024-08-23 16:00:00,0.998605,13.8606374,13.8606374
2024,8,23,17,14.55,23.36,87.15,4.81,2024-08-23 17:00:00,1.00738,1.4657379,1.4657379
2024,8,23,18,0.0,22.35,92.83,4.32,2024-08-23 18:00:00,1.011925,0.0,0.0
2024,8,23,19,0.0,22.04,94.51,3.67,2024-08-23 19:00:00,1.01332,0.0,0.0
2024,8,23,20,0.0,21.78,95.61,3.04,2024-08-23 20:00:00,1.01449,0.0,0.0
2024,8,23,21,0.0,21.35,96.89,2.69,2024-08-23 21:00:00,1.016425,0.0,0.0
2024,8,23,22,0.0,20.87,99.11,2.47,2024-08-23 22:00:00,1.018585,0.0,0.0
2024,8,23,23,0.0,20.47,100.0,2.34,2024-08-23 23:00:00,1.020385,0.0,0.0
2024,8,24,0,0.0,20.11,100.0,2.26,2024-08-24 00:00:00,1.022005,0.0,0.0
2024,8,24,1,0.0,19.81,100.0,2.27,2024-08-24 01:00:00,1.023355,0.0,0.0
2024,8,24,2,0.0,19.59,100.0,2.32,2024-08-24 02:00:00,1.024345,0.0,0.0
2024,8,24,3,0.0,19.41,100.0,2.37,2024-08-24 03:00:00,1.025155,0.0,0.0
2024,8,24,4,0.0,19.25,100.0,2.41,2024-08-24 04:00:00,1.025875,0.0,0.0
2024,8,24,5,0.0,19.12,100.0,2.48,2024-08-24 05:00:00,1.02646,0.0,0.0
2024,8,24,6,82.22,21.42,95.36,2.94,2024-08-24 06:00:00,1.01611,8.35445642,8.35445642
2024,8,24,7,287.27,23.71,84.19,4.37,2024-08-24 07:00:00,1.005805,28.893760235,28.893760235
2024,8,24,8,510.85,25.32,76.25,4.69,2024-08-24 08:00:00,0.99856,51.0114376,51.0114376
2024,8,24,9,699.28,26.56,71.48,4.7,2024-08-24 09:00:00,0.99298,69.43710544,69.43710544
2024,8,24,10,824.58,27.52,67.95,4.76,2024-08-24 10:00:00,0.98866,81.52292628000001,81.52292628000001
2024,8,24,11,887.17,28.09,65.84,5.0,2024-08-24 11:00:00,0.986095,87.483390115,87.483390115
2024,8,24,12,854.92,28.27,65.02,5.39,2024-08-24 12:00:00,0.985285,84.23398522000001,84.23398522000001
2024,8,24,13,764.6,28.06,65.45,5.8,2024-08-24 13:00:00,0.98623,75.40714580000001,75.40714580000001
2024,8,24,14,598.9,27.39,67.79,6.09,2024-08-24 14:00:00,0.989245,59.24588305,59.24588305
2024,8,24,15,395.15,26.48,71.06,6.17,2024-08-24 15:00:00,0.99334,39.2518301,39.2518301
2024,8,24,16,170.27,24.86,79.08,5.96,2024-08-24 16:00:00,1.00063,17.03772701,17.03772701
2024,8,24,17,17.02,23.11,89.32,4.88,2024-08-24 17:00:00,1.008505,1.71647551,1.71647551
2024,8,24,18,0.0,22.38,94.75,4.13,2024-08-24 18:00:00,1.01179,0.0,0.0
2024,8,24,19,0.0,22.25,95.92,3.64,2024-08-24 19:00:00,1.012375,0.0,0.0
2024,8,24,20,0.0,22.07,96.56,3.3,2024-08-24 20:00:00,1.013185,0.0,0.0
2024,8,24,21,0.0,21.74,97.53,2.85,2024-08-24 21:00:00,1.01467,0.0,0.0
2024,8,24,22,0.0,21.35,98.84,2.51,2024-08-24 22:00:00,1.016425,0.0,0.0
2024,8,24,23,0.0,21.13,99.34,2.45,2024-08-24 23:00:00,1.017415,0.0,0.0
2024,8,25,0,0.0,20.96,99.52,2.44,2024-08-25 00:00:00,1.01818,0.0,0.0
2024,8,25,1,0.0,20.74,99.79,2.45,2024-08-25 01:00:00,1.01917,0.0,0.0
2024,8,25,2,0.0,20.62,99.78,2.45,2024-08-25 02:00:00,1.01971,0.0,0.0
2024,8,25,3,0.0,20.58,99.61,2.49,2024-08-25 03:00:00,1.01989,0.0,0.0
2024,8,25,4,0.0,20.54,99.4,2.5,2024-08-25 04:00:00,1.02007,0.0,0.0
2024,8,25,5,0.0,20.42,99.39,2.45,2024-08-25 05:00:00,1.02061,0.0,0.0
2024,8,25,6,79.4,22.11,95.91,2.95,2024-08-25 06:00:00,1.013005,8.0432597,8.0432597
2024,8,25,7,287.15,23.67,89.75,4.16,2024-08-25 07:00:00,1.005985,28.886859274999992,28.886859274999992
2024,8,25,8,537.9,25.39,78.85,4.64,2024-08-25 08:00:00,0.998245,53.69559854999999,53.69559854999999
2024,8,25,9,713.1,26.76,71.34,4.57,2024-08-25 09:00:00,0.99208,70.7452248,70.7452248
2024,8,25,10,816.17,27.72,67.56,4.56,2024-08-25 10:00:00,0.98776,80.61800791999998,80.61800791999998
2024,8,25,11,832.97,28.39,65.35,4.67,2024-08-25 11:00:00,0.984745,82.026304265,82.026304265
2024,8,25,12,769.0,28.79,63.83,4.79,2024-08-25 12:00:00,0.982945,75.5884705,75.5884705
2024,8,25,13,643.05,28.81,63.23,4.94,2024-08-25 13:00:00,0.982855,63.202490774999994,63.202490774999994
2024,8,25,14,452.08,27.88,66.26,5.2,2024-08-25 14:00:00,0.98704,44.62210432,44.62210432
2024,8,25,15,285.6,26.9,70.44,5.56,2024-08-25 15:00:00,0.99145,28.315812000000005,28.315812000000005
2024,8,25,16,125.53,25.48,76.96,5.57,2024-08-25 16:00:00,0.99784,12.525885520000001,12.525885520000001
2024,8,25,17,13.23,23.73,86.66,4.77,2024-08-25 17:00:00,1.005715,1.3305609449999998,1.3305609449999998
2024,8,25,18,0.0,22.82,93.3,4.27,2024-08-25 18:00:00,1.00981,0.0,0.0
2024,8,25,19,0.0,22.65,94.95,3.89,2024-08-25 19:00:00,1.010575,0.0,0.0
2024,8,25,20,0.0,22.59,95.4,3.49,2024-08-25 20:00:00,1.010845,0.0,0.0
2024,8,25,21,0.0,22.48,95.84,3.2,2024-08-25 21:00:00,1.01134,0.0,0.0
2024,8,25,22,0.0,22.44,95.43,3.53,2024-08-25 22:00:00,1.01152,0.0,0.0
2024,8,25,23,0.0,22.24,96.25,3.21,2024-08-25 23:00:00,1.01242,0.0,0.0
2024,8,26,0,0.0,21.93,97.42,2.69,2024-08-26 00:00:00,1.013815,0.0,0.0
2024,8,26,1,0.0,21.47,99.52,2.4,2024-08-26 01:00:00,1.015885,0.0,0.0
2024,8,26,2,0.0,21.14,100.0,2.35,2024-08-26 02:00:00,1.01737,0.0,0.0
2024,8,26,3,0.0,20.91,100.0,2.39,2024-08-26 03:00:00,1.018405,0.0,0.0
2024,8,26,4,0.0,20.69,100.0,2.4,2024-08-26 04:00:00,1.019395,0.0,0.0
2024,8,26,5,0.0,20.53,100.0,2.45,2024-08-26 05:00:00,1.020115,0.0,0.0
2024,8,26,6,83.4,22.33,94.02,3.46,2024-08-26 06:00:00,1.012015,8.4402051,8.4402051
2024,8,26,7,284.3,24.28,84.83,4.46,2024-08-26 07:00:00,1.00324,28.522113199999996,28.522113199999996
2024,8,26,8,497.62,26.01,77.22,4.73,2024-08-26 08:00:00,0.995455,49.53583171,49.53583171
2024,8,26,9,658.6,27.41,71.76,4.86,2024-08-26 09:00:00,0.989155,65.14574830000001,65.14574830000001
2024,8,26,10,762.8,28.34,68.21,5.15,2024-08-26 10:00:00,0.98497,75.13351159999999,75.13351159999999
2024,8,26,11,780.42,28.96,66.01,5.36,2024-08-26 11:00:00,0.98218,76.65129156,76.65129156
2024,8,26,12,718.78,29.28,64.97,5.37,2024-08-26 12:00:00,0.98074,70.49362972,70.49362972
2024,8,26,13,619.45,29.25,65.3,5.34,2024-08-26 13:00:00,0.980875,60.76030187500001,60.76030187500001
2024,8,26,14,501.95,28.44,68.4,5.44,2024-08-26 14:00:00,0.98452,49.417981399999995,49.417981399999995
2024,8,26,15,313.02,27.38,72.63,5.63,2024-08-26 15:00:00,0.98929,30.966755579999997,30.966755579999997
2024,8,26,16,145.25,25.86,78.76,5.62,2024-08-26 16:00:00,0.99613,14.468788249999998,14.468788249999998
2024,8,26,17,15.8,24.04,87.6,4.88,2024-08-26 17:00:00,1.00432,1.5868256000000003,1.5868256000000003
2024,8,26,18,0.0,22.96,93.96,4.29,2024-08-26 18:00:00,1.00918,0.0,0.0
2024,8,26,19,0.0,22.57,95.55,3.6,2024-08-26 19:00:00,1.010935,0.0,0.0
2024,8,26,20,0.0,22.23,96.64,2.8,2024-08-26 20:00:00,1.012465,0.0,0.0
2024,8,26,21,0.0,21.83,98.06,2.41,2024-08-26 21:00:00,1.014265,0.0,0.0
2024,8,26,22,0.0,21.49,99.47,2.24,2024-08-26 22:00:00,1.015795,0.0,0.0
2024,8,26,23,0.0,21.2,100.0,2.2,2024-08-26 23:00:00,1.0171,0.0,0.0
2024,8,27,0,0.0,21.03,100.0,2.34,2024-08-27 00:00:00,1.017865,0.0,0.0
2024,8,27,1,0.0,21.16,100.0,2.52,2024-08-27 01:00:00,1.01728,0.0,0.0
2024,8,27,2,0.0,21.26,100.0,2.64,2024-08-27 02:00:00,1.01683,0.0,0.0
2024,8,27,3,0.0,21.31,100.0,2.87,2024-08-27 03:00:00,1.016605,0.0,0.0
2024,8,27,4,0.0,21.32,100.0,2.97,2024-08-27 04:00:00,1.01656,0.0,0.0
2024,8,27,5,0.0,21.29,100.0,3.1,2024-08-27 05:00:00,1.016695,0.0,0.0
2024,8,27,6,85.95,22.62,93.24,4.58,2024-08-27 06:00:00,1.01071,8.687052450000001,8.687052450000001
2024,8,27,7,266.77,24.02,83.54,5.76,2024-08-27 07:00:00,1.00441,26.79464557,26.79464557
2024,8,27,8,444.17,25.26,76.78,6.14,2024-08-27 08:00:00,0.99883,44.36503211,44.36503211
2024,8,27,9,586.72,26.39,72.43,6.27,2024-08-27 09:00:00,0.993745,58.30500664,58.30500664
2024,8,27,10,760.05,27.19,69.79,6.4,2024-08-27 10:00:00,0.9901449999999999,75.255970725,75.255970725
2024,8,27,11,786.65,27.67,68.5,6.56,2024-08-27 11:00:00,0.987985,77.719840025,77.719840025
2024,8,27,12,784.17,27.74,68.29,6.64,2024-08-27 12:00:00,0.98767,77.45011838999999,77.45011838999999
2024,8,27,13,682.7,27.56,68.03,6.59,2024-08-27 13:00:00,0.98848,67.48352960000001,67.48352960000001
2024,8,27,14,481.27,27.07,68.88,6.42,2024-08-27 14:00:00,0.990685,47.678696994999996,47.678696994999996
2024,8,27,15,329.02,26.32,71.4,6.08,2024-08-27 15:00:00,0.9940599999999999,32.70656212,32.70656212
2024,8,27,16,148.88,25.21,76.23,5.5,2024-08-27 16:00:00,0.999055,14.873930839999998,14.873930839999998
2024,8,27,17,17.9,23.59,84.65,3.95,2024-08-27 17:00:00,1.006345,1.80135755,1.80135755
2024,8,27,18,0.0,22.39,91.03,3.22,2024-08-27 18:00:00,1.011745,0.0,0.0
2024,8,27,19,0.0,21.77,94.61,2.88,2024-08-27 19:00:00,1.014535,0.0,0.0
2024,8,27,20,0.0,21.52,97.28,2.8,2024-08-27 20:00:00,1.01566,0.0,0.0
2024,8,27,21,0.0,21.24,100.0,2.57,2024-08-27 21:00:00,1.01692,0.0,0.0
2024,8,27,22,0.0,21.51,100.0,2.63,2024-08-27 22:00:00,1.015705,0.0,0.0
2024,8,27,23,0.0,21.89,98.74,2.93,2024-08-27 23:00:00,1.013995,0.0,0.0
2024,8,28,0,0.0,21.9,98.63,2.95,2024-08-28 00:00:00,1.01395,0.0,0.0
2024,8,28,1,0.0,21.72,99.24,2.89,2024-08-28 01:00:00,1.01476,0.0,0.0
2024,8,28,2,0.0,21.53,99.59,2.96,2024-08-28 02:00:00,1.015615,0.0,0.0
2024,8,28,3,0.0,21.51,98.67,3.24,2024-08-28 03:00:00,1.015705,0.0,0.0
2024,8,28,4,0.0,21.3,98.99,2.99,2024-08-28 04:00:00,1.01665,0.0,0.0
2024,8,28,5,0.0,20.79,100.0,2.64,2024-08-28 05:00:00,1.018945,0.0,0.0
2024,8,28,6,96.07,22.19,93.0,3.16,2024-08-28 06:00:00,1.012645,9.728480515,9.728480515
2024,8,28,7,304.5,24.04,81.88,3.82,2024-08-28 07:00:00,1.00432,30.581544,30.581544
2024,8,28,8,529.62,25.66,72.93,3.95,2024-08-28 08:00:00,0.99703,52.80470285999999,52.80470285999999
2024,8,28,9,707.15,27.16,66.41,3.96,2024-08-28 09:00:00,0.99028,70.0276502,70.0276502
2024,8,28,10,834.92,28.39,62.02,3.98,2024-08-28 10:00:00,0.984745,82.21832954,82.21832954
2024,8,28,11,879.42,29.26,59.19,3.94,2024-08-28 11:00:00,0.98083,86.25615185999999,86.25615185999999
2024,8,28,12,763.38,29.77,57.83,3.92,2024-08-28 12:00:00,0.978535,74.69940482999999,74.69940482999999
2024,8,28,13,701.78,29.63,58.58,4.04,2024-08-28 13:00:00,0.9791650000000001,68.71584137,68.71584137
2024,8,28,14,486.6,29.0,61.77,4.36,2024-08-28 14:00:00,0.982,47.78412,47.78412
2024,8,28,15,327.1,27.79,68.18,4.78,2024-08-28 15:00:00,0.987445,32.299325950000004,32.299325950000004
2024,8,28,16,150.75,26.05,78.03,5.04,2024-08-28 16:00:00,0.995275,15.003770625,15.003770625
2024,8,28,17,15.82,24.13,90.0,4.58,2024-08-28 17:00:00,1.0039150000000001,1.5881935300000003,1.5881935300000003
2024,8,28,18,0.0,23.41,95.11,4.04,2024-08-28 18:00:00,1.007155,0.0,0.0
2024,8,28,19,0.0,23.38,95.12,3.71,2024-08-28 19:00:00,1.00729,0.0,0.0
2024,8,28,20,0.0,23.29,95.35,3.33,2024-08-28 20:00:00,1.007695,0.0,0.0
2024,8,28,21,0.0,23.16,95.91,2.88,2024-08-28 21:00:00,1.00828,0.0,0.0
2024,8,28,22,0.0,22.99,96.57,2.57,2024-08-28 22:00:00,1.009045,0.0,0.0
2024,8,28,23,0.0,22.84,96.96,2.62,2024-08-28 23:00:00,1.00972,0.0,0.0
2024,8,29,0,0.0,22.8,96.52,2.88,2024-08-29 00:00:00,1.0099,0.0,0.0
2024,8,29,1,0.0,22.73,96.2,3.3,2024-08-29 01:00:00,1.010215,0.0,0.0
2024,8,29,2,0.0,22.46,96.64,3.06,2024-08-29 02:00:00,1.01143,0.0,0.0
2024,8,29,3,0.0,22.29,96.81,2.89,2024-08-29 03:00:00,1.012195,0.0,0.0
2024,8,29,4,0.0,21.93,98.06,2.62,2024-08-29 04:00:00,1.013815,0.0,0.0
2024,8,29,5,0.0,21.69,98.73,2.52,2024-08-29 05:00:00,1.014895,0.0,0.0
2024,8,29,6,60.6,22.95,93.4,3.45,2024-08-29 06:00:00,1.009225,6.115903500000001,6.115903500000001
2024,8,29,7,178.65,24.5,84.21,4.5,2024-08-29 07:00:00,1.00225,17.905196250000003,17.905196250000003
2024,8,29,8,329.52,26.09,75.77,4.94,2024-08-29 08:00:00,0.995095,32.79037044,32.79037044
2024,8,29,9,510.42,27.22,70.89,5.04,2024-08-29 09:00:00,0.9900100000000001,50.53209042,50.53209042
2024,8,29,10,687.42,27.91,68.05,5.18,2024-08-29 10:00:00,0.986905,67.84182351,67.84182351
2024,8,29,11,802.1,28.35,66.32,5.41,2024-08-29 11:00:00,0.984925,79.00083425000001,79.00083425000001
2024,8,29,12,741.75,28.52,65.27,5.67,2024-08-29 12:00:00,0.98416,73.000068,73.000068
2024,8,29,13,526.65,28.43,64.46,5.87,2024-08-29 13:00:00,0.984565,51.85211572499999,51.85211572499999
2024,8,29,14,489.95,28.01,64.5,6.02,2024-08-29 14:00:00,0.986455,48.331362725,48.331362725
2024,8,29,15,294.52,26.82,68.23,6.11,2024-08-29 15:00:00,0.99181,29.21078812,29.21078812
2024,8,29,16,132.7,25.35,73.86,5.94,2024-08-29 16:00:00,0.998425,13.249099749999997,13.249099749999997
2024,8,29,17,13.68,23.81,82.23,4.5,2024-08-29 17:00:00,1.005355,1.3753256399999998,1.3753256399999998
2024,8,29,18,0.0,22.96,88.21,3.54,2024-08-29 18:00:00,1.00918,0.0,0.0
2024,8,29,19,0.0,22.69,90.8,3.19,2024-08-29 19:00:00,1.010395,0.0,0.0
2024,8,29,20,0.0,22.5,92.64,2.96,2024-08-29 20:00:00,1.01125,0.0,0.0
2024,8,29,21,0.0,22.29,94.3,2.6,2024-08-29 21:00:00,1.012195,0.0,0.0
2024,8,29,22,0.0,22.14,95.5,2.5,2024-08-29 22:00:00,1.01287,0.0,0.0
2024,8,29,23,0.0,22.07,95.98,2.71,2024-08-29 23:00:00,1.013185,0.0,0.0
2024,8,30,0,0.0,22.19,95.51,3.16,2024-08-30 00:00:00,1.012645,0.0,0.0
2024,8,30,1,0.0,22.26,94.92,3.52,2024-08-30 01:00:00,1.01233,0.0,0.0
2024,8,30,2,0.0,22.23,94.76,3.53,2024-08-30 02:00:00,1.012465,0.0,0.0
2024,8,30,3,0.0,22.13,94.99,3.32,2024-08-30 03:00:00,1.012915,0.0,0.0
2024,8,30,4,0.0,21.99,95.36,2.91,2024-08-30 04:00:00,1.013545,0.0,0.0
2024,8,30,5,0.0,21.83,95.75,2.6,2024-08-30 05:00:00,1.014265,0.0,0.0
2024,8,30,6,98.4,22.75,91.38,3.53,2024-08-30 06:00:00,1.010125,9.93963,9.93963
2024,8,30,7,312.55,24.32,82.6,4.33,2024-08-30 07:00:00,1.00306,31.350640300000002,31.350640300000002
2024,8,30,8,548.05,25.83,74.45,4.49,2024-08-30 08:00:00,0.996265,54.60030332499999,54.60030332499999
2024,8,30,9,722.25,27.13,68.61,4.33,2024-08-30 09:00:00,0.990415,71.532723375,71.532723375
2024,8,30,10,858.95,28.07,64.59,4.36,2024-08-30 10:00:00,0.986185,84.708360575,84.708360575
2024,8,30,11,913.6,28.68,62.38,4.45,2024-08-30 11:00:00,0.98344,89.8470784,89.8470784
2024,8,30,12,864.85,28.97,61.48,4.53,2024-08-30 12:00:00,0.982135,84.939945475,84.939945475
2024,8,30,13,751.15,28.9,62.0,4.65,2024-08-30 13:00:00,0.98245,73.79673174999999,73.79673174999999
2024,8,30,14,578.9,28.48,63.63,4.78,2024-08-30 14:00:00,0.98434,56.983442600000004,56.983442600000004
2024,8,30,15,372.95,27.27,68.37,5.0,2024-08-30 15:00:00,0.989785,36.914031575,36.914031575
2024,8,30,16,152.5,25.7,75.59,5.17,2024-08-30 16:00:00,0.99685,15.2019625,15.2019625
2024,8,30,17,14.45,23.91,85.47,4.48,2024-08-30 17:00:00,1.004905,1.4520877249999997,1.4520877249999997
2024,8,30,18,0.0,23.03,91.29,3.97,2024-08-30 18:00:00,1.008865,0.0,0.0
2024,8,30,19,0.0,22.92,91.63,3.91,2024-08-30 19:00:00,1.00936,0.0,0.0
2024,8,30,20,0.0,22.72,92.14,3.5,2024-08-30 20:00:00,1.01026,0.0,0.0
2024,8,30,21,0.0,22.42,93.05,3.07,2024-08-30 21:00:00,1.01161,0.0,0.0
2024,8,30,22,0.0,22.21,93.48,3.07,2024-08-30 22:00:00,1.012555,0.0,0.0
2024,8,30,23,0.0,22.03,93.72,3.15,2024-08-30 23:00:00,1.013365,0.0,0.0
2024,8,31,0,0.0,21.83,94.03,3.14,2024-08-31 00:00:00,1.014265,0.0,0.0
2024,8,31,1,0.0,21.67,93.94,3.21,2024-08-31 01:00:00,1.014985,0.0,0.0
2024,8,31,2,0.0,21.51,93.92,3.24,2024-08-31 02:00:00,1.015705,0.0,0.0
2024,8,31,3,0.0,21.39,94.04,3.22,2024-08-31 03:00:00,1.016245,0.0,0.0
2024,8,31,4,0.0,21.24,94.44,3.03,2024-08-31 04:00:00,1.01692,0.0,0.0
2024,8,31,5,0.0,21.04,95.2,2.81,2024-08-31 05:00:00,1.01782,0.0,0.0
2024,8,31,6,102.0,22.47,89.55,3.94,2024-08-31 06:00:00,1.011385,10.316127,10.316127
2024,8,31,7,304.38,24.26,81.38,4.94,2024-08-31 07:00:00,1.00333,30.539358540000002,30.539358540000002
2024,8,31,8,514.45,25.71,74.5,5.06,2024-08-31 08:00:00,0.9968049999999999,51.280633225,51.280633225
2024,8,31,9,599.78,26.94,69.88,4.98,2024-08-31 09:00:00,0.99127,59.454392059999996,59.454392059999996
2024,8,31,10,696.1,27.91,66.88,4.92,2024-08-31 10:00:00,0.986905,68.69845705,68.69845705
2024,8,31,11,730.42,28.49,65.43,4.84,2024-08-31 11:00:00,0.984295,71.89487539000001,71.89487539000001
2024,8,31,12,712.1,28.71,65.13,4.72,2024-08-31 12:00:00,0.983305,70.02114905,70.02114905
2024,8,31,13,634.95,28.54,65.86,4.55,2024-08-31 13:00:00,0.98407,62.48352465000001,62.48352465000001
2024,8,31,14,483.4,28.1,67.34,4.41,2024-08-31 14:00:00,0.98605,47.665656999999996,47.665656999999996
2024,8,31,15,311.38,27.04,71.26,4.52,2024-08-31 15:00:00,0.99082,30.85215316,30.85215316
2024,8,31,16,134.32,25.62,77.0,4.73,2024-08-31 16:00:00,0.99721,13.39452472,13.39452472
2024,8,31,17,12.9,23.89,85.02,4.35,2024-08-31 17:00:00,1.004995,1.2964435500000002,1.2964435500000002
2024,8,31,18,0.0,22.91,90.54,4.0,2024-08-31 18:00:00,1.009405,0.0,0.0
2024,8,31,19,0.0,22.61,92.55,3.66,2024-08-31 19:00:00,1.010755,0.0,0.0
2024,8,31,20,0.0,22.47,93.58,3.39,2024-08-31 20:00:00,1.011385,0.0,0.0
2024,8,31,21,0.0,22.31,94.29,3.11,2024-08-31 21:00:00,1.012105,0.0,0.0
2024,8,31,22,0.0,22.13,94.59,2.98,2024-08-31 22:00:00,1.012915,0.0,0.0
2024,8,31,23,0.0,22.03,94.39,3.04,2024-08-31 23:00:00,1.013365,0.0,0.0
2024,9,1,0,0.0,21.92,94.22,3.11,2024-09-01 00:00:00,1.01386,0.0,0.0
2024,9,1,1,0.0,21.78,94.21,3.14,2024-09-01 01:00:00,1.01449,0.0,0.0
2024,9,1,2,0.0,21.67,93.8,3.31,2024-09-01 02:00:00,1.014985,0.0,0.0
2024,9,1,3,0.0,21.46,94.11,3.29,2024-09-01 03:00:00,1.01593,0.0,0.0
2024,9,1,4,0.0,21.09,95.22,2.89,2024-09-01 04:00:00,1.017595,0.0,0.0
2024,9,1,5,0.0,20.69,96.66,2.53,2024-09-01 05:00:00,1.019395,0.0,0.0
2024,9,1,6,88.55,22.19,90.42,3.36,2024-09-01 06:00:00,1.012645,8.966971475000001,8.966971475000001
2024,9,1,7,212.65,24.16,81.85,4.08,2024-09-01 07:00:00,1.00378,21.345381699999997,21.345381699999997
2024,9,1,8,375.52,25.91,75.16,3.9,2024-09-01 08:00:00,0.995905,37.39822456,37.39822456
2024,9,1,9,483.4,27.36,70.02,3.67,2024-09-01 09:00:00,0.98938,47.8266292,47.8266292
2024,9,1,10,562.33,28.4,67.01,3.64,2024-09-01 10:00:00,0.9847,55.3726351,55.3726351
2024,9,1,11,620.5,28.9,65.8,3.7,2024-09-01 11:00:00,0.98245,60.961022500000006,60.961022500000006
2024,9,1,12,640.25,29.21,65.3,3.84,2024-09-01 12:00:00,0.981055,62.81204637500001,62.81204637500001
2024,9,1,13,518.75,29.35,65.27,4.02,2024-09-01 13:00:00,0.980425,50.85954687500001,50.85954687500001
2024,9,1,14,444.98,28.99,66.58,4.31,2024-09-01 14:00:00,0.9820450000000001,43.69903841000001,43.69903841000001
2024,9,1,15,280.45,27.81,70.93,4.71,2024-09-01 15:00:00,0.987355,27.690370974999997,27.690370974999997
2024,9,1,16,117.65,26.31,77.05,5.07,2024-09-01 16:00:00,0.994105,11.695645325000001,11.695645325000001
2024,9,1,17,11.55,24.37,85.87,4.9,2024-09-01 17:00:00,1.002835,1.1582744249999999,1.1582744249999999
2024,9,1,18,0.0,23.25,91.86,4.76,2024-09-01 18:00:00,1.007875,0.0,0.0
2024,9,1,19,0.0,23.0,93.55,4.37,2024-09-01 19:00:00,1.009,0.0,0.0
2024,9,1,20,0.0,22.86,94.28,3.92,2024-09-01 20:00:00,1.00963,0.0,0.0
2024,9,1,21,0.0,22.65,95.19,3.37,2024-09-01 21:00:00,1.010575,0.0,0.0
2024,9,1,22,0.0,22.43,95.97,3.02,2024-09-01 22:00:00,1.011565,0.0,0.0
2024,9,1,23,0.0,22.27,96.26,2.78,2024-09-01 23:00:00,1.012285,0.0,0.0
2024,9,2,0,0.0,22.18,95.93,2.77,2024-09-02 00:00:00,1.01269,0.0,0.0
2024,9,2,1,0.0,22.0,96.24,2.63,2024-09-02 01:00:00,1.0135,0.0,0.0
2024,9,2,2,0.0,21.79,96.63,2.52,2024-09-02 02:00:00,1.014445,0.0,0.0
2024,9,2,3,0.0,21.6,97.03,2.46,2024-09-02 03:00:00,1.0153,0.0,0.0
2024,9,2,4,0.0,21.35,97.94,2.36,2024-09-02 04:00:00,1.016425,0.0,0.0
2024,9,2,5,0.0,21.11,98.94,2.31,2024-09-02 05:00:00,1.017505,0.0,0.0
2024,9,2,6,96.7,22.74,91.81,2.98,2024-09-02 06:00:00,1.01017,9.768343900000001,9.768343900000001
2024,9,2,7,311.15,24.54,82.93,3.62,2024-09-02 07:00:00,1.00207,31.17940805,31.17940805
2024,9,2,8,550.25,26.29,76.12,3.41,2024-09-02 08:00:00,0.994195,54.705579875,54.705579875
2024,9,2,9,671.83,27.78,71.32,3.2,2024-09-02 09:00:00,0.98749,66.34254067,66.34254067
2024,9,2,10,773.75,28.94,67.79,3.39,2024-09-02 10:00:00,0.98227,76.00314125,76.00314125
2024,9,2,11,830.08,29.67,65.56,3.84,2024-09-02 11:00:00,0.978985,81.26358688,81.26358688
2024,9,2,12,810.28,30.01,64.49,4.33,2024-09-02 12:00:00,0.977455,79.20122374,79.20122374
2024,9,2,13,727.97,29.85,64.67,4.77,2024-09-02 13:00:00,0.978175,71.208205475,71.208205475
2024,9,2,14,566.5,29.27,65.93,5.02,2024-09-02 14:00:00,0.980785,55.56147025,55.56147025
2024,9,2,15,365.12,28.17,69.59,5.35,2024-09-02 15:00:00,0.985735,35.99115632,35.99115632
2024,9,2,16,150.6,26.41,76.3,5.61,2024-09-02 16:00:00,0.993655,14.964444299999998,14.964444299999998
2024,9,2,17,14.32,24.52,84.87,5.02,2024-09-02 17:00:00,1.00216,1.43509312,1.43509312
2024,9,2,18,0.0,23.6,90.3,4.35,2024-09-02 18:00:00,1.0063,0.0,0.0
2024,9,2,19,0.0,23.24,92.51,3.76,2024-09-02 19:00:00,1.00792,0.0,0.0
2024,9,2,20,0.0,22.86,94.45,3.14,2024-09-02 20:00:00,1.00963,0.0,0.0
2024,9,2,21,0.0,22.54,95.77,2.78,2024-09-02 21:00:00,1.01107,0.0,0.0
2024,9,2,22,0.0,22.28,96.59,2.72,2024-09-02 22:00:00,1.01224,0.0,0.0
2024,9,2,23,0.0,22.02,97.74,2.71,2024-09-02 23:00:00,1.01341,0.0,0.0
2024,9,3,0,0.0,21.68,99.3,2.66,2024-09-03 00:00:00,1.01494,0.0,0.0
2024,9,3,1,0.0,21.32,100.0,2.64,2024-09-03 01:00:00,1.01656,0.0,0.0
2024,9,3,2,0.0,20.98,100.0,2.62,2024-09-03 02:00:00,1.01809,0.0,0.0
2024,9,3,3,0.0,20.69,100.0,2.61,2024-09-03 03:00:00,1.019395,0.0,0.0
2024,9,3,4,0.0,20.42,100.0,2.6,2024-09-03 04:00:00,1.02061,0.0,0.0
2024,9,3,5,0.0,20.52,100.0,2.5,2024-09-03 05:00:00,1.02016,0.0,0.0
2024,9,3,6,109.1,22.7,93.33,3.03,2024-09-03 06:00:00,1.01035,11.0229185,11.0229185
2024,9,3,7,321.73,24.69,83.39,3.98,2024-09-03 07:00:00,1.001395,32.217881335,32.217881335
2024,9,3,8,537.2,26.23,76.26,4.12,2024-09-03 08:00:00,0.994465,53.4226598,53.4226598
2024,9,3,9,698.33,27.45,70.84,4.16,2024-09-03 09:00:00,0.988975,69.063091175,69.063091175
2024,9,3,10,812.05,28.32,67.2,4.4,2024-09-03 10:00:00,0.98506,79.9917973,79.9917973
2024,9,3,11,862.75,28.88,64.83,4.7,2024-09-03 11:00:00,0.98254,84.76863850000001,84.76863850000001
2024,9,3,12,827.5,29.07,63.95,4.96,2024-09-03 12:00:00,0.981685,81.23443375000001,81.23443375000001
2024,9,3,13,751.15,28.9,64.02,5.18,2024-09-03 13:00:00,0.98245,73.79673174999999,73.79673174999999
2024,9,3,14,583.97,28.34,65.62,5.4,2024-09-03 14:00:00,0.98497,57.51929309,57.51929309
2024,9,3,15,366.7,27.41,69.06,5.56,2024-09-03 15:00:00,0.989155,36.272313849999996,36.272313849999996
2024,9,3,16,162.52,25.69,77.64,5.73,2024-09-03 16:00:00,0.996895,16.201537539999997,16.201537539999997
2024,9,3,17,15.1,23.81,88.45,5.18,2024-09-03 17:00:00,1.005355,1.5180860499999997,1.5180860499999997
2024,9,3,18,0.0,23.03,93.78,4.53,2024-09-03 18:00:00,1.008865,0.0,0.0
2024,9,3,19,0.0,22.88,94.65,3.91,2024-09-03 19:00:00,1.00954,0.0,0.0
2024,9,3,20,0.0,22.7,95.08,3.44,2024-09-03 20:00:00,1.01035,0.0,0.0
2024,9,3,21,0.0,22.44,96.24,2.8,2024-09-03 21:00:00,1.01152,0.0,0.0
2024,9,3,22,0.0,22.34,96.65,2.55,2024-09-03 22:00:00,1.01197,0.0,0.0
2024,9,3,23,0.0,22.27,97.24,2.42,2024-09-03 23:00:00,1.012285,0.0,0.0
2024,9,4,0,0.0,22.14,97.88,2.4,2024-09-04 00:00:00,1.01287,0.0,0.0
2024,9,4,1,0.0,22.1,98.01,2.43,2024-09-04 01:00:00,1.01305,0.0,0.0
2024,9,4,2,0.0,22.05,97.92,2.49,2024-09-04 02:00:00,1.013275,0.0,0.0
2024,9,4,3,0.0,22.04,97.54,2.59,2024-09-04 03:00:00,1.01332,0.0,0.0
2024,9,4,4,0.0,21.96,97.51,2.51,2024-09-04 04:00:00,1.01368,0.0,0.0
2024,9,4,5,0.0,21.86,97.63,2.41,2024-09-04 05:00:00,1.01413,0.0,0.0
2024,9,4,6,92.88,23.21,94.14,3.17,2024-09-04 06:00:00,1.008055,9.362814839999999,9.362814839999999
2024,9,4,7,285.4,24.47,89.28,3.98,2024-09-04 07:00:00,1.002385,28.6080679,28.6080679
2024,9,4,8,493.73,26.16,81.34,4.07,2024-09-04 08:00:00,0.99478,49.11527294,49.11527294
2024,9,4,9,651.2,27.61,74.42,3.9,2024-09-04 09:00:00,0.988255,64.3551656,64.3551656
2024,9,4,10,706.1,28.77,70.05,3.78,2024-09-04 10:00:00,0.983035,69.41210135,69.41210135
2024,9,4,11,753.2,29.64,66.99,3.62,2024-09-04 11:00:00,0.97912,73.74731840000001,73.74731840000001
2024,9,4,12,630.42,30.27,64.57,3.56,2024-09-04 12:00:00,0.976285,61.54695897,61.54695897
2024,9,4,13,449.5,30.44,63.49,3.62,2024-09-04 13:00:00,0.9755199999999999,43.849624,43.849624
2024,9,4,14,365.12,30.04,64.59,3.81,2024-09-04 14:00:00,0.97732,35.683907839999996,35.683907839999996
2024,9,4,15,218.18,28.68,70.61,4.35,2024-09-04 15:00:00,0.98344,21.45669392,21.45669392
2024,9,4,16,92.4,26.89,79.39,5.03,2024-09-04 16:00:00,0.991495,9.1614138,9.1614138
2024,9,4,17,8.65,24.86,90.24,4.8,2024-09-04 17:00:00,1.00063,0.8655449499999999,0.8655449499999999
2024,9,4,18,0.0,23.95,95.53,4.51,2024-09-04 18:00:00,1.004725,0.0,0.0
2024,9,4,19,0.0,23.8,96.05,4.31,2024-09-04 19:00:00,1.0054,0.0,0.0
2024,9,4,20,0.0,23.64,96.31,4.08,2024-09-04 20:00:00,1.00612,0.0,0.0
2024,9,4,21,0.0,23.49,96.42,3.76,2024-09-04 21:00:00,1.006795,0.0,0.0
2024,9,4,22,0.0,23.33,96.6,3.48,2024-09-04 22:00:00,1.007515,0.0,0.0
2024,9,4,23,0.0,23.19,96.79,3.25,2024-09-04 23:00:00,1.008145,0.0,0.0
2024,9,5,0,0.0,23.03,97.02,2.96,2024-09-05 00:00:00,1.008865,0.0,0.0
2024,9,5,1,0.0,22.85,97.54,2.8,2024-09-05 01:00:00,1.009675,0.0,0.0
2024,9,5,2,0.0,22.72,97.77,2.72,2024-09-05 02:00:00,1.01026,0.0,0.0
2024,9,5,3,0.0,22.61,97.79,2.71,2024-09-05 03:00:00,1.010755,0.0,0.0
2024,9,5,4,0.0,22.58,97.56,2.69,2024-09-05 04:00:00,1.01089,0.0,0.0
2024,9,5,5,0.0,22.47,97.87,2.51,2024-09-05 05:00:00,1.011385,0.0,0.0
2024,9,5,6,67.78,23.69,94.84,3.45,2024-09-05 06:00:00,1.005895,6.8179563100000005,6.8179563100000005
2024,9,5,7,194.6,25.01,89.69,4.28,2024-09-05 07:00:00,0.999955,19.459124300000003,19.459124300000003
2024,9,5,8,358.62,26.53,81.99,4.52,2024-09-05 08:00:00,0.993115,35.61509013,35.61509013
2024,9,5,9,496.45,27.72,76.12,4.46,2024-09-05 09:00:00,0.98776,49.037345200000004,49.037345200000004
2024,9,5,10,562.85,28.58,73.23,4.55,2024-09-05 10:00:00,0.98389,55.37824865000001,55.37824865000001
2024,9,5,11,634.17,29.07,72.11,4.74,2024-09-05 11:00:00,0.981685,62.255517645000005,62.255517645000005
2024,9,5,12,657.5,29.24,72.25,4.92,2024-09-05 12:00:00,0.98092,64.49549,64.49549
2024,9,5,13,631.33,28.83,74.63,5.16,2024-09-05 13:00:00,0.982765,62.044902745,62.044902745
2024,9,5,14,465.85,27.93,78.68,5.33,2024-09-05 14:00:00,0.986815,45.970776775,45.970776775
2024,9,5,15,292.65,26.91,83.27,5.35,2024-09-05 15:00:00,0.991405,29.013467324999997,29.013467324999997
2024,9,5,16,123.68,25.82,88.09,5.07,2024-09-05 16:00:00,0.99631,12.322362080000003,12.322362080000003
2024,9,5,17,12.9,24.68,93.33,4.15,2024-09-05 17:00:00,1.00144,1.2918576000000002,1.2918576000000002
2024,9,5,18,0.0,24.11,95.36,3.79,2024-09-05 18:00:00,1.004005,0.0,0.0
2024,9,5,19,0.0,23.88,95.81,3.66,2024-09-05 19:00:00,1.00504,0.0,0.0
2024,9,5,20,0.0,23.62,96.48,3.27,2024-09-05 20:00:00,1.00621,0.0,0.0
2024,9,5,21,0.0,23.38,96.81,3.03,2024-09-05 21:00:00,1.00729,0.0,0.0
2024,9,5,22,0.0,23.08,97.25,2.95,2024-09-05 22:00:00,1.00864,0.0,0.0
2024,9,5,23,0.0,22.92,97.21,3.02,2024-09-05 23:00:00,1.00936,0.0,0.0
2024,9,6,0,0.0,22.79,97.14,3.19,2024-09-06 00:00:00,1.009945,0.0,0.0
2024,9,6,1,0.0,22.58,97.28,3.26,2024-09-06 01:00:00,1.01089,0.0,0.0
2024,9,6,2,0.0,22.39,97.29,3.23,2024-09-06 02:00:00,1.011745,0.0,0.0
2024,9,6,3,0.0,22.21,97.43,3.12,2024-09-06 03:00:00,1.012555,0.0,0.0
2024,9,6,4,0.0,22.02,97.71,2.91,2024-09-06 04:00:00,1.01341,0.0,0.0
2024,9,6,5,0.0,21.85,97.85,2.77,2024-09-06 05:00:00,1.014175,0.0,0.0
2024,9,6,6,113.18,23.23,94.08,3.8,2024-09-06 06:00:00,1.007965,11.408147869999999,11.408147869999999
2024,9,6,7,333.6,24.88,87.59,4.92,2024-09-06 07:00:00,1.00054,33.3780144,33.3780144
2024,9,6,8,558.35,26.74,77.38,5.58,2024-09-06 08:00:00,0.99217,55.39781195,55.39781195
2024,9,6,9,728.4,28.17,71.13,5.59,2024-09-06 09:00:00,0.985735,71.8009374,71.8009374
2024,9,6,10,824.75,29.21,67.49,5.53,2024-09-06 10:00:00,0.981055,80.912511125,80.912511125
2024,9,6,11,848.22,29.87,65.17,5.44,2024-09-06 11:00:00,0.978085,82.96312587,82.96312587
2024,9,6,12,798.75,30.1,64.22,5.36,2024-09-06 12:00:00,0.97705,78.04186874999999,78.04186874999999
2024,9,6,13,672.85,29.96,64.58,5.35,2024-09-06 13:00:00,0.97768,65.78319880000001,65.78319880000001
2024,9,6,14,574.35,29.22,67.02,5.44,2024-09-06 14:00:00,0.98101,56.34430935,56.34430935
2024,9,6,15,345.73,28.38,70.32,5.58,2024-09-06 15:00:00,0.98479,34.04714467,34.04714467
2024,9,6,16,154.1,27.16,75.5,5.46,2024-09-06 16:00:00,0.99028,15.2602148,15.2602148
2024,9,6,17,14.4,25.17,85.37,4.69,2024-09-06 17:00:00,0.999235,1.4388984,1.4388984
2024,9,6,18,0.0,23.94,91.35,4.55,2024-09-06 18:00:00,1.00477,0.0,0.0
2024,9,6,19,0.0,23.46,93.62,4.33,2024-09-06 19:00:00,1.00693,0.0,0.0
2024,9,6,20,0.0,23.08,95.09,4.0,2024-09-06 20:00:00,1.00864,0.0,0.0
2024,9,6,21,0.0,22.64,96.51,3.56,2024-09-06 21:00:00,1.01062,0.0,0.0
2024,9,6,22,0.0,22.19,98.1,3.32,2024-09-06 22:00:00,1.012645,0.0,0.0
2024,9,6,23,0.0,21.8,99.41,3.13,2024-09-06 23:00:00,1.0144,0.0,0.0
2024,9,7,0,0.0,21.49,100.0,3.03,2024-09-07 00:00:00,1.015795,0.0,0.0
2024,9,7,1,0.0,21.37,100.0,3.03,2024-09-07 01:00:00,1.016335,0.0,0.0
2024,9,7,2,0.0,21.16,100.0,2.97,2024-09-07 02:00:00,1.01728,0.0,0.0
2024,9,7,3,0.0,21.0,100.0,2.96,2024-09-07 03:00:00,1.018,0.0,0.0
2024,9,7,4,0.0,20.86,100.0,2.94,2024-09-07 04:00:00,1.01863,0.0,0.0
2024,9,7,5,2.8,20.69,100.0,2.88,2024-09-07 05:00:00,1.019395,0.2854306,0.2854306
2024,9,7,6,116.3,22.64,94.17,3.75,2024-09-07 06:00:00,1.01062,11.753510600000002,11.753510600000002
2024,9,7,7,341.42,24.6,85.18,5.3,2024-09-07 07:00:00,1.0018,34.203455600000005,34.203455600000005
2024,9,7,8,592.42,26.34,75.84,6.04,2024-09-07 08:00:00,0.99397,58.88477074,58.88477074
2024,9,7,9,718.03,27.65,69.92,6.24,2024-09-07 09:00:00,0.988075,70.946749225,70.946749225
2024,9,7,10,784.92,28.75,65.85,6.19,2024-09-07 10:00:00,0.983125,77.1674475,77.1674475
2024,9,7,11,822.97,29.52,63.26,5.95,2024-09-07 11:00:00,0.97966,80.62307901999999,80.62307901999999
2024,9,7,12,766.28,30.0,62.02,5.57,2024-09-07 12:00:00,0.9775,74.90387,74.90387
2024,9,7,13,675.1,30.15,61.62,5.24,2024-09-07 13:00:00,0.976825,65.94545575000001,65.94545575000001
2024,9,7,14,497.88,29.84,63.46,5.1,2024-09-07 14:00:00,0.97822,48.703617359999996,48.703617359999996
2024,9,7,15,299.17,28.87,68.43,5.14,2024-09-07 15:00:00,0.982585,29.395995445,29.395995445
2024,9,7,16,125.88,27.21,77.25,5.14,2024-09-07 16:00:00,0.990055,12.46281234,12.46281234
2024,9,7,17,12.18,25.35,88.11,4.74,2024-09-07 17:00:00,0.998425,1.21608165,1.21608165
2024,9,7,18,0.0,24.29,94.66,4.61,2024-09-07 18:00:00,1.003195,0.0,0.0
2024,9,7,19,0.0,24.06,96.26,4.12,2024-09-07 19:00:00,1.00423,0.0,0.0
2024,9,7,20,0.0,23.92,96.7,3.78,2024-09-07 20:00:00,1.00486,0.0,0.0
2024,9,7,21,0.0,23.81,96.43,3.89,2024-09-07 21:00:00,1.005355,0.0,0.0
2024,9,7,22,0.0,23.6,96.75,3.61,2024-09-07 22:00:00,1.0063,0.0,0.0
2024,9,7,23,0.0,23.34,97.26,3.04,2024-09-07 23:00:00,1.00747,0.0,0.0
2024,9,8,0,0.0,23.11,97.78,2.7,2024-09-08 00:00:00,1.008505,0.0,0.0
2024,9,8,1,0.0,23.06,97.75,2.66,2024-09-08 01:00:00,1.00873,0.0,0.0
2024,9,8,2,0.0,22.94,98.15,2.45,2024-09-08 02:00:00,1.00927,0.0,0.0
2024,9,8,3,0.0,22.79,98.54,2.35,2024-09-08 03:00:00,1.009945,0.0,0.0
2024,9,8,4,0.0,22.6,98.9,2.3,2024-09-08 04:00:00,1.0108,0.0,0.0
2024,9,8,5,2.65,22.4,99.19,2.34,2024-09-08 05:00:00,1.0117,0.2681005,0.2681005
2024,9,8,6,76.18,23.89,95.11,3.35,2024-09-08 06:00:00,1.004995,7.656051910000002,7.656051910000002
2024,9,8,7,232.25,25.45,89.04,4.44,2024-09-08 07:00:00,0.9979750000000001,23.177969375000004,23.177969375000004
2024,9,8,8,395.6,27.32,79.17,4.85,2024-09-08 08:00:00,0.98956,39.1469936,39.1469936
2024,9,8,9,549.97,28.83,72.19,4.75,2024-09-08 09:00:00,0.982765,54.049126705000006,54.049126705000006
2024,9,8,10,622.05,29.83,68.1,4.5,2024-09-08 10:00:00,0.978265,60.852974325,60.852974325
2024,9,8,11,624.47,30.35,66.13,4.22,2024-09-08 11:00:00,0.975925,60.94358847500001,60.94358847500001
2024,9,8,12,584.53,30.54,65.6,3.97,2024-09-08 12:00:00,0.97507,56.995766710000005,56.995766710000005
2024,9,8,13,527.62,30.33,66.24,3.78,2024-09-08 13:00:00,0.976015,51.49650343,51.49650343
2024,9,8,14,363.95,29.79,68.47,3.79,2024-09-08 14:00:00,0.978445,35.61050577499999,35.61050577499999
2024,9,8,15,223.5,28.72,73.41,3.97,2024-09-08 15:00:00,0.98326,21.975861000000002,21.975861000000002
2024,9,8,16,99.53,27.27,80.81,4.02,2024-09-08 16:00:00,0.989785,9.851330105,9.851330105
2024,9,8,17,9.32,25.72,89.85,3.47,2024-09-08 17:00:00,0.99676,0.9289803200000001,0.9289803200000001
2024,9,8,18,0.0,24.93,94.26,3.34,2024-09-08 18:00:00,1.000315,0.0,0.0
2024,9,8,19,0.0,24.7,95.44,2.99,2024-09-08 19:00:00,1.00135,0.0,0.0
2024,9,8,20,0.0,24.62,95.94,2.7,2024-09-08 20:00:00,1.00171,0.0,0.0
2024,9,8,21,0.0,24.53,96.43,2.54,2024-09-08 21:00:00,1.002115,0.0,0.0
2024,9,8,22,0.0,24.43,96.81,2.34,2024-09-08 22:00:00,1.002565,0.0,0.0
2024,9,8,23,0.0,24.32,96.94,2.21,2024-09-08 23:00:00,1.00306,0.0,0.0
2024,9,9,0,0.0,24.19,97.11,2.16,2024-09-09 00:00:00,1.003645,0.0,0.0
2024,9,9,1,0.0,24.06,97.19,2.14,2024-09-09 01:00:00,1.00423,0.0,0.0
2024,9,9,2,0.0,23.94,97.29,2.15,2024-09-09 02:00:00,1.00477,0.0,0.0
2024,9,9,3,0.0,23.83,97.19,2.23,2024-09-09 03:00:00,1.005265,0.0,0.0
2024,9,9,4,0.0,23.7,97.13,2.28,2024-09-09 04:00:00,1.00585,0.0,0.0
2024,9,9,5,3.0,23.54,97.22,2.25,2024-09-09 05:00:00,1.00657,0.301971,0.301971
2024,9,9,6,89.97,23.98,95.53,2.9,2024-09-09 06:00:00,1.00459,9.03829623,9.03829623
2024,9,9,7,271.0,24.73,91.8,3.41,2024-09-09 07:00:00,1.001215,27.1329265,27.1329265
2024,9,9,8,481.83,25.92,84.95,3.42,2024-09-09 08:00:00,0.99586,47.98352238,47.98352238
2024,9,9,9,611.65,27.34,78.04,2.92,2024-09-09 09:00:00,0.98947,60.520932550000005,60.520932550000005
2024,9,9,10,649.58,28.46,73.88,2.38,2024-09-09 10:00:00,0.98443,63.94660394,63.94660394
2024,9,9,11,641.75,29.12,71.33,2.07,2024-09-09 11:00:00,0.98146,62.98519550000001,62.98519550000001
2024,9,9,12,652.78,29.52,69.09,2.12,2024-09-09 12:00:00,0.97966,63.95024548000001,63.95024548000001
2024,9,9,13,568.22,29.45,68.87,2.45,2024-09-09 13:00:00,0.979975,55.68413945,55.68413945
2024,9,9,14,431.4,28.47,73.15,3.06,2024-09-09 14:00:00,0.984385,42.46636889999999,42.46636889999999
2024,9,9,15,271.8,27.32,78.8,3.39,2024-09-09 15:00:00,0.98956,26.8962408,26.8962408
2024,9,9,16,115.43,26.14,84.92,3.49,2024-09-09 16:00:00,0.99487,11.483784410000002,11.483784410000002
2024,9,9,17,10.88,25.06,91.12,3.14,2024-09-09 17:00:00,0.99973,1.0877062400000002,1.0877062400000002
2024,9,9,18,0.0,24.55,94.5,2.96,2024-09-09 18:00:00,1.002025,0.0,0.0
2024,9,9,19,0.0,24.43,95.14,2.85,2024-09-09 19:00:00,1.002565,0.0,0.0
2024,9,9,20,0.0,24.27,95.37,2.84,2024-09-09 20:00:00,1.003285,0.0,0.0
2024,9,9,21,0.0,24.04,95.76,2.58,2024-09-09 21:00:00,1.00432,0.0,0.0
2024,9,9,22,0.0,23.85,96.11,2.33,2024-09-09 22:00:00,1.005175,0.0,0.0
2024,9,9,23,0.0,23.68,96.21,2.32,2024-09-09 23:00:00,1.00594,0.0,0.0
2024,9,10,0,0.0,23.41,96.55,2.42,2024-09-10 00:00:00,1.007155,0.0,0.0
2024,9,10,1,0.0,23.26,96.5,2.66,2024-09-10 01:00:00,1.00783,0.0,0.0
2024,9,10,2,0.0,23.13,96.56,2.73,2024-09-10 02:00:00,1.008415,0.0,0.0
2024,9,10,3,0.0,23.01,96.65,2.63,2024-09-10 03:00:00,1.008955,0.0,0.0
2024,9,10,4,0.0,22.9,96.94,2.36,2024-09-10 04:00:00,1.00945,0.0,0.0
2024,9,10,5,2.8,22.93,97.0,2.2,2024-09-10 05:00:00,1.009315,0.2826082,0.2826082
2024,9,10,6,70.72,23.42,95.7,2.58,2024-09-10 06:00:00,1.00711,7.122281920000001,7.122281920000001
2024,9,10,7,212.52,24.19,92.47,3.4,2024-09-10 07:00:00,1.003645,21.32946354,21.32946354
2024,9,10,8,344.9,25.17,87.63,3.78,2024-09-10 08:00:00,0.999235,34.463615149999995,34.463615149999995
2024,9,10,9,515.2,26.41,81.91,3.64,2024-09-10 09:00:00,0.993655,51.193105599999996,51.193105599999996
2024,9,10,10,631.88,27.5,77.32,3.44,2024-09-10 10:00:00,0.98875,62.477135000000004,62.477135000000004
2024,9,10,11,644.15,28.42,73.33,3.34,2024-09-10 11:00:00,0.98461,63.42365315000001,63.42365315000001
2024,9,10,12,577.12,28.64,72.07,3.34,2024-09-10 12:00:00,0.98362,56.76667744,56.76667744
2024,9,10,13,530.72,28.19,74.55,3.66,2024-09-10 13:00:00,0.985645,52.31015144000001,52.31015144000001
2024,9,10,14,397.3,27.45,78.12,3.94,2024-09-10 14:00:00,0.988975,39.291976749999996,39.291976749999996
2024,9,10,15,246.2,26.57,82.27,4.12,2024-09-10 15:00:00,0.992935,24.446059700000003,24.446059700000003
2024,9,10,16,110.43,25.59,87.18,4.11,2024-09-10 16:00:00,0.997345,11.013680834999999,11.013680834999999
2024,9,10,17,10.48,24.6,92.9,3.47,2024-09-10 17:00:00,1.0018,1.0498864,1.0498864
2024,9,10,18,0.0,24.13,95.33,3.22,2024-09-10 18:00:00,1.0039150000000001,0.0,0.0
2024,9,10,19,0.0,23.98,95.91,3.04,2024-09-10 19:00:00,1.00459,0.0,0.0
2024,9,10,20,0.0,23.9,96.26,2.9,2024-09-10 20:00:00,1.00495,0.0,0.0
2024,9,10,21,0.0,23.84,96.43,2.93,2024-09-10 21:00:00,1.00522,0.0,0.0
2024,9,10,22,0.0,23.76,96.79,2.81,2024-09-10 22:00:00,1.00558,0.0,0.0
2024,9,10,23,0.0,23.69,96.95,2.63,2024-09-10 23:00:00,1.005895,0.0,0.0
2024,9,11,0,0.0,23.61,97.03,2.54,2024-09-11 00:00:00,1.006255,0.0,0.0
2024,9,11,1,0.0,23.52,96.98,2.59,2024-09-11 01:00:00,1.00666,0.0,0.0
2024,9,11,2,0.0,23.45,96.79,2.71,2024-09-11 02:00:00,1.006975,0.0,0.0
2024,9,11,3,0.0,23.32,96.69,2.68,2024-09-11 03:00:00,1.00756,0.0,0.0
2024,9,11,4,0.0,23.11,96.71,2.26,2024-09-11 04:00:00,1.008505,0.0,0.0
2024,9,11,5,1.83,22.87,96.81,1.85,2024-09-11 05:00:00,1.009585,0.184754055,0.184754055
2024,9,11,6,64.18,23.62,94.6,1.57,2024-09-11 06:00:00,1.00621,6.45785578,6.45785578
2024,9,11,7,173.1,24.48,89.57,1.87,2024-09-11 07:00:00,1.00234,17.3505054,17.3505054
2024,9,11,8,308.7,25.72,83.4,2.44,2024-09-11 08:00:00,0.99676,30.769981199999997,30.769981199999997
2024,9,11,9,469.98,27.27,76.28,3.03,2024-09-11 09:00:00,0.989785,46.51791543,46.51791543
2024,9,11,10,562.9,28.71,70.98,3.4,2024-09-11 10:00:00,0.983305,55.35023844999999,55.35023844999999
2024,9,11,11,642.15,29.69,68.0,3.59,2024-09-11 11:00:00,0.978895,62.859742425,62.859742425
2024,9,11,12,655.45,30.02,66.84,3.8,2024-09-11 12:00:00,0.97741,64.06433845000002,64.06433845000002
2024,9,11,13,590.8,29.97,66.43,4.16,2024-09-11 13:00:00,0.977635,57.7586758,57.7586758
2024,9,11,14,518.83,29.46,67.66,4.67,2024-09-11 14:00:00,0.97993,50.84170819,50.84170819
2024,9,11,15,326.88,28.38,71.62,5.18,2024-09-11 15:00:00,0.98479,32.19081552,32.19081552
2024,9,11,16,138.65,26.94,78.03,5.28,2024-09-11 16:00:00,0.99127,13.74395855,13.74395855
2024,9,11,17,13.0,25.17,87.52,4.42,2024-09-11 17:00:00,0.999235,1.2990055,1.2990055
2024,9,11,18,0.0,24.09,93.83,3.99,2024-09-11 18:00:00,1.004095,0.0,0.0
2024,9,11,19,0.0,23.72,95.53,3.62,2024-09-11 19:00:00,1.00576,0.0,0.0
2024,9,11,20,0.0,23.44,96.02,3.24,2024-09-11 20:00:00,1.00702,0.0,0.0
2024,9,11,21,0.0,23.08,96.67,2.84,2024-09-11 21:00:00,1.00864,0.0,0.0
2024,9,11,22,0.0,22.61,97.94,2.6,2024-09-11 22:00:00,1.010755,0.0,0.0
2024,9,11,23,0.0,22.26,98.65,2.53,2024-09-11 23:00:00,1.01233,0.0,0.0
2024,9,12,0,0.0,22.1,98.65,2.51,2024-09-12 00:00:00,1.01305,0.0,0.0
2024,9,12,1,0.0,21.99,98.47,2.57,2024-09-12 01:00:00,1.013545,0.0,0.0
2024,9,12,2,0.0,21.91,98.36,2.72,2024-09-12 02:00:00,1.013905,0.0,0.0
2024,9,12,3,0.0,21.85,98.25,2.84,2024-09-12 03:00:00,1.014175,0.0,0.0
2024,9,12,4,0.0,21.81,98.12,2.82,2024-09-12 04:00:00,1.014355,0.0,0.0
2024,9,12,5,3.42,21.84,97.77,2.68,2024-09-12 05:00:00,1.01422,0.34686323999999996,0.34686323999999996
2024,9,12,6,102.03,23.14,93.96,3.57,2024-09-12 06:00:00,1.00837,10.288399109999999,10.288399109999999
2024,9,12,7,304.85,24.77,87.42,4.7,2024-09-12 07:00:00,1.001035,30.516551974999995,30.516551974999995
2024,9,12,8,553.2,26.71,76.55,5.56,2024-09-12 08:00:00,0.992305,54.8943126,54.8943126
2024,9,12,9,699.4,28.17,69.32,5.44,2024-09-12 09:00:00,0.985735,68.9423059,68.9423059
2024,9,12,10,761.8,29.17,64.67,5.28,2024-09-12 10:00:00,0.981235,74.75048229999999,74.75048229999999
2024,9,12,11,781.9,29.84,61.71,5.29,2024-09-12 11:00:00,0.97822,76.4870218,76.4870218
2024,9,12,12,601.33,30.08,60.92,5.42,2024-09-12 12:00:00,0.97714,58.75835962,58.75835962
2024,9,12,13,674.42,29.87,62.06,5.47,2024-09-12 13:00:00,0.978085,65.96400856999999,65.96400856999999
2024,9,12,14,512.55,29.34,64.08,5.42,2024-09-12 14:00:00,0.98047,50.253989849999996,50.253989849999996
2024,9,12,15,318.52,28.31,67.88,5.36,2024-09-12 15:00:00,0.985105,31.37756446,31.37756446
2024,9,12,16,131.68,26.78,74.22,5.18,2024-09-12 16:00:00,0.99199,13.062524320000003,13.062524320000003
2024,9,12,17,12.3,24.82,84.66,4.42,2024-09-12 17:00:00,1.00081,1.2309963,1.2309963
2024,9,12,18,0.0,23.67,91.58,4.08,2024-09-12 18:00:00,1.005985,0.0,0.0
2024,9,12,19,0.0,23.24,94.62,3.8,2024-09-12 19:00:00,1.00792,0.0,0.0
2024,9,12,20,0.0,22.97,96.08,3.48,2024-09-12 20:00:00,1.0091350000000001,0.0,0.0
2024,9,12,21,0.0,22.83,96.6,3.23,2024-09-12 21:00:00,1.009765,0.0,0.0
2024,9,12,22,0.0,22.77,96.46,3.22,2024-09-12 22:00:00,1.010035,0.0,0.0
2024,9,12,23,0.0,22.6,96.63,3.12,2024-09-12 23:00:00,1.0108,0.0,0.0
2024,9,13,0,0.0,22.37,97.14,2.97,2024-09-13 00:00:00,1.011835,0.0,0.0
2024,9,13,1,0.0,22.17,97.53,2.93,2024-09-13 01:00:00,1.012735,0.0,0.0
2024,9,13,2,0.0,21.98,97.51,3.05,2024-09-13 02:00:00,1.01359,0.0,0.0
2024,9,13,3,0.0,21.73,97.45,3.01,2024-09-13 03:00:00,1.014715,0.0,0.0
2024,9,13,4,0.0,21.45,97.81,2.84,2024-09-13 04:00:00,1.015975,0.0,0.0
2024,9,13,5,4.12,21.18,97.88,2.7,2024-09-13 05:00:00,1.01719,0.41908228000000003,0.41908228000000003
2024,9,13,6,120.93,22.6,92.62,3.66,2024-09-13 06:00:00,1.0108,12.223604400000001,12.223604400000001
2024,9,13,7,357.65,24.19,84.68,4.31,2024-09-13 07:00:00,1.003645,35.89536342499999,35.89536342499999
2024,9,13,8,592.1,25.99,74.03,4.45,2024-09-13 08:00:00,0.995545,58.94621945000001,58.94621945000001
2024,9,13,9,766.08,27.6,65.72,4.46,2024-09-13 09:00:00,0.9883,75.7116864,75.7116864
2024,9,13,10,862.25,28.73,61.1,4.55,2024-09-13 10:00:00,0.983215,84.77771337499999,84.77771337499999
2024,9,13,11,922.95,29.4,59.05,4.78,2024-09-13 11:00:00,0.9802,90.467559,90.467559
2024,9,13,12,873.95,29.62,58.74,5.07,2024-09-13 12:00:00,0.97921,85.57805795,85.57805795
2024,9,13,13,777.75,29.41,60.02,5.38,2024-09-13 13:00:00,0.980155,76.231555125,76.231555125
2024,9,13,14,611.97,28.78,62.81,5.61,2024-09-13 14:00:00,0.98299,60.15603903,60.15603903
2024,9,13,15,380.35,27.73,67.23,5.75,2024-09-13 15:00:00,0.987715,37.567740025000006,37.567740025000006
2024,9,13,16,169.18,26.14,74.79,5.65,2024-09-13 16:00:00,0.99487,16.83121066,16.83121066
2024,9,13,17,15.55,24.16,85.74,4.67,2024-09-13 17:00:00,1.00378,1.5608779,1.5608779
2024,9,13,18,0.0,23.37,90.8,4.26,2024-09-13 18:00:00,1.007335,0.0,0.0
2024,9,13,19,0.0,23.09,91.97,4.02,2024-09-13 19:00:00,1.008595,0.0,0.0
2024,9,13,20,0.0,22.78,93.26,3.58,2024-09-13 20:00:00,1.00999,0.0,0.0
2024,9,13,21,0.0,22.49,94.77,3.14,2024-09-13 21:00:00,1.011295,0.0,0.0
2024,9,13,22,0.0,22.23,95.7,2.95,2024-09-13 22:00:00,1.012465,0.0,0.0
2024,9,13,23,0.0,21.95,96.08,2.81,2024-09-13 23:00:00,1.013725,0.0,0.0
2024,9,14,0,0.0,21.66,96.37,2.63,2024-09-14 00:00:00,1.01503,0.0,0.0
2024,9,14,1,0.0,21.45,96.43,2.51,2024-09-14 01:00:00,1.015975,0.0,0.0
2024,9,14,2,0.0,21.27,96.49,2.51,2024-09-14 02:00:00,1.016785,0.0,0.0
2024,9,14,3,0.0,21.15,96.38,2.55,2024-09-14 03:00:00,1.017325,0.0,0.0
2024,9,14,4,0.0,21.04,96.23,2.48,2024-09-14 04:00:00,1.01782,0.0,0.0
2024,9,14,5,4.65,20.81,96.17,2.43,2024-09-14 05:00:00,1.018855,0.47376757500000005,0.47376757500000005
2024,9,14,6,128.98,22.5,90.92,2.83,2024-09-14 06:00:00,1.01125,13.043102499999998,13.043102499999998
2024,9,14,7,356.02,24.27,83.05,3.61,2024-09-14 07:00:00,1.003285,35.718952570000006,35.718952570000006
2024,9,14,8,584.22,26.09,73.47,3.7,2024-09-14 08:00:00,0.995095,58.13544009,58.13544009
2024,9,14,9,752.88,27.7,65.06,3.52,2024-09-14 09:00:00,0.98785,74.3732508,74.3732508
2024,9,14,10,871.08,28.9,59.39,3.54,2024-09-14 10:00:00,0.98245,85.57925460000001,85.57925460000001
2024,9,14,11,822.72,29.59,56.49,3.77,2024-09-14 11:00:00,0.979345,80.57267184000001,80.57267184000001
2024,9,14,12,832.78,29.86,55.43,4.13,2024-09-14 12:00:00,0.97813,81.45671014,81.45671014
2024,9,14,13,761.75,29.68,56.54,4.51,2024-09-14 13:00:00,0.97894,74.5707545,74.5707545
2024,9,14,14,554.83,29.04,59.61,4.79,2024-09-14 14:00:00,0.98182,54.474319060000006,54.474319060000006
2024,9,14,15,353.3,27.9,64.92,4.93,2024-09-14 15:00:00,0.98695,34.8689435,34.8689435
2024,9,14,16,153.02,26.26,73.55,4.96,2024-09-14 16:00:00,0.99433,15.215237660000001,15.215237660000001
2024,9,14,17,13.55,24.17,86.94,4.01,2024-09-14 17:00:00,1.003735,1.3600609250000002,1.3600609250000002
2024,9,14,18,0.0,23.15,94.21,3.45,2024-09-14 18:00:00,1.008325,0.0,0.0
2024,9,14,19,0.0,23.04,94.79,3.29,2024-09-14 19:00:00,1.00882,0.0,0.0
2024,9,14,20,0.0,22.86,95.23,2.85,2024-09-14 20:00:00,1.00963,0.0,0.0
2024,9,14,21,0.0,22.62,96.1,2.45,2024-09-14 21:00:00,1.01071,0.0,0.0
2024,9,14,22,0.0,22.39,96.6,2.27,2024-09-14 22:00:00,1.011745,0.0,0.0
2024,9,14,23,0.0,22.18,96.95,2.23,2024-09-14 23:00:00,1.01269,0.0,0.0
2024,9,15,0,0.0,22.03,97.26,2.2,2024-09-15 00:00:00,1.013365,0.0,0.0
2024,9,15,1,0.0,21.93,97.51,2.24,2024-09-15 01:00:00,1.013815,0.0,0.0
2024,9,15,2,0.0,21.84,97.48,2.31,2024-09-15 02:00:00,1.01422,0.0,0.0
2024,9,15,3,0.0,21.73,97.3,2.34,2024-09-15 03:00:00,1.014715,0.0,0.0
2024,9,15,4,0.0,21.59,97.55,2.31,2024-09-15 04:00:00,1.015345,0.0,0.0
2024,9,15,5,4.78,21.5,97.57,2.32,2024-09-15 05:00:00,1.01575,0.48552850000000003,0.48552850000000003
2024,9,15,6,122.8,23.09,92.96,3.14,2024-09-15 06:00:00,1.008595,12.385546599999998,12.385546599999998
2024,9,15,7,343.33,24.69,85.42,4.01,2024-09-15 07:00:00,1.001395,34.380894535,34.380894535
2024,9,15,8,574.4,26.45,75.48,4.32,2024-09-15 08:00:00,0.993475,57.065204,57.065204
2024,9,15,9,750.9,27.94,68.32,4.38,2024-09-15 09:00:00,0.98677,74.09655930000001,74.09655930000001
2024,9,15,10,885.78,29.05,64.13,4.34,2024-09-15 10:00:00,0.981775,86.96366594999999,86.96366594999999
2024,9,15,11,931.12,29.75,61.34,4.35,2024-09-15 11:00:00,0.978625,91.12173100000001,91.12173100000001
2024,9,15,12,869.67,30.11,59.26,4.46,2024-09-15 12:00:00,0.977005,84.967193835,84.967193835
2024,9,15,13,769.55,29.99,58.75,4.61,2024-09-15 13:00:00,0.977545,75.226975475,75.226975475
2024,9,15,14,601.92,29.52,59.28,4.71,2024-09-15 14:00:00,0.97966,58.96769472,58.96769472
2024,9,15,15,356.42,28.6,62.08,4.79,2024-09-15 15:00:00,0.9838,35.0645996,35.0645996
2024,9,15,16,155.23,27.06,68.98,4.78,2024-09-15 16:00:00,0.99073,15.379101789999998,15.379101789999998
2024,9,15,17,13.43,24.73,82.71,3.73,2024-09-15 17:00:00,1.001215,1.3446317449999998,1.3446317449999998
2024,9,15,18,0.0,23.4,90.91,3.3,2024-09-15 18:00:00,1.0072,0.0,0.0
2024,9,15,19,0.0,22.9,93.95,3.1,2024-09-15 19:00:00,1.00945,0.0,0.0
2024,9,15,20,0.0,22.42,95.53,2.79,2024-09-15 20:00:00,1.01161,0.0,0.0
2024,9,15,21,0.0,21.94,97.3,2.58,2024-09-15 21:00:00,1.01377,0.0,0.0
2024,9,15,22,0.0,21.52,99.37,2.47,2024-09-15 22:00:00,1.01566,0.0,0.0
2024,9,15,23,0.0,21.13,100.0,2.42,2024-09-15 23:00:00,1.017415,0.0,0.0
2024,9,16,0,0.0,20.82,100.0,2.44,2024-09-16 00:00:00,1.01881,0.0,0.0
2024,9,16,1,0.0,20.74,100.0,2.42,2024-09-16 01:00:00,1.01917,0.0,0.0
2024,9,16,2,0.0,20.66,100.0,2.41,2024-09-16 02:00:00,1.01953,0.0,0.0
2024,9,16,3,0.0,20.49,100.0,2.41,2024-09-16 03:00:00,1.020295,0.0,0.0
2024,9,16,4,0.0,20.31,100.0,2.39,2024-09-16 04:00:00,1.021105,0.0,0.0
2024,9,16,5,5.0,20.16,100.0,2.38,2024-09-16 05:00:00,1.02178,0.51089,0.51089
2024,9,16,6,121.6,22.32,91.34,3.03,2024-09-16 06:00:00,1.01206,12.3066496,12.3066496
2024,9,16,7,326.35,24.43,81.71,3.95,2024-09-16 07:00:00,1.002565,32.718708775,32.718708775
2024,9,16,8,572.6,26.15,73.25,4.24,2024-09-16 08:00:00,0.994825,56.9636795,56.9636795
2024,9,16,9,746.3,27.59,66.66,4.45,2024-09-16 09:00:00,0.988345,73.76018735,73.76018735
2024,9,16,10,890.65,28.58,62.28,4.8,2024-09-16 10:00:00,0.98389,87.63016285,87.63016285
2024,9,16,11,960.97,29.1,59.53,5.21,2024-09-16 11:00:00,0.98155,94.32401035,94.32401035
2024,9,16,12,915.28,29.2,59.06,5.54,2024-09-16 12:00:00,0.9811,89.79812079999999,89.79812079999999
2024,9,16,13,751.38,28.93,60.19,5.63,2024-09-16 13:00:00,0.982315,73.80918447,73.80918447
2024,9,16,14,632.22,28.37,62.05,5.47,2024-09-16 14:00:00,0.984835,62.26323837,62.26323837
2024,9,16,15,410.4,27.47,65.36,5.22,2024-09-16 15:00:00,0.988885,40.5838404,40.5838404
2024,9,16,16,187.65,26.13,71.34,4.76,2024-09-16 16:00:00,0.994915,18.669579975,18.669579975
2024,9,16,17,15.75,23.9,84.2,3.19,2024-09-16 17:00:00,1.00495,1.58279625,1.58279625
2024,9,16,18,0.0,22.37,92.54,2.52,2024-09-16 18:00:00,1.011835,0.0,0.0
2024,9,16,19,0.0,21.81,94.8,2.37,2024-09-16 19:00:00,1.014355,0.0,0.0
2024,9,16,20,0.0,21.25,97.77,2.35,2024-09-16 20:00:00,1.016875,0.0,0.0
2024,9,16,21,0.0,20.81,100.0,2.39,2024-09-16 21:00:00,1.018855,0.0,0.0
2024,9,16,22,0.0,20.44,100.0,2.47,2024-09-16 22:00:00,1.02052,0.0,0.0
2024,9,16,23,0.0,20.09,100.0,2.55,2024-09-16 23:00:00,1.022095,0.0,0.0
2024,9,17,0,0.0,20.37,100.0,2.5,2024-09-17 00:00:00,1.020835,0.0,0.0
2024,9,17,1,0.0,20.41,100.0,2.5,2024-09-17 01:00:00,1.020655,0.0,0.0
2024,9,17,2,0.0,20.31,100.0,2.56,2024-09-17 02:00:00,1.021105,0.0,0.0
2024,9,17,3,0.0,20.18,100.0,2.66,2024-09-17 03:00:00,1.02169,0.0,0.0
2024,9,17,4,0.0,20.0,99.75,2.7,2024-09-17 04:00:00,1.0225,0.0,0.0
2024,9,17,5,5.82,19.81,99.3,2.74,2024-09-17 05:00:00,1.023355,0.5955926100000001,0.5955926100000001
2024,9,17,6,140.4,22.19,88.92,3.21,2024-09-17 06:00:00,1.012645,14.217535799999999,14.217535799999999
2024,9,17,7,369.45,24.29,79.78,4.31,2024-09-17 07:00:00,1.003195,37.063039275,37.063039275
2024,9,17,8,615.35,25.95,72.65,4.57,2024-09-17 08:00:00,0.995725,61.271937875,61.271937875
2024,9,17,9,779.55,27.38,66.12,4.61,2024-09-17 09:00:00,0.98929,77.12010194999999,77.12010194999999
2024,9,17,10,918.72,28.38,62.01,4.55,2024-09-17 10:00:00,0.98479,90.47462688,90.47462688
2024,9,17,11,954.2,28.94,59.88,4.6,2024-09-17 11:00:00,0.98227,93.7282034,93.7282034
2024,9,17,12,929.22,29.14,59.21,4.59,2024-09-17 12:00:00,0.98137,91.19086314,91.19086314
2024,9,17,13,769.33,28.96,60.17,4.4,2024-09-17 13:00:00,0.98218,75.56205394000001,75.56205394000001
2024,9,17,14,666.9,28.46,62.03,4.26,2024-09-17 14:00:00,0.98443,65.6516367,65.6516367
2024,9,17,15,428.33,27.62,64.88,4.35,2024-09-17 15:00:00,0.98821,42.32799893,42.32799893
2024,9,17,16,190.8,26.23,70.75,4.49,2024-09-17 16:00:00,0.994465,18.974392200000004,18.974392200000004
2024,9,17,17,16.15,24.04,82.84,3.74,2024-09-17 17:00:00,1.00432,1.6219767999999999,1.6219767999999999
2024,9,17,18,0.0,22.62,91.06,3.27,2024-09-17 18:00:00,1.01071,0.0,0.0
2024,9,17,19,0.0,22.04,93.99,2.79,2024-09-17 19:00:00,1.01332,0.0,0.0
2024,9,17,20,0.0,21.54,95.59,2.5,2024-09-17 20:00:00,1.01557,0.0,0.0
2024,9,17,21,0.0,21.07,97.13,2.42,2024-09-17 21:00:00,1.017685,0.0,0.0
2024,9,17,22,0.0,20.57,98.97,2.45,2024-09-17 22:00:00,1.019935,0.0,0.0
2024,9,17,23,0.0,20.07,100.0,2.51,2024-09-17 23:00:00,1.022185,0.0,0.0
2024,9,18,0,0.0,19.64,100.0,2.56,2024-09-18 00:00:00,1.02412,0.0,0.0
2024,9,18,1,0.0,19.29,100.0,2.55,2024-09-18 01:00:00,1.025695,0.0,0.0
2024,9,18,2,0.0,19.01,100.0,2.55,2024-09-18 02:00:00,1.026955,0.0,0.0
2024,9,18,3,0.0,19.29,100.0,2.5,2024-09-18 03:00:00,1.025695,0.0,0.0
2024,9,18,4,0.0,19.37,100.0,2.48,2024-09-18 04:00:00,1.0253349999999999,0.0,0.0
2024,9,18,5,5.88,19.34,100.0,2.51,2024-09-18 05:00:00,1.02547,0.60297636,0.60297636
2024,9,18,6,142.0,21.85,91.86,3.07,2024-09-18 06:00:00,1.014175,14.401285,14.401285
2024,9,18,7,376.75,24.02,81.16,4.12,2024-09-18 07:00:00,1.00441,37.84114675,37.84114675
2024,9,18,8,634.2,25.63,71.88,4.3,2024-09-18 08:00:00,0.997165,63.24020430000001,63.24020430000001
2024,9,18,9,828.05,26.97,63.51,4.35,2024-09-18 09:00:00,0.991135,82.07093367499999,82.07093367499999
2024,9,18,10,952.1,27.89,58.81,4.37,2024-09-18 10:00:00,0.986995,93.97179395,93.97179395
2024,9,18,11,1001.1,28.43,56.02,4.47,2024-09-18 11:00:00,0.984565,98.56480215000002,98.56480215000002
2024,9,18,12,934.35,28.6,54.58,4.62,2024-09-18 12:00:00,0.9838,91.921353,91.921353
2024,9,18,13,815.67,28.38,54.52,4.74,2024-09-18 13:00:00,0.98479,80.32636593000001,80.32636593000001
2024,9,18,14,616.8,27.83,55.53,4.71,2024-09-18 14:00:00,0.9872650000000001,60.8945052,60.8945052
2024,9,18,15,392.48,26.89,58.45,4.49,2024-09-18 15:00:00,0.991495,38.91419576,38.91419576
2024,9,18,16,177.82,25.48,65.02,4.16,2024-09-18 16:00:00,0.99784,17.74359088,17.74359088
2024,9,18,17,14.2,22.93,82.02,2.74,2024-09-18 17:00:00,1.009315,1.4332273,1.4332273
2024,9,18,18,0.0,21.33,90.37,2.52,2024-09-18 18:00:00,1.016515,0.0,0.0
2024,9,18,19,0.0,20.81,92.6,2.52,2024-09-18 19:00:00,1.018855,0.0,0.0
2024,9,18,20,0.0,20.4,94.12,2.6,2024-09-18 20:00:00,1.0207,0.0,0.0
2024,9,18,21,0.0,20.08,95.77,2.68,2024-09-18 21:00:00,1.02214,0.0,0.0
2024,9,18,22,0.0,19.8,97.13,2.75,2024-09-18 22:00:00,1.0234,0.0,0.0
2024,9,18,23,0.0,19.54,98.13,2.81,2024-09-18 23:00:00,1.02457,0.0,0.0
2024,9,19,0,0.0,19.33,98.67,2.85,2024-09-19 00:00:00,1.025515,0.0,0.0
2024,9,19,1,0.0,19.16,98.97,2.88,2024-09-19 01:00:00,1.02628,0.0,0.0
2024,9,19,2,0.0,19.04,98.85,2.91,2024-09-19 02:00:00,1.02682,0.0,0.0
2024,9,19,3,0.0,18.92,98.66,2.93,2024-09-19 03:00:00,1.02736,0.0,0.0
2024,9,19,4,0.0,18.8,98.57,2.87,2024-09-19 04:00:00,1.0279,0.0,0.0
2024,9,19,5,6.03,18.74,98.4,2.73,2024-09-19 05:00:00,1.02817,0.6199865100000002,0.6199865100000002
2024,9,19,6,145.43,21.56,88.0,2.57,2024-09-19 06:00:00,1.01548,14.768125640000001,14.768125640000001
2024,9,19,7,394.25,24.12,75.54,3.42,2024-09-19 07:00:00,1.00396,39.581123,39.581123
2024,9,19,8,651.7,25.95,67.14,3.33,2024-09-19 08:00:00,0.995725,64.89139825,64.89139825
2024,9,19,9,827.15,27.45,60.91,2.86,2024-09-19 09:00:00,0.988975,81.803067125,81.803067125
2024,9,19,10,947.22,28.62,56.3,2.76,2024-09-19 10:00:00,0.98371,93.17897862000001,93.17897862000001
2024,9,19,11,979.17,29.3,53.77,3.06,2024-09-19 11:00:00,0.98065,96.02230605,96.02230605
2024,9,19,12,934.97,29.53,53.21,3.57,2024-09-19 12:00:00,0.979615,91.59106365500001,91.59106365500001
2024,9,19,13,828.1,29.32,54.51,3.96,2024-09-19 13:00:00,0.98056,81.2001736,81.2001736
2024,9,19,14,634.9,28.75,57.03,4.15,2024-09-19 14:00:00,0.983125,62.41860625,62.41860625
2024,9,19,15,415.9,27.8,61.01,4.22,2024-09-19 15:00:00,0.9873999999999999,41.065965999999996,41.065965999999996
2024,9,19,16,173.48,26.38,67.63,4.19,2024-09-19 16:00:00,0.99379,17.24026892,17.24026892
2024,9,19,17,13.18,23.94,82.31,3.08,2024-09-19 17:00:00,1.00477,1.3242868599999997,1.3242868599999997
2024,9,19,18,0.0,22.39,91.26,2.71,2024-09-19 18:00:00,1.011745,0.0,0.0
2024,9,19,19,0.0,21.86,94.03,2.6,2024-09-19 19:00:00,1.01413,0.0,0.0
2024,9,19,20,0.0,21.36,96.52,2.53,2024-09-19 20:00:00,1.01638,0.0,0.0
2024,9,19,21,0.0,20.96,98.83,2.6,2024-09-19 21:00:00,1.01818,0.0,0.0
2024,9,19,22,0.0,20.73,100.0,2.71,2024-09-19 22:00:00,1.019215,0.0,0.0
2024,9,19,23,0.0,20.45,100.0,2.72,2024-09-19 23:00:00,1.020475,0.0,0.0
2024,9,20,0,0.0,20.15,100.0,2.66,2024-09-20 00:00:00,1.021825,0.0,0.0
2024,9,20,1,0.0,19.92,100.0,2.53,2024-09-20 01:00:00,1.02286,0.0,0.0
2024,9,20,2,0.0,20.08,100.0,2.34,2024-09-20 02:00:00,1.02214,0.0,0.0
2024,9,20,3,0.0,20.03,100.0,2.2,2024-09-20 03:00:00,1.022365,0.0,0.0
2024,9,20,4,0.0,19.93,100.0,2.03,2024-09-20 04:00:00,1.022815,0.0,0.0
2024,9,20,5,6.25,19.94,99.38,1.84,2024-09-20 05:00:00,1.02277,0.6392312499999999,0.6392312499999999
2024,9,20,6,139.75,21.96,90.65,1.8,2024-09-20 06:00:00,1.01368,14.166178,14.166178
2024,9,20,7,383.6,24.28,78.91,2.1,2024-09-20 07:00:00,1.00324,38.484286399999995,38.484286399999995
2024,9,20,8,631.42,26.16,70.51,1.96,2024-09-20 08:00:00,0.99478,62.812398759999994,62.812398759999994
2024,9,20,9,818.97,28.08,60.11,1.76,2024-09-20 09:00:00,0.98614,80.76190758,80.76190758
2024,9,20,10,942.55,29.3,55.66,1.95,2024-09-20 10:00:00,0.98065,92.43116574999999,92.43116574999999
2024,9,20,11,988.58,29.97,54.57,2.51,2024-09-20 11:00:00,0.977635,96.64704083000001,96.64704083000001
2024,9,20,12,951.47,30.23,54.51,3.05,2024-09-20 12:00:00,0.976465,92.90771535500001,92.90771535500001
2024,9,20,13,821.45,30.12,55.11,3.46,2024-09-20 13:00:00,0.97696,80.25237920000001,80.25237920000001
2024,9,20,14,662.83,29.58,56.83,3.69,2024-09-20 14:00:00,0.97939,64.91690737,64.91690737
2024,9,20,15,439.45,28.63,59.93,3.74,2024-09-20 15:00:00,0.983665,43.227158425,43.227158425
2024,9,20,16,191.25,27.16,65.7,3.7,2024-09-20 16:00:00,0.99028,18.939105,18.939105
2024,9,20,17,15.48,24.47,80.98,2.68,2024-09-20 17:00:00,1.002385,1.5516919800000002,1.5516919800000002
2024,9,20,18,0.0,22.68,89.55,2.38,2024-09-20 18:00:00,1.01044,0.0,0.0
2024,9,20,19,0.0,22.04,92.4,2.23,2024-09-20 19:00:00,1.01332,0.0,0.0
2024,9,20,20,0.0,21.52,93.98,2.14,2024-09-20 20:00:00,1.01566,0.0,0.0
2024,9,20,21,0.0,21.06,95.82,2.05,2024-09-20 21:00:00,1.01773,0.0,0.0
2024,9,20,22,0.0,20.76,97.05,1.88,2024-09-20 22:00:00,1.01908,0.0,0.0
2024,9,20,23,0.0,20.6,97.35,1.68,2024-09-20 23:00:00,1.0198,0.0,0.0
2024,9,21,0,0.0,20.51,97.21,1.53,2024-09-21 00:00:00,1.020205,0.0,0.0
2024,9,21,1,0.0,20.39,97.33,1.48,2024-09-21 01:00:00,1.020745,0.0,0.0
2024,9,21,2,0.0,20.19,98.12,1.5,2024-09-21 02:00:00,1.021645,0.0,0.0
2024,9,21,3,0.0,20.03,98.69,1.5,2024-09-21 03:00:00,1.022365,0.0,0.0
2024,9,21,4,0.0,19.92,99.05,1.48,2024-09-21 04:00:00,1.02286,0.0,0.0
2024,9,21,5,5.5,19.87,98.94,1.48,2024-09-21 05:00:00,1.023085,0.56269675,0.56269675
2024,9,21,6,104.07,21.76,91.4,1.78,2024-09-21 06:00:00,1.01458,10.55873406,10.55873406
2024,9,21,7,272.5,24.31,80.97,1.99,2024-09-21 07:00:00,1.003105,27.334611250000002,27.334611250000002
2024,9,21,8,471.25,26.59,71.43,1.68,2024-09-21 08:00:00,0.992845,46.787820625,46.787820625
2024,9,21,9,647.38,28.37,64.75,1.36,2024-09-21 09:00:00,0.984835,63.75624823,63.75624823
2024,9,21,10,824.8,29.65,60.83,1.49,2024-09-21 10:00:00,0.979075,80.75410600000001,80.75410600000001
2024,9,21,11,892.75,30.39,59.49,2.16,2024-09-21 11:00:00,0.975745,87.109634875,87.109634875
2024,9,21,12,850.42,30.64,59.51,2.69,2024-09-21 12:00:00,0.97462,82.88363404,82.88363404
2024,9,21,13,672.42,30.51,60.31,2.94,2024-09-21 13:00:00,0.975205,65.57473461,65.57473461
2024,9,21,14,541.2,30.05,61.57,3.04,2024-09-21 14:00:00,0.977275,52.890123,52.890123
2024,9,21,15,313.6,29.23,64.09,3.01,2024-09-21 15:00:00,0.980965,30.763062400000003,30.763062400000003
2024,9,21,16,118.9,27.77,70.04,3.13,2024-09-21 16:00:00,0.987535,11.741791150000001,11.741791150000001
2024,9,21,17,11.05,25.54,82.38,2.53,2024-09-21 17:00:00,0.99757,1.10231485,1.10231485
2024,9,21,18,0.0,24.02,89.46,2.27,2024-09-21 18:00:00,1.00441,0.0,0.0
2024,9,21,19,0.0,23.5,91.52,2.17,2024-09-21 19:00:00,1.00675,0.0,0.0
2024,9,21,20,0.0,23.03,93.48,2.02,2024-09-21 20:00:00,1.008865,0.0,0.0
2024,9,21,21,0.0,22.67,94.72,1.96,2024-09-21 21:00:00,1.010485,0.0,0.0
2024,9,21,22,0.0,22.43,95.36,1.94,2024-09-21 22:00:00,1.011565,0.0,0.0
2024,9,21,23,0.0,22.24,95.79,1.98,2024-09-21 23:00:00,1.01242,0.0,0.0
2024,9,22,0,0.0,22.12,96.15,2.01,2024-09-22 00:00:00,1.01296,0.0,0.0
2024,9,22,1,0.0,22.05,96.21,2.04,2024-09-22 01:00:00,1.013275,0.0,0.0
2024,9,22,2,0.0,21.91,96.58,2.06,2024-09-22 02:00:00,1.013905,0.0,0.0
2024,9,22,3,0.0,21.76,97.16,2.08,2024-09-22 03:00:00,1.01458,0.0,0.0
2024,9,22,4,0.0,21.72,97.2,2.06,2024-09-22 04:00:00,1.01476,0.0,0.0
2024,9,22,5,5.95,21.68,97.14,1.99,2024-09-22 05:00:00,1.01494,0.6038893000000001,0.6038893000000001
2024,9,22,6,117.88,23.42,90.36,2.28,2024-09-22 06:00:00,1.00711,11.87181268,11.87181268
2024,9,22,7,316.83,25.49,81.34,2.46,2024-09-22 07:00:00,0.997795,31.613138985,31.613138985
2024,9,22,8,521.8,27.84,71.97,2.06,2024-09-22 08:00:00,0.98722,51.513139599999995,51.513139599999995
2024,9,22,9,647.25,29.72,65.43,1.42,2024-09-22 09:00:00,0.97876,63.35024099999999,63.35024099999999
2024,9,22,10,733.6,30.69,62.66,1.18,2024-09-22 10:00:00,0.974395,71.4816172,71.4816172
2024,9,22,11,757.38,31.26,61.46,1.45,2024-09-22 11:00:00,0.97183,73.60446053999999,73.60446053999999
2024,9,22,12,683.92,31.39,61.66,1.93,2024-09-22 12:00:00,0.971245,66.42538804,66.42538804
2024,9,22,13,524.9,31.17,62.74,2.24,2024-09-22 13:00:00,0.972235,51.03261514999999,51.03261514999999
2024,9,22,14,430.52,30.39,65.64,2.51,2024-09-22 14:00:00,0.975745,42.00777373999999,42.00777373999999
2024,9,22,15,279.08,29.13,71.57,2.76,2024-09-22 15:00:00,0.981415,27.389329820000004,27.389329820000004
2024,9,22,16,115.15,27.84,78.73,2.84,2024-09-22 16:00:00,0.98722,11.3678383,11.3678383
2024,9,22,17,10.93,26.35,87.82,2.36,2024-09-22 17:00:00,0.993925,1.0863600249999998,1.0863600249999998
2024,9,22,18,0.0,25.23,93.58,2.14,2024-09-22 18:00:00,0.998965,0.0,0.0
2024,9,22,19,0.0,24.78,95.76,2.04,2024-09-22 19:00:00,1.00099,0.0,0.0
2024,9,22,20,0.0,24.6,96.61,1.8,2024-09-22 20:00:00,1.0018,0.0,0.0
2024,9,22,21,0.0,24.43,97.02,1.74,2024-09-22 21:00:00,1.002565,0.0,0.0
2024,9,22,22,0.0,24.25,97.36,1.74,2024-09-22 22:00:00,1.003375,0.0,0.0
2024,9,22,23,0.0,24.11,97.53,1.81,2024-09-22 23:00:00,1.004005,0.0,0.0
2024,9,23,0,0.0,24.02,97.64,1.99,2024-09-23 00:00:00,1.00441,0.0,0.0
2024,9,23,1,0.0,24.0,97.51,2.19,2024-09-23 01:00:00,1.0045,0.0,0.0
2024,9,23,2,0.0,23.95,97.47,2.31,2024-09-23 02:00:00,1.004725,0.0,0.0
2024,9,23,3,0.0,23.84,97.66,2.34,2024-09-23 03:00:00,1.00522,0.0,0.0
2024,9,23,4,0.0,23.68,97.86,2.24,2024-09-23 04:00:00,1.00594,0.0,0.0
2024,9,23,5,5.95,23.55,97.89,2.17,2024-09-23 05:00:00,1.006525,0.598882375,0.598882375
2024,9,23,6,99.07,24.6,94.67,2.98,2024-09-23 06:00:00,1.0018,9.9248326,9.9248326
2024,9,23,7,260.3,25.74,89.39,3.56,2024-09-23 07:00:00,0.9966700000000001,25.943320100000005,25.943320100000005
2024,9,23,8,456.08,27.44,80.69,3.53,2024-09-23 08:00:00,0.98902,45.107224159999994,45.107224159999994
2024,9,23,9,570.58,28.84,73.15,3.08,2024-09-23 09:00:00,0.98272,56.07203776000001,56.07203776000001
2024,9,23,10,672.22,29.84,68.53,2.68,2024-09-23 10:00:00,0.97822,65.75790484000001,65.75790484000001
2024,9,23,11,640.55,30.42,66.4,2.53,2024-09-23 11:00:00,0.97561,62.49269854999999,62.49269854999999
2024,9,23,12,601.6,30.67,65.84,2.51,2024-09-23 12:00:00,0.974485,58.62501760000001,58.62501760000001
2024,9,23,13,503.23,30.66,65.94,2.51,2024-09-23 13:00:00,0.97453,49.041273190000005,49.041273190000005
2024,9,23,14,360.25,29.94,68.39,2.61,2024-09-23 14:00:00,0.97777,35.22416425,35.22416425
2024,9,23,15,219.35,29.02,72.69,2.77,2024-09-23 15:00:00,0.98191,21.538195849999997,21.538195849999997
2024,9,23,16,95.4,27.79,78.75,2.82,2024-09-23 16:00:00,0.987445,9.4202253,9.4202253
2024,9,23,17,9.8,26.36,87.58,2.3,2024-09-23 17:00:00,0.99388,0.9740024,0.9740024
2024,9,23,18,0.0,25.53,92.11,2.14,2024-09-23 18:00:00,0.997615,0.0,0.0
2024,9,23,19,0.0,25.17,93.44,2.22,2024-09-23 19:00:00,0.999235,0.0,0.0
2024,9,23,20,0.0,24.89,94.5,2.35,2024-09-23 20:00:00,1.000495,0.0,0.0
2024,9,23,21,0.0,24.66,95.18,2.45,2024-09-23 21:00:00,1.00153,0.0,0.0
2024,9,23,22,0.0,24.45,95.89,2.35,2024-09-23 22:00:00,1.002475,0.0,0.0
2024,9,23,23,0.0,24.28,96.33,2.2,2024-09-23 23:00:00,1.00324,0.0,0.0
2024,9,24,0,0.0,24.13,96.59,2.12,2024-09-24 00:00:00,1.0039150000000001,0.0,0.0
2024,9,24,1,0.0,24.0,96.79,2.14,2024-09-24 01:00:00,1.0045,0.0,0.0
2024,9,24,2,0.0,23.9,96.94,2.28,2024-09-24 02:00:00,1.00495,0.0,0.0
2024,9,24,3,0.0,23.84,96.88,2.41,2024-09-24 03:00:00,1.00522,0.0,0.0
2024,9,24,4,0.0,23.77,96.96,2.38,2024-09-24 04:00:00,1.005535,0.0,0.0
2024,9,24,5,5.4,23.73,96.98,2.33,2024-09-24 05:00:00,1.005715,0.5430861,0.5430861
2024,9,24,6,81.15,24.59,93.88,3.26,2024-09-24 06:00:00,1.001845,8.129972175,8.129972175
2024,9,24,7,231.1,25.6,88.77,3.95,2024-09-24 07:00:00,0.9973,23.047603,23.047603
2024,9,24,8,366.7,26.66,82.65,4.05,2024-09-24 08:00:00,0.99253,36.3960751,36.3960751
2024,9,24,9,466.48,27.68,77.26,3.84,2024-09-24 09:00:00,0.98794,46.085425120000004,46.085425120000004
2024,9,24,10,585.25,28.53,73.45,3.77,2024-09-24 10:00:00,0.984115,57.595330375,57.595330375
2024,9,24,11,559.97,29.13,70.67,3.91,2024-09-24 11:00:00,0.981415,54.956295755000006,54.956295755000006
2024,9,24,12,552.95,29.08,70.76,4.13,2024-09-24 12:00:00,0.98164,54.2797838,54.2797838
2024,9,24,13,429.4,28.82,72.13,4.36,2024-09-24 13:00:00,0.98281,42.2018614,42.2018614
2024,9,24,14,111.88,28.22,74.51,4.69,2024-09-24 14:00:00,0.98551,11.025885879999999,11.025885879999999
2024,9,24,15,86.1,27.32,78.15,5.06,2024-09-24 15:00:00,0.98956,8.5201116,8.5201116
2024,9,24,16,68.53,26.25,83.26,4.92,2024-09-24 16:00:00,0.994375,6.8144518750000005,6.8144518750000005
2024,9,24,17,7.18,25.23,89.17,3.76,2024-09-24 17:00:00,0.998965,0.7172568699999999,0.7172568699999999
2024,9,24,18,0.0,24.63,92.91,2.68,2024-09-24 18:00:00,1.001665,0.0,0.0
2024,9,24,19,0.0,24.37,94.42,2.35,2024-09-24 19:00:00,1.002835,0.0,0.0
2024,9,24,20,0.0,24.25,94.87,2.34,2024-09-24 20:00:00,1.003375,0.0,0.0
2024,9,24,21,0.0,24.16,95.22,2.24,2024-09-24 21:00:00,1.00378,0.0,0.0
2024,9,24,22,0.0,24.04,95.74,1.95,2024-09-24 22:00:00,1.00432,0.0,0.0
2024,9,24,23,0.0,23.92,96.19,1.68,2024-09-24 23:00:00,1.00486,0.0,0.0
2024,9,25,0,0.0,23.82,96.47,1.56,2024-09-25 00:00:00,1.00531,0.0,0.0
2024,9,25,1,0.0,23.72,96.49,1.64,2024-09-25 01:00:00,1.00576,0.0,0.0
2024,9,25,2,0.0,23.61,96.47,1.67,2024-09-25 02:00:00,1.006255,0.0,0.0
2024,9,25,3,0.0,23.48,96.53,1.64,2024-09-25 03:00:00,1.00684,0.0,0.0
2024,9,25,4,0.0,23.3,96.73,1.65,2024-09-25 04:00:00,1.00765,0.0,0.0
2024,9,25,5,6.6,23.01,97.13,1.77,2024-09-25 05:00:00,1.008955,0.6659103000000001,0.6659103000000001
2024,9,25,6,111.8,23.86,94.78,2.31,2024-09-25 06:00:00,1.00513,11.2373534,11.2373534
2024,9,25,7,313.15,25.01,88.9,3.13,2024-09-25 07:00:00,0.999955,31.313590825,31.313590825
2024,9,25,8,529.55,26.65,79.97,3.26,2024-09-25 08:00:00,0.992575,52.561809124999996,52.561809124999996
2024,9,25,9,656.1,28.5,70.89,2.92,2024-09-25 09:00:00,0.98425,64.57664249999999,64.57664249999999
2024,9,25,10,705.2,29.97,65.78,2.59,2024-09-25 10:00:00,0.977635,68.94282020000001,68.94282020000001
2024,9,25,11,764.08,30.67,63.71,2.62,2024-09-25 11:00:00,0.974485,74.45844988000002,74.45844988000002
2024,9,25,12,693.97,30.71,63.42,2.63,2024-09-25 12:00:00,0.974305,67.613844085,67.613844085
2024,9,25,13,588.08,30.29,64.35,2.41,2024-09-25 13:00:00,0.976195,57.40807556000001,57.40807556000001
2024,9,25,14,407.73,29.69,66.23,2.15,2024-09-25 14:00:00,0.978895,39.912485835,39.912485835
2024,9,25,15,251.15,28.66,71.24,2.05,2024-09-25 15:00:00,0.98353,24.70135595,24.70135595
2024,9,25,16,103.8,27.43,78.12,2.07,2024-09-25 16:00:00,0.989065,10.2664947,10.2664947
2024,9,25,17,8.65,26.05,86.89,1.87,2024-09-25 17:00:00,0.995275,0.860912875,0.860912875
2024,9,25,18,0.0,25.29,91.25,1.88,2024-09-25 18:00:00,0.998695,0.0,0.0
2024,9,25,19,0.0,24.98,93.05,1.83,2024-09-25 19:00:00,1.00009,0.0,0.0
2024,9,25,20,0.0,24.78,94.4,1.69,2024-09-25 20:00:00,1.00099,0.0,0.0
2024,9,25,21,0.0,24.66,95.35,1.56,2024-09-25 21:00:00,1.00153,0.0,0.0
2024,9,25,22,0.0,24.55,96.12,1.47,2024-09-25 22:00:00,1.002025,0.0,0.0
2024,9,25,23,0.0,24.45,96.34,1.55,2024-09-25 23:00:00,1.002475,0.0,0.0
2024,9,26,0,0.0,24.33,96.66,1.57,2024-09-26 00:00:00,1.003015,0.0,0.0
2024,9,26,1,0.0,24.22,96.94,1.58,2024-09-26 01:00:00,1.00351,0.0,0.0
2024,9,26,2,0.0,24.14,97.07,1.66,2024-09-26 02:00:00,1.00387,0.0,0.0
2024,9,26,3,0.0,24.08,97.11,1.73,2024-09-26 03:00:00,1.00414,0.0,0.0
2024,9,26,4,0.0,24.05,97.07,1.76,2024-09-26 04:00:00,1.004275,0.0,0.0
2024,9,26,5,6.95,24.03,97.02,1.79,2024-09-26 05:00:00,1.004365,0.698033675,0.698033675
2024,9,26,6,127.15,24.55,95.1,2.37,2024-09-26 06:00:00,1.002025,12.740747875,12.740747875
2024,9,26,7,346.38,25.19,92.07,2.9,2024-09-26 07:00:00,0.999145,34.60838451,34.60838451
2024,9,26,8,579.22,26.03,87.48,2.95,2024-09-26 08:00:00,0.9953649999999999,57.65353153,57.65353153
2024,9,26,9,748.72,27.05,81.77,2.75,2024-09-26 09:00:00,0.990775,74.1813058,74.1813058
2024,9,26,10,806.67,28.16,76.35,2.45,2024-09-26 10:00:00,0.98578,79.51991526,79.51991526
2024,9,26,11,783.97,28.79,73.36,2.29,2024-09-26 11:00:00,0.982945,77.059939165,77.059939165
2024,9,26,12,682.6,28.76,73.04,2.47,2024-09-26 12:00:00,0.98308,67.1050408,67.1050408
2024,9,26,13,547.0,28.34,75.12,3.06,2024-09-26 13:00:00,0.98497,53.877859,53.877859
2024,9,26,14,382.65,27.55,78.9,3.67,2024-09-26 14:00:00,0.988525,37.825909125,37.825909125
2024,9,26,15,108.47,26.69,83.03,3.96,2024-09-26 15:00:00,0.992395,10.764508565,10.764508565
2024,9,26,16,78.43,25.83,87.57,3.76,2024-09-26 16:00:00,0.996265,7.813706395000001,7.813706395000001
2024,9,26,17,8.6,25.09,92.14,2.95,2024-09-26 17:00:00,0.999595,0.8596517,0.8596517
2024,9,26,18,0.0,24.67,94.41,2.63,2024-09-26 18:00:00,1.001485,0.0,0.0
2024,9,26,19,0.0,24.51,95.12,2.48,2024-09-26 19:00:00,1.002205,0.0,0.0
2024,9,26,20,0.0,24.34,95.68,2.37,2024-09-26 20:00:00,1.00297,0.0,0.0
2024,9,26,21,0.0,24.15,96.33,2.16,2024-09-26 21:00:00,1.003825,0.0,0.0
2024,9,26,22,0.0,23.99,96.78,2.09,2024-09-26 22:00:00,1.004545,0.0,0.0
2024,9,26,23,0.0,23.81,97.26,2.08,2024-09-26 23:00:00,1.005355,0.0,0.0
2024,9,27,0,0.0,23.61,97.74,2.03,2024-09-27 00:00:00,1.006255,0.0,0.0
2024,9,27,1,0.0,23.48,97.89,2.0,2024-09-27 01:00:00,1.00684,0.0,0.0
2024,9,27,2,0.0,23.37,97.87,2.06,2024-09-27 02:00:00,1.007335,0.0,0.0
2024,9,27,3,0.0,23.13,98.13,2.15,2024-09-27 03:00:00,1.008415,0.0,0.0
2024,9,27,4,0.0,22.94,98.31,2.11,2024-09-27 04:00:00,1.00927,0.0,0.0
2024,9,27,5,6.57,22.81,98.25,2.07,2024-09-27 05:00:00,1.009855,0.663474735,0.663474735
2024,9,27,6,123.7,24.18,94.16,2.65,2024-09-27 06:00:00,1.00369,12.415645300000001,12.415645300000001
2024,9,27,7,329.8,25.49,88.17,3.3,2024-09-27 07:00:00,0.997795,32.907279100000004,32.907279100000004
2024,9,27,8,575.42,26.91,79.96,3.47,2024-09-27 08:00:00,0.991405,57.047426509999994,57.047426509999994
2024,9,27,9,637.4,28.14,73.46,3.37,2024-09-27 09:00:00,0.98587,62.8393538,62.8393538
2024,9,27,10,731.55,29.06,69.75,3.38,2024-09-27 10:00:00,0.98173,71.81845814999998,71.81845814999998
2024,9,27,11,771.17,29.73,67.35,3.5,2024-09-27 11:00:00,0.978715,75.47556465499999,75.47556465499999
2024,9,27,12,729.9,30.11,65.86,3.67,2024-09-27 12:00:00,0.977005,71.31159495,71.31159495
2024,9,27,13,615.28,30.12,65.52,3.85,2024-09-27 13:00:00,0.97696,60.110394879999994,60.110394879999994
2024,9,27,14,432.17,29.78,66.12,4.0,2024-09-27 14:00:00,0.97849,42.28740233,42.28740233
2024,9,27,15,288.12,29.03,68.73,4.23,2024-09-27 15:00:00,0.981865,28.289494379999997,28.289494379999997
2024,9,27,16,118.85,27.66,75.04,4.37,2024-09-27 16:00:00,0.98803,11.74273655,11.74273655
2024,9,27,17,10.93,26.01,84.58,3.6,2024-09-27 17:00:00,0.995455,1.088032315,1.088032315
2024,9,27,18,0.0,25.09,90.52,3.16,2024-09-27 18:00:00,0.999595,0.0,0.0
2024,9,27,19,0.0,24.83,92.74,2.91,2024-09-27 19:00:00,1.000765,0.0,0.0
2024,9,27,20,0.0,24.63,94.39,2.53,2024-09-27 20:00:00,1.001665,0.0,0.0
2024,9,27,21,0.0,24.52,95.18,2.28,2024-09-27 21:00:00,1.00216,0.0,0.0
2024,9,27,22,0.0,24.39,95.71,2.16,2024-09-27 22:00:00,1.002745,0.0,0.0
2024,9,27,23,0.0,24.28,95.95,2.12,2024-09-27 23:00:00,1.00324,0.0,0.0
2024,9,28,0,0.0,24.17,96.22,2.08,2024-09-28 00:00:00,1.003735,0.0,0.0
2024,9,28,1,0.0,24.04,96.51,2.09,2024-09-28 01:00:00,1.00432,0.0,0.0
2024,9,28,2,0.0,23.85,97.06,2.09,2024-09-28 02:00:00,1.005175,0.0,0.0
2024,9,28,3,0.0,23.49,98.72,2.14,2024-09-28 03:00:00,1.006795,0.0,0.0
2024,9,28,4,0.0,23.29,99.47,2.18,2024-09-28 04:00:00,1.007695,0.0,0.0
2024,9,28,5,7.25,23.28,99.2,2.2,2024-09-28 05:00:00,1.00774,0.7306115000000002,0.7306115000000002
2024,9,28,6,122.9,24.79,92.47,3.08,2024-09-28 06:00:00,1.000945,12.301614050000001,12.301614050000001
2024,9,28,7,322.65,26.57,83.33,3.73,2024-09-28 07:00:00,0.992935,32.037047775,32.037047775
2024,9,28,8,568.05,28.3,75.12,3.86,2024-09-28 08:00:00,0.98515,55.96144574999999,55.96144574999999
2024,9,28,9,713.3,29.81,69.04,3.77,2024-09-28 09:00:00,0.978355,69.78606214999999,69.78606214999999
2024,9,28,10,809.67,31.03,64.37,3.66,2024-09-28 10:00:00,0.972865,78.769960455,78.769960455
2024,9,28,11,825.85,31.76,61.1,3.62,2024-09-28 11:00:00,0.96958,80.07276429999999,80.07276429999999
2024,9,28,12,807.58,32.09,59.23,3.65,2024-09-28 12:00:00,0.968095,78.18141601,78.18141601
2024,9,28,13,675.88,32.02,59.09,3.81,2024-09-28 13:00:00,0.96841,65.45289508,65.45289508
2024,9,28,14,490.33,31.35,61.27,4.14,2024-09-28 14:00:00,0.971425,47.631882025,47.631882025
2024,9,28,15,296.1,30.22,66.07,4.54,2024-09-28 15:00:00,0.97651,28.914461100000004,28.914461100000004
2024,9,28,16,120.4,28.6,73.91,4.81,2024-09-28 16:00:00,0.9838,11.844952000000001,11.844952000000001
2024,9,28,17,10.88,26.77,84.3,4.27,2024-09-28 17:00:00,0.992035,1.07933408,1.07933408
2024,9,28,18,0.0,25.65,91.47,4.05,2024-09-28 18:00:00,0.997075,0.0,0.0
2024,9,28,19,0.0,25.34,93.87,4.07,2024-09-28 19:00:00,0.99847,0.0,0.0
2024,9,28,20,0.0,25.16,94.5,3.96,2024-09-28 20:00:00,0.99928,0.0,0.0
2024,9,28,21,0.0,25.03,94.58,3.94,2024-09-28 21:00:00,0.999865,0.0,0.0
2024,9,28,22,0.0,24.82,94.84,3.69,2024-09-28 22:00:00,1.00081,0.0,0.0
2024,9,28,23,0.0,24.56,95.02,3.34,2024-09-28 23:00:00,1.00198,0.0,0.0
2024,9,29,0,0.0,24.29,95.34,3.12,2024-09-29 00:00:00,1.003195,0.0,0.0
2024,9,29,1,0.0,24.05,95.79,2.91,2024-09-29 01:00:00,1.004275,0.0,0.0
2024,9,29,2,0.0,23.86,96.13,2.75,2024-09-29 02:00:00,1.00513,0.0,0.0
2024,9,29,3,0.0,23.68,96.59,2.62,2024-09-29 03:00:00,1.00594,0.0,0.0
2024,9,29,4,0.0,23.48,97.36,2.5,2024-09-29 04:00:00,1.00684,0.0,0.0
2024,9,29,5,8.25,23.25,98.61,2.36,2024-09-29 05:00:00,1.007875,0.8314968750000001,0.8314968750000001
2024,9,29,6,120.12,24.93,91.47,3.16,2024-09-29 06:00:00,1.000315,12.015783780000001,12.015783780000001
2024,9,29,7,291.88,26.74,81.73,3.77,2024-09-29 07:00:00,0.99217,28.959457959999998,28.959457959999998
2024,9,29,8,512.88,28.48,73.96,3.68,2024-09-29 08:00:00,0.98434,50.484829919999996,50.484829919999996
2024,9,29,9,701.8,29.97,68.72,3.4,2024-09-29 09:00:00,0.977635,68.61042429999999,68.61042429999999
2024,9,29,10,770.95,31.0,65.09,3.15,2024-09-29 10:00:00,0.973,75.013435,75.013435
2024,9,29,11,761.05,31.54,62.86,3.02,2024-09-29 11:00:00,0.97057,73.86522985,73.86522985
2024,9,29,12,702.05,31.73,61.77,2.97,2024-09-29 12:00:00,0.969715,68.078841575,68.078841575
2024,9,29,13,612.78,31.67,61.62,3.06,2024-09-29 13:00:00,0.969985,59.43874083,59.43874083
2024,9,29,14,437.98,31.11,63.37,3.35,2024-09-29 14:00:00,0.972505,42.59377399,42.59377399
2024,9,29,15,284.25,30.08,67.86,3.86,2024-09-29 15:00:00,0.97714,27.7752045,27.7752045
2024,9,29,16,113.3,28.6,75.6,4.1,2024-09-29 16:00:00,0.9838,11.146454,11.146454
2024,9,29,17,8.77,26.95,84.56,3.82,2024-09-29 17:00:00,0.991225,0.869304325,0.869304325
2024,9,29,18,0.0,25.81,90.53,3.79,2024-09-29 18:00:00,0.996355,0.0,0.0
2024,9,29,19,0.0,25.23,93.79,3.67,2024-09-29 19:00:00,0.998965,0.0,0.0
2024,9,29,20,0.0,24.93,94.79,3.28,2024-09-29 20:00:00,1.000315,0.0,0.0
2024,9,29,21,0.0,24.65,95.87,2.82,2024-09-29 21:00:00,1.001575,0.0,0.0
2024,9,29,22,0.0,24.36,96.81,2.47,2024-09-29 22:00:00,1.00288,0.0,0.0
2024,9,29,23,0.0,24.15,97.2,2.38,2024-09-29 23:00:00,1.003825,0.0,0.0
2024,9,30,0,0.0,23.96,97.56,2.44,2024-09-30 00:00:00,1.00468,0.0,0.0
2024,9,30,1,0.0,23.84,97.94,2.58,2024-09-30 01:00:00,1.00522,0.0,0.0
2024,9,30,2,0.0,23.74,98.23,2.72,2024-09-30 02:00:00,1.00567,0.0,0.0
2024,9,30,3,0.0,23.64,98.6,2.74,2024-09-30 03:00:00,1.00612,0.0,0.0
2024,9,30,4,0.0,23.55,98.91,2.65,2024-09-30 04:00:00,1.006525,0.0,0.0
2024,9,30,5,9.48,23.46,99.29,2.52,2024-09-30 05:00:00,1.00693,0.9545696400000001,0.9545696400000001
2024,9,30,6,143.8,25.05,92.22,3.58,2024-09-30 06:00:00,0.999775,14.3767645,14.3767645
2024,9,30,7,363.8,26.82,83.09,4.31,2024-09-30 07:00:00,0.99181,36.0820478,36.0820478
2024,9,30,8,598.2,28.51,75.29,4.06,2024-09-30 08:00:00,0.984205,58.87514310000001,58.87514310000001
2024,9,30,9,750.75,29.71,69.93,3.67,2024-09-30 09:00:00,0.978805,73.48378537500001,73.48378537500001
2024,9,30,10,850.35,30.71,65.33,3.62,2024-09-30 10:00:00,0.974305,82.85002567500001,82.85002567500001
2024,9,30,11,815.45,31.36,61.95,3.57,2024-09-30 11:00:00,0.97138,79.2111821,79.2111821
2024,9,30,12,752.6,31.75,59.81,3.39,2024-09-30 12:00:00,0.969625,72.9739775,72.9739775
2024,9,30,13,569.1,31.95,58.38,3.13,2024-09-30 13:00:00,0.9687250000000001,55.130139750000005,55.130139750000005
2024,9,30,14,405.42,31.56,59.0,2.92,2024-09-30 14:00:00,0.97048,39.345200160000005,39.345200160000005
2024,9,30,15,247.38,30.82,61.74,2.8,2024-09-30 15:00:00,0.97381,24.090111779999997,24.090111779999997
2024,9,30,16,104.88,29.44,69.57,2.61,2024-09-30 16:00:00,0.98002,10.278449759999999,10.278449759999999
2024,9,30,17,8.5,27.5,81.63,2.38,2024-09-30 17:00:00,0.98875,0.8404375000000001,0.8404375000000001
2024,9,30,18,0.0,26.07,90.07,2.23,2024-09-30 18:00:00,0.995185,0.0,0.0
2024,9,30,19,0.0,25.5,92.49,2.35,2024-09-30 19:00:00,0.99775,0.0,0.0
2024,9,30,20,0.0,25.12,94.55,2.41,2024-09-30 20:00:00,0.99946,0.0,0.0
2024,9,30,21,0.0,24.94,95.43,2.52,2024-09-30 21:00:00,1.00027,0.0,0.0
2024,9,30,22,0.0,24.76,96.23,2.45,2024-09-30 22:00:00,1.00108,0.0,0.0
2024,9,30,23,0.0,24.59,96.85,2.28,2024-09-30 23:00:00,1.001845,0.0,0.0
2024,10,1,0,0.0,24.42,97.27,2.08,2024-10-01 00:00:00,1.00261,0.0,0.0
2024,10,1,1,0.0,24.24,97.72,1.97,2024-10-01 01:00:00,1.00342,0.0,0.0
2024,10,1,2,0.0,24.08,98.23,1.95,2024-10-01 02:00:00,1.00414,0.0,0.0
2024,10,1,3,0.0,24.0,98.3,2.04,2024-10-01 03:00:00,1.0045,0.0,0.0
2024,10,1,4,0.0,23.97,98.2,2.13,2024-10-01 04:00:00,1.004635,0.0,0.0
2024,10,1,5,9.65,23.88,98.33,2.14,2024-10-01 05:00:00,1.00504,0.9698636,0.9698636
2024,10,1,6,125.62,25.19,92.48,3.16,2024-10-01 06:00:00,0.999145,12.551259490000001,12.551259490000001
2024,10,1,7,299.45,26.61,84.94,3.91,2024-10-01 07:00:00,0.992755,29.728048475,29.728048475
2024,10,1,8,510.8,27.75,79.09,3.97,2024-10-01 08:00:00,0.987625,50.44788500000001,50.44788500000001
2024,10,1,9,666.62,28.94,73.74,3.7,2024-10-01 09:00:00,0.98227,65.48008274,65.48008274
2024,10,1,10,731.8,29.8,69.82,3.46,2024-10-01 10:00:00,0.9784,71.59931200000001,71.59931200000001
2024,10,1,11,734.6,30.53,66.78,3.33,2024-10-01 11:00:00,0.975115,71.6319479,71.6319479
2024,10,1,12,705.38,30.91,64.73,3.44,2024-10-01 12:00:00,0.973405,68.66204189,68.66204189
2024,10,1,13,605.42,30.78,64.92,3.85,2024-10-01 13:00:00,0.97399,58.967302579999995,58.967302579999995
2024,10,1,14,430.35,30.25,66.83,4.49,2024-10-01 14:00:00,0.976375,42.018298125,42.018298125
2024,10,1,15,259.48,28.79,73.33,5.14,2024-10-01 15:00:00,0.982945,25.505456860000002,25.505456860000002
2024,10,1,16,101.57,27.37,80.76,5.49,2024-10-01 16:00:00,0.989335,10.048675594999999,10.048675594999999
2024,10,1,17,8.93,25.93,88.68,4.98,2024-10-01 17:00:00,0.995815,0.889262795,0.889262795
2024,10,1,18,0.0,25.19,93.33,4.49,2024-10-01 18:00:00,0.999145,0.0,0.0
2024,10,1,19,0.0,24.95,95.04,3.97,2024-10-01 19:00:00,1.000225,0.0,0.0
2024,10,1,20,0.0,24.76,95.19,3.8,2024-10-01 20:00:00,1.00108,0.0,0.0
2024,10,1,21,0.0,24.57,95.5,3.51,2024-10-01 21:00:00,1.001935,0.0,0.0
2024,10,1,22,0.0,24.39,95.87,3.16,2024-10-01 22:00:00,1.002745,0.0,0.0
2024,10,1,23,0.0,24.15,96.38,2.87,2024-10-01 23:00:00,1.003825,0.0,0.0
2024,10,2,0,0.0,23.95,96.7,2.66,2024-10-02 00:00:00,1.004725,0.0,0.0
2024,10,2,1,0.0,23.78,96.89,2.57,2024-10-02 01:00:00,1.00549,0.0,0.0
2024,10,2,2,0.0,23.65,96.98,2.56,2024-10-02 02:00:00,1.006075,0.0,0.0
2024,10,2,3,0.0,23.56,97.03,2.54,2024-10-02 03:00:00,1.00648,0.0,0.0
2024,10,2,4,0.0,23.46,97.22,2.44,2024-10-02 04:00:00,1.00693,0.0,0.0
2024,10,2,5,9.32,23.4,97.47,2.33,2024-10-02 05:00:00,1.0072,0.9387104000000002,0.9387104000000002
2024,10,2,6,135.18,24.69,93.39,3.38,2024-10-02 06:00:00,1.001395,13.53685761,13.53685761
2024,10,2,7,339.77,26.14,86.23,3.94,2024-10-02 07:00:00,0.99487,33.80269799,33.80269799
2024,10,2,8,559.35,27.71,77.95,3.97,2024-10-02 08:00:00,0.987805,55.252872675000006,55.252872675000006
2024,10,2,9,729.92,29.05,71.82,3.86,2024-10-02 09:00:00,0.981775,71.6617208,71.6617208
2024,10,2,10,800.17,30.04,68.16,3.94,2024-10-02 10:00:00,0.97732,78.20221443999999,78.20221443999999
2024,10,2,11,843.35,30.53,66.46,4.12,2024-10-02 11:00:00,0.975115,82.236323525,82.236323525
2024,10,2,12,771.3,30.7,65.83,4.21,2024-10-02 12:00:00,0.97435,75.1516155,75.1516155
2024,10,2,13,571.17,30.51,66.3,4.25,2024-10-02 13:00:00,0.975205,55.700783984999994,55.700783984999994
2024,10,2,14,448.25,29.61,69.65,4.39,2024-10-02 14:00:00,0.979255,43.89510537499999,43.89510537499999
2024,10,2,15,271.15,28.47,74.74,4.64,2024-10-02 15:00:00,0.984385,26.691599275,26.691599275
2024,10,2,16,107.0,27.11,81.19,4.79,2024-10-02 16:00:00,0.990505,10.598403499999998,10.598403499999998
2024,10,2,17,9.38,25.75,88.75,4.39,2024-10-02 17:00:00,0.996625,0.9348342500000002,0.9348342500000002
2024,10,2,18,0.0,25.02,93.06,4.18,2024-10-02 18:00:00,0.99991,0.0,0.0
2024,10,2,19,0.0,24.78,94.32,3.93,2024-10-02 19:00:00,1.00099,0.0,0.0
2024,10,2,20,0.0,24.59,94.0,3.9,2024-10-02 20:00:00,1.001845,0.0,0.0
2024,10,2,21,0.0,24.33,94.74,3.71,2024-10-02 21:00:00,1.003015,0.0,0.0
2024,10,2,22,0.0,24.06,95.6,3.27,2024-10-02 22:00:00,1.00423,0.0,0.0
2024,10,2,23,0.0,23.79,96.46,2.91,2024-10-02 23:00:00,1.005445,0.0,0.0
2024,10,3,0,0.0,23.55,96.99,2.7,2024-10-03 00:00:00,1.006525,0.0,0.0
2024,10,3,1,0.0,23.33,97.51,2.59,2024-10-03 01:00:00,1.007515,0.0,0.0
2024,10,3,2,0.0,23.14,97.79,2.46,2024-10-03 02:00:00,1.00837,0.0,0.0
2024,10,3,3,0.0,22.96,97.87,2.37,2024-10-03 03:00:00,1.00918,0.0,0.0
2024,10,3,4,0.0,22.76,98.04,2.29,2024-10-03 04:00:00,1.01008,0.0,0.0
2024,10,3,5,7.55,22.67,97.79,2.23,2024-10-03 05:00:00,1.010485,0.762916175,0.762916175
2024,10,3,6,102.35,24.18,92.72,3.18,2024-10-03 06:00:00,1.00369,10.27276715,10.27276715
2024,10,3,7,259.02,25.79,85.12,4.01,2024-10-03 07:00:00,0.996445,25.809918389999996,25.809918389999996
2024,10,3,8,459.7,27.66,75.38,4.41,2024-10-03 08:00:00,0.98803,45.419739099999994,45.419739099999994
2024,10,3,9,601.53,29.09,70.01,4.2,2024-10-03 09:00:00,0.981595,59.045884035,59.045884035
2024,10,3,10,691.65,30.26,66.49,4.04,2024-10-03 10:00:00,0.97633,67.52786445,67.52786445
2024,10,3,11,720.9,30.87,64.44,4.02,2024-10-03 11:00:00,0.973585,70.18574265000001,70.18574265000001
2024,10,3,12,668.15,30.91,64.16,4.24,2024-10-03 12:00:00,0.973405,65.03805507499999,65.03805507499999
2024,10,3,13,590.67,30.45,65.92,4.61,2024-10-03 13:00:00,0.975475,57.61838182499999,57.61838182499999
2024,10,3,14,413.67,29.67,68.79,4.98,2024-10-03 14:00:00,0.978985,40.497672495,40.497672495
2024,10,3,15,244.95,28.66,72.8,5.2,2024-10-03 15:00:00,0.98353,24.091567350000002,24.091567350000002
2024,10,3,16,102.2,27.55,77.56,5.09,2024-10-03 16:00:00,0.988525,10.1027255,10.1027255
2024,10,3,17,9.23,26.25,84.46,4.03,2024-10-03 17:00:00,0.994375,0.9178081250000001,0.9178081250000001
2024,10,3,18,0.0,25.21,90.37,3.32,2024-10-03 18:00:00,0.999055,0.0,0.0
2024,10,3,19,0.0,24.71,93.52,3.09,2024-10-03 19:00:00,1.001305,0.0,0.0
2024,10,3,20,0.0,24.4,95.47,2.92,2024-10-03 20:00:00,1.0027,0.0,0.0
2024,10,3,21,0.0,24.17,96.58,2.7,2024-10-03 21:00:00,1.003735,0.0,0.0
2024,10,3,22,0.0,23.93,97.56,2.52,2024-10-03 22:00:00,1.004815,0.0,0.0
2024,10,3,23,0.0,23.68,98.67,2.46,2024-10-03 23:00:00,1.00594,0.0,0.0
2024,10,4,0,0.0,23.48,99.36,2.46,2024-10-04 00:00:00,1.00684,0.0,0.0
2024,10,4,1,0.0,23.26,99.99,2.38,2024-10-04 01:00:00,1.00783,0.0,0.0
2024,10,4,2,0.0,23.07,100.0,2.28,2024-10-04 02:00:00,1.008685,0.0,0.0
2024,10,4,3,0.0,22.95,100.0,2.29,2024-10-04 03:00:00,1.009225,0.0,0.0
2024,10,4,4,0.0,22.83,100.0,2.37,2024-10-04 04:00:00,1.009765,0.0,0.0
2024,10,4,5,9.75,22.79,100.0,2.45,2024-10-04 05:00:00,1.009945,0.9846963750000001,0.9846963750000001
2024,10,4,6,123.6,24.53,92.06,3.73,2024-10-04 06:00:00,1.002115,12.386141400000001,12.386141400000001
2024,10,4,7,328.35,26.25,82.53,4.58,2024-10-04 07:00:00,0.994375,32.650303125,32.650303125
2024,10,4,8,532.47,27.91,74.98,4.36,2024-10-04 08:00:00,0.986905,52.549730535,52.549730535
2024,10,4,9,679.38,29.27,69.73,3.83,2024-10-04 09:00:00,0.980785,66.63257133,66.63257133
2024,10,4,10,761.0,30.21,66.27,3.44,2024-10-04 10:00:00,0.976555,74.31583549999999,74.31583549999999
2024,10,4,11,772.0,30.83,64.24,3.21,2024-10-04 11:00:00,0.973765,75.17465800000001,75.17465800000001
2024,10,4,12,710.0,31.15,63.12,3.05,2024-10-04 12:00:00,0.972325,69.035075,69.035075
2024,10,4,13,584.22,31.13,62.94,3.03,2024-10-04 13:00:00,0.972415,56.81042913,56.81042913
2024,10,4,14,423.52,30.67,64.44,3.24,2024-10-04 14:00:00,0.974485,41.271388720000004,41.271388720000004
2024,10,4,15,263.25,29.45,69.39,3.41,2024-10-04 15:00:00,0.979975,25.797841875,25.797841875
2024,10,4,16,106.95,28.06,75.99,3.56,2024-10-04 16:00:00,0.98623,10.547729850000001,10.547729850000001
2024,10,4,17,9.73,26.5,85.23,3.1,2024-10-04 17:00:00,0.99325,0.9664322500000001,0.9664322500000001
2024,10,4,18,0.0,25.55,90.56,3.08,2024-10-04 18:00:00,0.997525,0.0,0.0
2024,10,4,19,0.0,25.16,92.65,3.33,2024-10-04 19:00:00,0.99928,0.0,0.0
2024,10,4,20,0.0,24.86,94.36,3.47,2024-10-04 20:00:00,1.00063,0.0,0.0
2024,10,4,21,0.0,24.65,95.53,3.33,2024-10-04 21:00:00,1.001575,0.0,0.0
2024,10,4,22,0.0,24.48,95.94,3.16,2024-10-04 22:00:00,1.00234,0.0,0.0
2024,10,4,23,0.0,24.28,96.29,2.92,2024-10-04 23:00:00,1.00324,0.0,0.0
2024,10,5,0,0.0,24.09,96.5,2.84,2024-10-05 00:00:00,1.004095,0.0,0.0
2024,10,5,1,0.0,23.93,96.6,2.82,2024-10-05 01:00:00,1.004815,0.0,0.0
2024,10,5,2,0.0,23.8,96.59,2.8,2024-10-05 02:00:00,1.0054,0.0,0.0
2024,10,5,3,0.0,23.7,96.59,2.75,2024-10-05 03:00:00,1.00585,0.0,0.0
2024,10,5,4,0.0,23.58,96.68,2.54,2024-10-05 04:00:00,1.0063900000000001,0.0,0.0
2024,10,5,5,10.35,23.43,97.04,2.27,2024-10-05 05:00:00,1.007065,1.042312275,1.042312275
2024,10,5,6,123.95,24.54,93.31,3.21,2024-10-05 06:00:00,1.00207,12.420657649999999,12.420657649999999
2024,10,5,7,314.55,25.77,86.96,4.16,2024-10-05 07:00:00,0.996535,31.346008424999997,31.346008424999997
2024,10,5,8,525.85,27.17,79.31,4.31,2024-10-05 08:00:00,0.990235,52.071507475,52.071507475
2024,10,5,9,651.12,28.55,72.92,4.11,2024-10-05 09:00:00,0.984025,64.07183580000002,64.07183580000002
2024,10,5,10,713.97,29.39,69.34,3.98,2024-10-05 10:00:00,0.980245,69.98655226500001,69.98655226500001
2024,10,5,11,721.47,29.88,67.39,3.96,2024-10-05 11:00:00,0.97804,70.56265188,70.56265188
2024,10,5,12,655.5,29.93,67.02,4.04,2024-10-05 12:00:00,0.977815,64.09577325,64.09577325
2024,10,5,13,564.58,29.91,67.08,4.12,2024-10-05 13:00:00,0.977905,55.210560490000006,55.210560490000006
2024,10,5,14,437.67,29.48,68.73,4.2,2024-10-05 14:00:00,0.97984,42.884657280000006,42.884657280000006
2024,10,5,15,276.48,28.84,71.63,4.11,2024-10-05 15:00:00,0.98272,27.170242560000002,27.170242560000002
2024,10,5,16,113.22,27.83,76.86,3.97,2024-10-05 16:00:00,0.9872650000000001,11.177814330000002,11.177814330000002
2024,10,5,17,9.12,26.25,86.26,3.18,2024-10-05 17:00:00,0.994375,0.90687,0.90687
2024,10,5,18,0.0,25.2,91.16,3.16,2024-10-05 18:00:00,0.9991,0.0,0.0
2024,10,5,19,0.0,24.68,93.27,3.36,2024-10-05 19:00:00,1.00144,0.0,0.0
2024,10,5,20,0.0,24.34,94.64,3.33,2024-10-05 20:00:00,1.00297,0.0,0.0
2024,10,5,21,0.0,24.02,95.75,3.01,2024-10-05 21:00:00,1.00441,0.0,0.0
2024,10,5,22,0.0,23.73,96.47,2.7,2024-10-05 22:00:00,1.005715,0.0,0.0
2024,10,5,23,0.0,23.42,97.49,2.54,2024-10-05 23:00:00,1.00711,0.0,0.0
2024,10,6,0,0.0,23.37,97.39,2.55,2024-10-06 00:00:00,1.007335,0.0,0.0
2024,10,6,1,0.0,23.43,96.75,2.74,2024-10-06 01:00:00,1.007065,0.0,0.0
2024,10,6,2,0.0,23.35,96.64,2.82,2024-10-06 02:00:00,1.007425,0.0,0.0
2024,10,6,3,0.0,23.23,96.73,2.89,2024-10-06 03:00:00,1.007965,0.0,0.0
2024,10,6,4,0.0,23.08,96.86,2.81,2024-10-06 04:00:00,1.00864,0.0,0.0
2024,10,6,5,11.07,22.96,96.62,2.71,2024-10-06 05:00:00,1.00918,1.11716226,1.11716226
2024,10,6,6,152.25,24.43,91.68,3.67,2024-10-06 06:00:00,1.002565,15.264052125,15.264052125
2024,10,6,7,391.75,25.97,83.51,4.55,2024-10-06 07:00:00,0.995635,39.004001125,39.004001125
2024,10,6,8,584.53,27.8,74.73,4.56,2024-10-06 08:00:00,0.9873999999999999,57.7164922,57.7164922
2024,10,6,9,754.58,29.42,68.81,4.22,2024-10-06 09:00:00,0.98011,73.95714038,73.95714038
2024,10,6,10,820.55,30.54,65.16,4.03,2024-10-06 10:00:00,0.97507,80.00936885,80.00936885
2024,10,6,11,875.72,31.14,63.01,4.04,2024-10-06 11:00:00,0.97237,85.15238564,85.15238564
2024,10,6,12,821.17,31.36,62.07,4.08,2024-10-06 12:00:00,0.97138,79.76681145999999,79.76681145999999
2024,10,6,13,664.58,31.28,61.75,4.14,2024-10-06 13:00:00,0.97174,64.57989692000001,64.57989692000001
2024,10,6,14,524.97,30.46,64.19,4.22,2024-10-06 14:00:00,0.97543,51.207148710000006,51.207148710000006
2024,10,6,15,320.4,29.66,67.39,4.36,2024-10-06 15:00:00,0.97903,31.368121199999997,31.368121199999997
2024,10,6,16,127.28,28.48,72.98,4.34,2024-10-06 16:00:00,0.98434,12.528679519999999,12.528679519999999
2024,10,6,17,10.05,26.79,83.22,3.5,2024-10-06 17:00:00,0.991945,0.9969047249999998,0.9969047249999998
2024,10,6,18,0.0,25.72,89.55,3.37,2024-10-06 18:00:00,0.99676,0.0,0.0
2024,10,6,19,0.0,25.24,92.57,3.53,2024-10-06 19:00:00,0.99892,0.0,0.0
2024,10,6,20,0.0,24.96,94.33,3.57,2024-10-06 20:00:00,1.00018,0.0,0.0
2024,10,6,21,0.0,24.78,95.34,3.33,2024-10-06 21:00:00,1.00099,0.0,0.0
2024,10,6,22,0.0,24.65,95.93,3.02,2024-10-06 22:00:00,1.001575,0.0,0.0
2024,10,6,23,0.0,24.46,96.6,2.71,2024-10-06 23:00:00,1.00243,0.0,0.0
2024,10,7,0,0.0,24.24,97.16,2.62,2024-10-07 00:00:00,1.00342,0.0,0.0
2024,10,7,1,0.0,24.08,97.16,2.9,2024-10-07 01:00:00,1.00414,0.0,0.0
2024,10,7,2,0.0,23.92,97.08,3.1,2024-10-07 02:00:00,1.00486,0.0,0.0
2024,10,7,3,0.0,23.77,97.12,3.31,2024-10-07 03:00:00,1.005535,0.0,0.0
2024,10,7,4,0.0,23.59,97.69,3.2,2024-10-07 04:00:00,1.006345,0.0,0.0
2024,10,7,5,11.93,23.39,98.56,2.99,2024-10-07 05:00:00,1.007245,1.201643285,1.201643285
2024,10,7,6,146.18,24.79,91.98,4.24,2024-10-07 06:00:00,1.000945,14.63181401,14.63181401
2024,10,7,7,356.3,26.37,82.99,5.36,2024-10-07 07:00:00,0.993835,35.41034105000001,35.41034105000001
2024,10,7,8,591.72,28.03,74.79,5.51,2024-10-07 08:00:00,0.986365,58.36518978000001,58.36518978000001
2024,10,7,9,773.35,29.48,68.68,5.14,2024-10-07 09:00:00,0.97984,75.7759264,75.7759264
2024,10,7,10,896.58,30.73,63.18,4.82,2024-10-07 10:00:00,0.974215,87.34616847000001,87.34616847000001
2024,10,7,11,945.33,31.54,58.87,4.58,2024-10-07 11:00:00,0.97057,91.75089381000001,91.75089381000001
2024,10,7,12,890.2,31.9,56.6,4.49,2024-10-07 12:00:00,0.96895,86.255929,86.255929
2024,10,7,13,650.8,31.8,56.51,4.57,2024-10-07 13:00:00,0.9694,63.088552,63.088552
2024,10,7,14,564.33,31.22,58.31,4.77,2024-10-07 14:00:00,0.97201,54.853440330000005,54.853440330000005
2024,10,7,15,341.9,30.0,63.41,5.17,2024-10-07 15:00:00,0.9775,33.420725,33.420725
2024,10,7,16,130.9,28.32,71.76,5.6,2024-10-07 16:00:00,0.98506,12.894435400000003,12.894435400000003
2024,10,7,17,10.43,26.39,82.82,5.07,2024-10-07 17:00:00,0.993745,1.036476035,1.036476035
2024,10,7,18,0.0,25.21,90.31,4.75,2024-10-07 18:00:00,0.999055,0.0,0.0
2024,10,7,19,0.0,24.82,93.44,4.58,2024-10-07 19:00:00,1.00081,0.0,0.0
2024,10,7,20,0.0,24.62,94.47,4.33,2024-10-07 20:00:00,1.00171,0.0,0.0
2024,10,7,21,0.0,24.4,94.78,4.0,2024-10-07 21:00:00,1.0027,0.0,0.0
2024,10,7,22,0.0,24.1,95.35,3.36,2024-10-07 22:00:00,1.0040499999999999,0.0,0.0
2024,10,7,23,0.0,23.85,95.84,2.92,2024-10-07 23:00:00,1.005175,0.0,0.0
2024,10,8,0,0.0,23.79,95.81,2.77,2024-10-08 00:00:00,1.005445,0.0,0.0
2024,10,8,1,0.0,23.83,95.5,2.83,2024-10-08 01:00:00,1.005265,0.0,0.0
2024,10,8,2,0.0,23.83,95.26,3.05,2024-10-08 02:00:00,1.005265,0.0,0.0
2024,10,8,3,0.0,23.78,95.23,3.27,2024-10-08 03:00:00,1.00549,0.0,0.0
2024,10,8,4,0.0,23.69,95.63,3.19,2024-10-08 04:00:00,1.005895,0.0,0.0
2024,10,8,5,10.85,23.42,96.51,2.9,2024-10-08 05:00:00,1.00711,1.0927143499999998,1.0927143499999998
2024,10,8,6,123.62,24.55,92.6,4.11,2024-10-08 06:00:00,1.002025,12.38703305,12.38703305
2024,10,8,7,299.95,26.15,83.41,5.55,2024-10-08 07:00:00,0.994825,29.839775875,29.839775875
2024,10,8,8,517.42,27.85,73.79,5.98,2024-10-08 08:00:00,0.987175,51.078408849999995,51.078408849999995
2024,10,8,9,684.62,29.16,68.02,5.74,2024-10-08 09:00:00,0.98128,67.18039136,67.18039136
2024,10,8,10,772.38,30.22,64.05,5.48,2024-10-08 10:00:00,0.97651,75.42367938,75.42367938
2024,10,8,11,823.33,30.99,60.99,5.42,2024-10-08 11:00:00,0.973045,80.113713985,80.113713985
2024,10,8,12,748.65,31.31,59.41,5.48,2024-10-08 12:00:00,0.971605,72.73920832499999,72.73920832499999
2024,10,8,13,611.72,31.03,60.15,5.58,2024-10-08 13:00:00,0.972865,59.512097780000005,59.512097780000005
2024,10,8,14,472.83,30.36,62.11,5.62,2024-10-08 14:00:00,0.97588,46.142534039999994,46.142534039999994
2024,10,8,15,291.1,29.16,66.48,5.63,2024-10-08 15:00:00,0.98128,28.565060800000005,28.565060800000005
2024,10,8,16,115.0,27.67,72.61,5.58,2024-10-08 16:00:00,0.987985,11.3618275,11.3618275
2024,10,8,17,10.32,25.88,82.07,4.65,2024-10-08 17:00:00,0.99604,1.0279132800000002,1.0279132800000002
2024,10,8,18,0.0,24.75,89.05,3.92,2024-10-08 18:00:00,1.001125,0.0,0.0
2024,10,8,19,0.0,24.3,92.15,3.53,2024-10-08 19:00:00,1.00315,0.0,0.0
2024,10,8,20,0.0,24.0,94.07,3.11,2024-10-08 20:00:00,1.0045,0.0,0.0
2024,10,8,21,0.0,23.74,95.69,2.76,2024-10-08 21:00:00,1.00567,0.0,0.0
2024,10,8,22,0.0,23.59,96.47,2.57,2024-10-08 22:00:00,1.006345,0.0,0.0
2024,10,8,23,0.0,23.33,97.46,2.43,2024-10-08 23:00:00,1.007515,0.0,0.0
2024,10,9,0,0.0,23.17,98.02,2.5,2024-10-09 00:00:00,1.008235,0.0,0.0
2024,10,9,1,0.0,23.07,98.13,2.64,2024-10-09 01:00:00,1.008685,0.0,0.0
2024,10,9,2,0.0,22.97,98.26,2.67,2024-10-09 02:00:00,1.0091350000000001,0.0,0.0
2024,10,9,3,0.0,23.01,98.08,2.67,2024-10-09 03:00:00,1.008955,0.0,0.0
2024,10,9,4,0.0,23.07,98.09,2.67,2024-10-09 04:00:00,1.008685,0.0,0.0
2024,10,9,5,9.25,23.16,97.93,2.81,2024-10-09 05:00:00,1.00828,0.932659,0.932659
2024,10,9,6,106.95,24.69,93.01,4.37,2024-10-09 06:00:00,1.001395,10.709919525,10.709919525
2024,10,9,7,264.92,26.14,84.55,5.47,2024-10-09 07:00:00,0.99487,26.356096039999997,26.356096039999997
2024,10,9,8,456.0,27.65,75.19,5.86,2024-10-09 08:00:00,0.988075,45.05622,45.05622
2024,10,9,9,596.05,28.98,69.26,5.73,2024-10-09 09:00:00,0.98209,58.53747445,58.53747445
2024,10,9,10,705.38,29.83,66.01,5.51,2024-10-09 10:00:00,0.978265,69.00485657,69.00485657
2024,10,9,11,793.53,30.4,64.26,5.41,2024-10-09 11:00:00,0.9757,77.4247221,77.4247221
2024,10,9,12,682.38,30.73,63.05,5.39,2024-10-09 12:00:00,0.974215,66.47848317,66.47848317
2024,10,9,13,638.62,30.62,63.26,5.44,2024-10-09 13:00:00,0.97471,62.24693001999999,62.24693001999999
2024,10,9,14,489.55,29.7,66.18,5.49,2024-10-09 14:00:00,0.97885,47.91960175,47.91960175
2024,10,9,15,293.12,28.63,70.39,5.55,2024-10-09 15:00:00,0.983665,28.833188479999997,28.833188479999997
2024,10,9,16,115.5,27.35,75.65,5.43,2024-10-09 16:00:00,0.989425,11.42785875,11.42785875
2024,10,9,17,9.6,25.82,83.13,4.62,2024-10-09 17:00:00,0.99631,0.9564576,0.9564576
2024,10,9,18,0.0,24.87,88.77,4.08,2024-10-09 18:00:00,1.000585,0.0,0.0
2024,10,9,19,0.0,24.53,91.62,3.75,2024-10-09 19:00:00,1.002115,0.0,0.0
2024,10,9,20,0.0,24.31,93.18,3.56,2024-10-09 20:00:00,1.003105,0.0,0.0
2024,10,9,21,0.0,24.15,94.25,3.35,2024-10-09 21:00:00,1.003825,0.0,0.0
2024,10,9,22,0.0,23.94,95.33,3.16,2024-10-09 22:00:00,1.00477,0.0,0.0
2024,10,9,23,0.0,23.84,95.86,3.1,2024-10-09 23:00:00,1.00522,0.0,0.0
2024,10,10,0,0.0,23.78,95.83,3.18,2024-10-10 00:00:00,1.00549,0.0,0.0
2024,10,10,1,0.0,23.64,96.16,3.14,2024-10-10 01:00:00,1.00612,0.0,0.0
2024,10,10,2,0.0,23.45,96.98,2.91,2024-10-10 02:00:00,1.006975,0.0,0.0
2024,10,10,3,0.0,23.3,97.74,2.8,2024-10-10 03:00:00,1.00765,0.0,0.0
2024,10,10,4,0.0,23.23,98.19,2.58,2024-10-10 04:00:00,1.007965,0.0,0.0
2024,10,10,5,11.7,23.19,98.48,2.34,2024-10-10 05:00:00,1.008145,1.17952965,1.17952965
2024,10,10,6,138.77,24.75,93.4,3.24,2024-10-10 06:00:00,1.001125,13.892611625,13.892611625
2024,10,10,7,336.48,26.12,86.52,4.16,2024-10-10 07:00:00,0.99496,33.47841408,33.47841408
2024,10,10,8,580.28,27.88,77.18,4.41,2024-10-10 08:00:00,0.98704,57.27595712,57.27595712
2024,10,10,9,732.15,29.34,70.67,4.24,2024-10-10 09:00:00,0.98047,71.78511105,71.78511105
2024,10,10,10,823.28,30.57,66.29,4.07,2024-10-10 10:00:00,0.974935,80.26444868,80.26444868
2024,10,10,11,809.28,31.34,63.55,3.94,2024-10-10 11:00:00,0.9714700000000001,78.61912416,78.61912416
2024,10,10,12,666.58,31.77,61.72,3.88,2024-10-10 12:00:00,0.969535,64.62726403,64.62726403
2024,10,10,13,646.7,31.81,61.36,3.95,2024-10-10 13:00:00,0.969355,62.68818785,62.68818785
2024,10,10,14,468.5,31.11,63.62,4.01,2024-10-10 14:00:00,0.972505,45.56185925,45.56185925
2024,10,10,15,283.27,30.18,67.52,4.08,2024-10-10 15:00:00,0.9766900000000001,27.66669763,27.66669763
2024,10,10,16,112.1,28.95,73.16,4.18,2024-10-10 16:00:00,0.982225,11.01074225,11.01074225
2024,10,10,17,8.05,27.19,82.92,3.71,2024-10-10 17:00:00,0.9901449999999999,0.7970667249999999,0.7970667249999999
2024,10,10,18,0.0,25.98,89.41,3.86,2024-10-10 18:00:00,0.99559,0.0,0.0
2024,10,10,19,0.0,25.39,92.68,4.02,2024-10-10 19:00:00,0.998245,0.0,0.0
2024,10,10,20,0.0,25.05,94.29,3.89,2024-10-10 20:00:00,0.999775,0.0,0.0
2024,10,10,21,0.0,24.76,95.16,3.48,2024-10-10 21:00:00,1.00108,0.0,0.0
2024,10,10,22,0.0,24.43,95.76,3.23,2024-10-10 22:00:00,1.002565,0.0,0.0
2024,10,10,23,0.0,24.08,96.38,2.87,2024-10-10 23:00:00,1.00414,0.0,0.0
2024,10,11,0,0.0,23.72,97.26,2.51,2024-10-11 00:00:00,1.00576,0.0,0.0
2024,10,11,1,0.0,23.35,98.64,2.25,2024-10-11 01:00:00,1.007425,0.0,0.0
2024,10,11,2,0.0,23.06,99.68,2.13,2024-10-11 02:00:00,1.00873,0.0,0.0
2024,10,11,3,0.0,22.87,100.0,2.12,2024-10-11 03:00:00,1.009585,0.0,0.0
2024,10,11,4,0.0,22.78,100.0,2.18,2024-10-11 04:00:00,1.00999,0.0,0.0
2024,10,11,5,13.62,22.81,100.0,2.22,2024-10-11 05:00:00,1.009855,1.3754225099999997,1.3754225099999997
2024,10,11,6,152.38,24.73,91.35,3.51,2024-10-11 06:00:00,1.001215,15.256514169999999,15.256514169999999
2024,10,11,7,358.33,26.55,82.1,4.43,2024-10-11 07:00:00,0.993025,35.583064825,35.583064825
2024,10,11,8,583.4,28.19,74.88,4.62,2024-10-11 08:00:00,0.985645,57.502529300000006,57.502529300000006
2024,10,11,9,745.85,29.56,69.56,4.56,2024-10-11 09:00:00,0.97948,73.0545158,73.0545158
2024,10,11,10,859.88,30.62,65.74,4.52,2024-10-11 10:00:00,0.97471,83.81336347999999,83.81336347999999
2024,10,11,11,853.85,31.4,63.02,4.55,2024-10-11 11:00:00,0.9712000000000001,82.92591200000001,82.92591200000001
2024,10,11,12,805.15,31.9,60.93,4.66,2024-10-11 12:00:00,0.96895,78.01500925,78.01500925
2024,10,11,13,679.6,32.01,60.04,4.77,2024-10-11 13:00:00,0.9684550000000001,65.8162018,65.8162018
2024,10,11,14,503.55,31.84,59.86,4.68,2024-10-11 14:00:00,0.96922,48.8050731,48.8050731
2024,10,11,15,332.35,31.26,61.48,4.32,2024-10-11 15:00:00,0.97183,32.29877005000001,32.29877005000001
2024,10,11,16,134.85,30.11,66.44,3.77,2024-10-11 16:00:00,0.977005,13.174912425,13.174912425
2024,10,11,17,11.32,27.92,80.4,2.6,2024-10-11 17:00:00,0.98686,1.11712552,1.11712552
2024,10,11,18,0.0,26.26,88.99,2.3,2024-10-11 18:00:00,0.99433,0.0,0.0
2024,10,11,19,0.0,25.53,92.02,2.26,2024-10-11 19:00:00,0.997615,0.0,0.0
2024,10,11,20,0.0,24.99,94.36,2.25,2024-10-11 20:00:00,1.000045,0.0,0.0
2024,10,11,21,0.0,24.58,96.14,2.22,2024-10-11 21:00:00,1.00189,0.0,0.0
2024,10,11,22,0.0,24.32,96.99,2.2,2024-10-11 22:00:00,1.00306,0.0,0.0
2024,10,11,23,0.0,24.3,96.71,2.32,2024-10-11 23:00:00,1.00315,0.0,0.0
2024,10,12,0,0.0,24.24,96.64,2.41,2024-10-12 00:00:00,1.00342,0.0,0.0
2024,10,12,1,0.0,24.14,96.85,2.46,2024-10-12 01:00:00,1.00387,0.0,0.0
2024,10,12,2,0.0,24.04,97.14,2.45,2024-10-12 02:00:00,1.00432,0.0,0.0
2024,10,12,3,0.0,23.91,97.69,2.4,2024-10-12 03:00:00,1.004905,0.0,0.0
2024,10,12,4,0.0,23.78,98.38,2.26,2024-10-12 04:00:00,1.00549,0.0,0.0
2024,10,12,5,14.0,23.72,98.68,2.16,2024-10-12 05:00:00,1.00576,1.4080640000000002,1.4080640000000002
2024,10,12,6,168.27,25.26,91.88,3.15,2024-10-12 06:00:00,0.99883,16.80731241,16.80731241
2024,10,12,7,411.73,26.92,83.28,3.75,2024-10-12 07:00:00,0.99136,40.81726528,40.81726528
2024,10,12,8,621.58,28.58,75.88,3.75,2024-10-12 08:00:00,0.98389,61.156634620000005,61.156634620000005
2024,10,12,9,769.72,30.11,69.26,3.66,2024-10-12 09:00:00,0.977005,75.20202886000001,75.20202886000001
2024,10,12,10,773.42,31.2,64.13,3.69,2024-10-12 10:00:00,0.9721,75.1841582,75.1841582
2024,10,12,11,742.55,31.7,61.62,3.74,2024-10-12 11:00:00,0.96985,72.01621175,72.01621175
2024,10,12,12,662.25,31.95,60.88,3.72,2024-10-12 12:00:00,0.9687250000000001,64.153813125,64.153813125
2024,10,12,13,619.55,31.93,61.02,3.76,2024-10-12 13:00:00,0.968815,60.02293332499999,60.02293332499999
2024,10,12,14,419.38,31.44,62.74,3.86,2024-10-12 14:00:00,0.97102,40.72263675999999,40.72263675999999
2024,10,12,15,268.55,30.41,67.21,4.14,2024-10-12 15:00:00,0.975655,26.201215025000003,26.201215025000003
2024,10,12,16,111.68,28.94,74.43,4.36,2024-10-12 16:00:00,0.98227,10.96999136,10.96999136
2024,10,12,17,9.0,27.17,84.57,3.88,2024-10-12 17:00:00,0.990235,0.8912114999999999,0.8912114999999999
2024,10,12,18,0.0,26.04,91.13,3.91,2024-10-12 18:00:00,0.99532,0.0,0.0
2024,10,12,19,0.0,25.57,94.16,3.95,2024-10-12 19:00:00,0.997435,0.0,0.0
2024,10,12,20,0.0,25.42,94.91,3.86,2024-10-12 20:00:00,0.9981099999999999,0.0,0.0
2024,10,12,21,0.0,25.32,95.13,3.8,2024-10-12 21:00:00,0.99856,0.0,0.0
2024,10,12,22,0.0,25.22,95.34,3.64,2024-10-12 22:00:00,0.99901,0.0,0.0
2024,10,12,23,0.0,25.08,95.3,3.68,2024-10-12 23:00:00,0.99964,0.0,0.0
2024,10,13,0,0.0,24.88,95.64,3.56,2024-10-13 00:00:00,1.00054,0.0,0.0
2024,10,13,1,0.0,24.7,94.93,3.94,2024-10-13 01:00:00,1.00135,0.0,0.0
2024,10,13,2,0.0,24.5,95.08,4.11,2024-10-13 02:00:00,1.00225,0.0,0.0
2024,10,13,3,0.0,24.3,95.37,3.87,2024-10-13 03:00:00,1.00315,0.0,0.0
2024,10,13,4,0.0,24.11,94.94,3.77,2024-10-13 04:00:00,1.004005,0.0,0.0
2024,10,13,5,14.2,23.83,95.23,3.35,2024-10-13 05:00:00,1.005265,1.4274763000000001,1.4274763000000001
2024,10,13,6,162.8,24.79,91.24,4.02,2024-10-13 06:00:00,1.000945,16.295384600000002,16.295384600000002
2024,10,13,7,407.95,26.3,82.24,4.55,2024-10-13 07:00:00,0.99415,40.55634925,40.55634925
2024,10,13,8,616.95,28.12,71.21,4.39,2024-10-13 08:00:00,0.98596,60.8288022,60.8288022
2024,10,13,9,777.92,29.93,63.02,3.81,2024-10-13 09:00:00,0.977815,76.06618448,76.06618448
2024,10,13,10,892.83,31.42,57.41,3.3,2024-10-13 10:00:00,0.97111,86.70361413,86.70361413
2024,10,13,11,902.28,32.39,54.17,3.03,2024-10-13 11:00:00,0.966745,87.22746785999999,87.22746785999999
2024,10,13,12,791.7,32.88,52.65,3.03,2024-10-13 12:00:00,0.96454,76.3626318,76.3626318
2024,10,13,13,681.38,32.79,52.78,3.27,2024-10-13 13:00:00,0.964945,65.74942241000001,65.74942241000001
2024,10,13,14,414.88,32.19,54.58,3.6,2024-10-13 14:00:00,0.967645,40.14565576,40.14565576
2024,10,13,15,241.02,31.17,58.62,3.98,2024-10-13 15:00:00,0.972235,23.43280797,23.43280797
2024,10,13,16,117.2,29.37,67.32,4.34,2024-10-13 16:00:00,0.980335,11.4895262,11.4895262
2024,10,13,17,8.12,27.14,80.19,3.85,2024-10-13 17:00:00,0.99037,0.8041804399999998,0.8041804399999998
2024,10,13,18,0.0,25.66,89.6,3.63,2024-10-13 18:00:00,0.99703,0.0,0.0
2024,10,13,19,0.0,25.05,93.81,3.6,2024-10-13 19:00:00,0.999775,0.0,0.0
2024,10,13,20,0.0,24.95,93.44,3.65,2024-10-13 20:00:00,1.000225,0.0,0.0
2024,10,13,21,0.0,24.77,93.53,3.54,2024-10-13 21:00:00,1.001035,0.0,0.0
2024,10,13,22,0.0,24.53,94.67,3.22,2024-10-13 22:00:00,1.002115,0.0,0.0
2024,10,13,23,0.0,24.29,95.78,2.88,2024-10-13 23:00:00,1.003195,0.0,0.0
2024,10,14,0,0.0,24.08,96.61,2.62,2024-10-14 00:00:00,1.00414,0.0,0.0
2024,10,14,1,0.0,23.92,96.86,2.53,2024-10-14 01:00:00,1.00486,0.0,0.0
2024,10,14,2,0.0,23.75,96.97,2.48,2024-10-14 02:00:00,1.005625,0.0,0.0
2024,10,14,3,0.0,23.59,97.09,2.51,2024-10-14 03:00:00,1.006345,0.0,0.0
2024,10,14,4,0.0,23.44,97.29,2.52,2024-10-14 04:00:00,1.00702,0.0,0.0
2024,10,14,5,14.35,23.38,97.31,2.49,2024-10-14 05:00:00,1.00729,1.44546115,1.44546115
2024,10,14,6,142.3,24.94,90.41,3.81,2024-10-14 06:00:00,1.00027,14.2338421,14.2338421
2024,10,14,7,345.08,26.75,81.63,4.43,2024-10-14 07:00:00,0.992125,34.23624950000001,34.23624950000001
2024,10,14,8,537.65,28.32,73.55,4.46,2024-10-14 08:00:00,0.98506,52.9617509,52.9617509
2024,10,14,9,677.0,29.75,66.78,4.37,2024-10-14 09:00:00,0.978625,66.2529125,66.2529125
2024,10,14,10,796.83,30.91,61.67,4.27,2024-10-14 10:00:00,0.973405,77.563830615,77.563830615
2024,10,14,11,762.4,31.68,58.48,4.25,2024-10-14 11:00:00,0.96994,73.9482256,73.9482256
2024,10,14,12,750.75,32.08,56.68,4.29,2024-10-14 12:00:00,0.96814,72.6831105,72.6831105
2024,10,14,13,623.12,32.05,56.27,4.45,2024-10-14 13:00:00,0.968275,60.3351518,60.3351518
2024,10,14,14,446.35,31.54,57.47,4.55,2024-10-14 14:00:00,0.97057,43.321391950000006,43.321391950000006
2024,10,14,15,263.25,30.55,61.09,4.6,2024-10-14 15:00:00,0.975025,25.667533125,25.667533125
2024,10,14,16,104.47,28.92,68.6,4.72,2024-10-14 16:00:00,0.98236,10.262714919999999,10.262714919999999
2024,10,14,17,8.82,26.65,81.59,3.95,2024-10-14 17:00:00,0.992575,0.87545115,0.87545115
2024,10,14,18,0.0,25.13,91.17,3.59,2024-10-14 18:00:00,0.999415,0.0,0.0
2024,10,14,19,0.0,24.66,94.55,3.45,2024-10-14 19:00:00,1.00153,0.0,0.0
2024,10,14,20,0.0,24.55,94.73,3.24,2024-10-14 20:00:00,1.002025,0.0,0.0
2024,10,14,21,0.0,24.33,94.79,3.07,2024-10-14 21:00:00,1.003015,0.0,0.0
2024,10,14,22,0.0,24.08,95.48,2.97,2024-10-14 22:00:00,1.00414,0.0,0.0
2024,10,14,23,0.0,23.89,95.7,3.01,2024-10-14 23:00:00,1.004995,0.0,0.0
2024,10,15,0,0.0,23.7,95.89,2.96,2024-10-15 00:00:00,1.00585,0.0,0.0
2024,10,15,1,0.0,23.52,96.04,2.96,2024-10-15 01:00:00,1.00666,0.0,0.0
2024,10,15,2,0.0,23.3,96.22,2.89,2024-10-15 02:00:00,1.00765,0.0,0.0
2024,10,15,3,0.0,23.08,96.09,2.82,2024-10-15 03:00:00,1.00864,0.0,0.0
2024,10,15,4,0.0,22.81,96.09,2.58,2024-10-15 04:00:00,1.009855,0.0,0.0
2024,10,15,5,13.45,22.65,95.95,2.42,2024-10-15 05:00:00,1.010575,1.359223375,1.359223375
2024,10,15,6,131.95,23.96,91.0,3.56,2024-10-15 06:00:00,1.00468,13.256752599999999,13.256752599999999
2024,10,15,7,319.0,25.23,83.52,4.23,2024-10-15 07:00:00,0.998965,31.866983500000003,31.866983500000003
2024,10,15,8,496.17,26.89,75.25,4.15,2024-10-15 08:00:00,0.991495,49.195007415,49.195007415
2024,10,15,9,622.67,28.42,68.49,3.97,2024-10-15 09:00:00,0.98461,61.30871086999999,61.30871086999999
2024,10,15,10,725.25,29.65,63.27,3.98,2024-10-15 10:00:00,0.979075,71.007414375,71.007414375
2024,10,15,11,787.83,30.46,59.48,4.13,2024-10-15 11:00:00,0.97543,76.84730169000001,76.84730169000001
2024,10,15,12,782.72,30.72,57.52,4.25,2024-10-15 12:00:00,0.97426,76.25727872,76.25727872
2024,10,15,13,649.47,30.54,57.46,4.33,2024-10-15 13:00:00,0.97507,63.327871290000004,63.327871290000004
2024,10,15,14,491.75,29.95,59.26,4.38,2024-10-15 14:00:00,0.977725,48.079626875,48.079626875
2024,10,15,15,300.3,28.98,63.21,4.43,2024-10-15 15:00:00,0.98209,29.4921627,29.4921627
2024,10,15,16,125.3,27.56,70.03,4.53,2024-10-15 16:00:00,0.98848,12.3856544,12.3856544
2024,10,15,17,12.0,25.63,81.78,3.95,2024-10-15 17:00:00,0.997165,1.1965979999999998,1.1965979999999998
2024,10,15,18,0.0,24.29,89.92,3.59,2024-10-15 18:00:00,1.003195,0.0,0.0
2024,10,15,19,0.0,23.81,92.74,3.26,2024-10-15 19:00:00,1.005355,0.0,0.0
2024,10,15,20,0.0,23.65,93.44,3.05,2024-10-15 20:00:00,1.006075,0.0,0.0
2024,10,15,21,0.0,23.46,93.96,2.66,2024-10-15 21:00:00,1.00693,0.0,0.0
2024,10,15,22,0.0,23.22,94.51,2.38,2024-10-15 22:00:00,1.00801,0.0,0.0
2024,10,15,23,0.0,23.03,94.78,2.29,2024-10-15 23:00:00,1.008865,0.0,0.0
2024,10,16,0,0.0,22.85,95.1,2.26,2024-10-16 00:00:00,1.009675,0.0,0.0
2024,10,16,1,0.0,22.69,95.09,2.34,2024-10-16 01:00:00,1.010395,0.0,0.0
2024,10,16,2,0.0,22.52,95.15,2.45,2024-10-16 02:00:00,1.01116,0.0,0.0
2024,10,16,3,0.0,22.34,95.26,2.63,2024-10-16 03:00:00,1.01197,0.0,0.0
2024,10,16,4,0.0,22.08,95.85,2.6,2024-10-16 04:00:00,1.01314,0.0,0.0
2024,10,16,5,15.32,21.83,96.67,2.52,2024-10-16 05:00:00,1.014265,1.55385398,1.55385398
2024,10,16,6,156.48,23.75,88.32,3.7,2024-10-16 06:00:00,1.005625,15.736019999999998,15.736019999999998
2024,10,16,7,367.55,25.66,78.22,4.79,2024-10-16 07:00:00,0.99703,36.64583765,36.64583765
2024,10,16,8,600.45,27.11,70.47,5.03,2024-10-16 08:00:00,0.990505,59.474872725,59.474872725
2024,10,16,9,781.0,28.35,64.81,5.16,2024-10-16 09:00:00,0.984925,76.92264250000001,76.92264250000001
2024,10,16,10,876.75,29.31,60.89,5.34,2024-10-16 10:00:00,0.9806050000000001,85.974543375,85.974543375
2024,10,16,11,944.22,29.84,58.68,5.54,2024-10-16 11:00:00,0.97822,92.36548884000001,92.36548884000001
2024,10,16,12,903.95,29.97,58.11,5.74,2024-10-16 12:00:00,0.977635,88.373315825,88.373315825
2024,10,16,13,788.8,29.66,59.6,5.92,2024-10-16 13:00:00,0.97903,77.2258864,77.2258864
2024,10,16,14,588.47,28.98,62.27,6.02,2024-10-16 14:00:00,0.98209,57.79305023000001,57.79305023000001
2024,10,16,15,376.2,27.95,65.9,5.99,2024-10-16 15:00:00,0.986725,37.120594499999996,37.120594499999996
2024,10,16,16,158.9,26.56,71.17,5.82,2024-10-16 16:00:00,0.99298,15.7784522,15.7784522
2024,10,16,17,12.55,24.88,79.37,4.64,2024-10-16 17:00:00,1.00054,1.2556777000000001,1.2556777000000001
2024,10,16,18,0.0,23.91,85.13,3.92,2024-10-16 18:00:00,1.004905,0.0,0.0
2024,10,16,19,0.0,23.33,88.0,3.48,2024-10-16 19:00:00,1.007515,0.0,0.0
2024,10,16,20,0.0,22.83,90.18,3.22,2024-10-16 20:00:00,1.009765,0.0,0.0
2024,10,16,21,0.0,22.47,91.34,3.02,2024-10-16 21:00:00,1.011385,0.0,0.0
2024,10,16,22,0.0,22.14,92.12,3.01,2024-10-16 22:00:00,1.01287,0.0,0.0
2024,10,16,23,0.0,21.85,92.57,3.1,2024-10-16 23:00:00,1.014175,0.0,0.0
2024,10,17,0,0.0,21.58,92.59,3.08,2024-10-17 00:00:00,1.01539,0.0,0.0
2024,10,17,1,0.0,21.34,92.25,3.09,2024-10-17 01:00:00,1.01647,0.0,0.0
2024,10,17,2,0.0,21.14,91.68,3.1,2024-10-17 02:00:00,1.01737,0.0,0.0
2024,10,17,3,0.0,20.96,91.38,3.1,2024-10-17 03:00:00,1.01818,0.0,0.0
2024,10,17,4,0.0,20.77,91.61,2.98,2024-10-17 04:00:00,1.019035,0.0,0.0
2024,10,17,5,16.98,20.65,91.96,2.81,2024-10-17 05:00:00,1.019575,1.73123835,1.73123835
2024,10,17,6,178.57,23.35,82.79,3.14,2024-10-17 06:00:00,1.007425,17.989588225,17.989588225
2024,10,17,7,402.15,25.47,71.2,4.27,2024-10-17 07:00:00,0.997885,40.129945275,40.129945275
2024,10,17,8,622.67,26.93,65.2,4.29,2024-10-17 08:00:00,0.991315,61.72621110499999,61.72621110499999
2024,10,17,9,787.58,28.14,61.11,4.11,2024-10-17 09:00:00,0.98587,77.64514946000001,77.64514946000001
2024,10,17,10,879.38,29.12,57.78,4.26,2024-10-17 10:00:00,0.98146,86.30762948,86.30762948
2024,10,17,11,898.88,29.74,55.59,4.54,2024-10-17 11:00:00,0.97867,87.97068896,87.97068896
2024,10,17,12,830.25,29.96,54.72,4.65,2024-10-17 12:00:00,0.97768,81.17188200000001,81.17188200000001
2024,10,17,13,689.97,29.88,54.74,4.77,2024-10-17 13:00:00,0.97804,67.48182588,67.48182588
2024,10,17,14,542.75,29.28,56.6,4.9,2024-10-17 14:00:00,0.98074,53.229663499999994,53.229663499999994
2024,10,17,15,342.77,28.25,60.23,5.01,2024-10-17 15:00:00,0.985375,33.775698874999996,33.775698874999996
2024,10,17,16,144.25,26.74,66.35,5.1,2024-10-17 16:00:00,0.99217,14.312052249999999,14.312052249999999
2024,10,17,17,12.98,24.94,75.64,4.57,2024-10-17 17:00:00,1.00027,1.29835046,1.29835046
2024,10,17,18,0.0,23.65,83.16,3.74,2024-10-17 18:00:00,1.006075,0.0,0.0
2024,10,17,19,0.0,23.13,86.58,3.25,2024-10-17 19:00:00,1.008415,0.0,0.0
2024,10,17,20,0.0,22.74,88.85,2.87,2024-10-17 20:00:00,1.01017,0.0,0.0
2024,10,17,21,0.0,22.51,90.0,2.66,2024-10-17 21:00:00,1.011205,0.0,0.0
2024,10,17,22,0.0,22.34,90.85,2.52,2024-10-17 22:00:00,1.01197,0.0,0.0
2024,10,17,23,0.0,22.28,91.22,2.45,2024-10-17 23:00:00,1.01224,0.0,0.0
2024,10,18,0,0.0,22.31,91.33,2.37,2024-10-18 00:00:00,1.012105,0.0,0.0
2024,10,18,1,0.0,22.32,91.74,2.21,2024-10-18 01:00:00,1.01206,0.0,0.0
2024,10,18,2,0.0,22.27,92.22,2.11,2024-10-18 02:00:00,1.012285,0.0,0.0
2024,10,18,3,0.0,22.18,92.57,2.06,2024-10-18 03:00:00,1.01269,0.0,0.0
2024,10,18,4,0.0,21.92,92.9,2.05,2024-10-18 04:00:00,1.01386,0.0,0.0
2024,10,18,5,17.8,21.79,93.09,1.95,2024-10-18 05:00:00,1.014445,1.8057121,1.8057121
2024,10,18,6,189.82,23.71,84.97,2.41,2024-10-18 06:00:00,1.005805,19.092190510000002,19.092190510000002
2024,10,18,7,441.23,25.59,75.31,2.89,2024-10-18 07:00:00,0.997345,44.005853435000006,44.005853435000006
2024,10,18,8,667.0,27.22,69.48,2.83,2024-10-18 08:00:00,0.9900100000000001,66.03366700000001,66.03366700000001
2024,10,18,9,833.17,28.62,64.8,2.61,2024-10-18 09:00:00,0.98371,81.95976606999999,81.95976606999999
2024,10,18,10,907.88,29.76,60.87,2.53,2024-10-18 10:00:00,0.97858,88.84332103999999,88.84332103999999
2024,10,18,11,942.25,30.49,58.14,2.52,2024-10-18 11:00:00,0.975295,91.89717137500001,91.89717137500001
2024,10,18,12,880.8,30.9,56.64,2.62,2024-10-18 12:00:00,0.97345,85.741476,85.741476
2024,10,18,13,716.83,30.94,56.22,2.85,2024-10-18 13:00:00,0.97327,69.76691341,69.76691341
2024,10,18,14,521.97,30.48,57.52,3.22,2024-10-18 14:00:00,0.97534,50.909821980000004,50.909821980000004
2024,10,18,15,283.23,29.66,60.3,3.63,2024-10-18 15:00:00,0.97903,27.729066690000003,27.729066690000003
2024,10,18,16,117.65,28.13,67.23,4.24,2024-10-18 16:00:00,0.985915,11.599289975,11.599289975
2024,10,18,17,9.15,26.16,78.05,4.21,2024-10-18 17:00:00,0.99478,0.9102237000000001,0.9102237000000001
2024,10,18,18,0.0,24.75,86.25,3.99,2024-10-18 18:00:00,1.001125,0.0,0.0
2024,10,18,19,0.0,24.36,88.9,3.94,2024-10-18 19:00:00,1.00288,0.0,0.0
2024,10,18,20,0.0,24.2,90.2,3.76,2024-10-18 20:00:00,1.0036,0.0,0.0
2024,10,18,21,0.0,24.08,91.03,3.49,2024-10-18 21:00:00,1.00414,0.0,0.0
2024,10,18,22,0.0,23.93,91.83,3.2,2024-10-18 22:00:00,1.004815,0.0,0.0
2024,10,18,23,0.0,23.7,92.84,2.79,2024-10-18 23:00:00,1.00585,0.0,0.0
2024,10,19,0,0.0,23.42,93.97,2.41,2024-10-19 00:00:00,1.00711,0.0,0.0
2024,10,19,1,0.0,23.07,95.05,2.24,2024-10-19 01:00:00,1.008685,0.0,0.0
2024,10,19,2,0.0,22.72,96.0,2.19,2024-10-19 02:00:00,1.01026,0.0,0.0
2024,10,19,3,0.0,22.47,97.08,2.18,2024-10-19 03:00:00,1.011385,0.0,0.0
2024,10,19,4,0.0,22.39,97.44,2.12,2024-10-19 04:00:00,1.011745,0.0,0.0
2024,10,19,5,18.3,22.43,97.32,2.02,2024-10-19 05:00:00,1.011565,1.8511639500000001,1.8511639500000001
2024,10,19,6,184.68,24.31,89.14,2.78,2024-10-19 06:00:00,1.003105,18.525343139999997,18.525343139999997
2024,10,19,7,426.27,26.26,79.5,3.02,2024-10-19 07:00:00,0.99433,42.385304909999995,42.385304909999995
2024,10,19,8,604.33,27.95,72.13,2.57,2024-10-19 08:00:00,0.986725,59.630751925000006,59.630751925000006
2024,10,19,9,692.8,29.58,64.48,1.85,2024-10-19 09:00:00,0.97939,67.8521392,67.8521392
2024,10,19,10,772.4,30.84,59.01,1.23,2024-10-19 10:00:00,0.97372,75.2101328,75.2101328
2024,10,19,11,759.65,31.75,55.5,0.72,2024-10-19 11:00:00,0.969625,73.65756312499998,73.65756312499998
2024,10,19,12,659.55,32.31,53.35,0.33,2024-10-19 12:00:00,0.967105,63.785410275,63.785410275
2024,10,19,13,500.45,32.43,52.6,0.34,2024-10-19 13:00:00,0.966565,48.37174542499999,48.37174542499999
2024,10,19,14,398.45,31.91,53.82,0.43,2024-10-19 14:00:00,0.968905,38.606019725,38.606019725
2024,10,19,15,246.32,31.08,56.61,0.51,2024-10-19 15:00:00,0.9726400000000001,23.958068479999998,23.958068479999998
2024,10,19,16,102.2,29.7,62.61,0.95,2024-10-19 16:00:00,0.97885,10.003847,10.003847
2024,10,19,17,8.75,27.88,73.95,1.67,2024-10-19 17:00:00,0.98704,0.8636600000000001,0.8636600000000001
2024,10,19,18,0.0,26.28,86.53,1.79,2024-10-19 18:00:00,0.99424,0.0,0.0
2024,10,19,19,0.0,25.36,90.64,1.99,2024-10-19 19:00:00,0.99838,0.0,0.0
2024,10,19,20,0.0,24.75,93.14,2.2,2024-10-19 20:00:00,1.001125,0.0,0.0
2024,10,19,21,0.0,24.37,94.94,2.37,2024-10-19 21:00:00,1.002835,0.0,0.0
2024,10,19,22,0.0,24.19,96.0,2.33,2024-10-19 22:00:00,1.003645,0.0,0.0
2024,10,19,23,0.0,24.0,96.63,2.18,2024-10-19 23:00:00,1.0045,0.0,0.0
2024,10,20,0,0.0,23.81,96.94,2.1,2024-10-20 00:00:00,1.005355,0.0,0.0
2024,10,20,1,0.0,23.63,97.15,2.07,2024-10-20 01:00:00,1.006165,0.0,0.0
2024,10,20,2,0.0,23.46,97.49,2.09,2024-10-20 02:00:00,1.00693,0.0,0.0
2024,10,20,3,0.0,23.34,97.61,2.13,2024-10-20 03:00:00,1.00747,0.0,0.0
2024,10,20,4,0.0,23.16,98.03,2.11,2024-10-20 04:00:00,1.00828,0.0,0.0
2024,10,20,5,10.82,23.15,97.95,2.01,2024-10-20 05:00:00,1.008325,1.0910076499999999,1.0910076499999999
2024,10,20,6,86.43,24.64,92.79,3.09,2024-10-20 06:00:00,1.00162,8.65700166,8.65700166
2024,10,20,7,214.55,25.99,86.19,3.55,2024-10-20 07:00:00,0.995545,21.359417975000003,21.359417975000003
2024,10,20,8,289.77,27.31,78.95,3.39,2024-10-20 08:00:00,0.989605,28.675784084999997,28.675784084999997
2024,10,20,9,332.1,28.32,73.26,3.56,2024-10-20 09:00:00,0.98506,32.7138426,32.7138426
2024,10,20,10,443.05,28.9,69.52,3.98,2024-10-20 10:00:00,0.98245,43.52744725,43.52744725
2024,10,20,11,526.78,29.17,67.96,4.56,2024-10-20 11:00:00,0.981235,51.68949733,51.68949733
2024,10,20,12,450.9,28.99,67.69,5.23,2024-10-20 12:00:00,0.9820450000000001,44.280409049999996,44.280409049999996
2024,10,20,13,523.08,28.45,68.44,5.64,2024-10-20 13:00:00,0.984475,51.4959183,51.4959183
2024,10,20,14,250.75,27.76,70.2,5.59,2024-10-20 14:00:00,0.98758,24.763568499999995,24.763568499999995
2024,10,20,15,166.18,26.49,75.27,5.01,2024-10-20 15:00:00,0.993295,16.50657631,16.50657631
2024,10,20,16,71.45,25.3,82.56,4.31,2024-10-20 16:00:00,0.99865,7.13535425,7.13535425
2024,10,20,17,6.97,24.4,89.33,3.35,2024-10-20 17:00:00,1.0027,0.6988819,0.6988819
2024,10,20,18,0.0,24.01,93.32,2.74,2024-10-20 18:00:00,1.004455,0.0,0.0
2024,10,20,19,0.0,23.8,93.6,2.57,2024-10-20 19:00:00,1.0054,0.0,0.0
2024,10,20,20,0.0,23.38,94.52,2.19,2024-10-20 20:00:00,1.00729,0.0,0.0
2024,10,20,21,0.0,22.91,95.33,2.18,2024-10-20 21:00:00,1.009405,0.0,0.0
2024,10,20,22,0.0,22.44,96.41,2.28,2024-10-20 22:00:00,1.01152,0.0,0.0
2024,10,20,23,0.0,22.19,97.37,2.4,2024-10-20 23:00:00,1.012645,0.0,0.0
2024,10,21,0,0.0,22.08,97.26,2.53,2024-10-21 00:00:00,1.01314,0.0,0.0
2024,10,21,1,0.0,21.98,96.28,2.64,2024-10-21 01:00:00,1.01359,0.0,0.0
2024,10,21,2,0.0,21.8,95.0,2.62,2024-10-21 02:00:00,1.0144,0.0,0.0
2024,10,21,3,0.0,21.54,93.88,2.55,2024-10-21 03:00:00,1.01557,0.0,0.0
2024,10,21,4,0.0,21.2,93.36,2.46,2024-10-21 04:00:00,1.0171,0.0,0.0
2024,10,21,5,16.05,21.03,93.32,2.33,2024-10-21 05:00:00,1.017865,1.6336733250000002,1.6336733250000002
2024,10,21,6,169.85,23.04,84.25,3.01,2024-10-21 06:00:00,1.00882,17.1348077,17.1348077
2024,10,21,7,420.75,25.26,73.1,3.52,2024-10-21 07:00:00,0.99883,42.02577225,42.02577225
2024,10,21,8,653.88,27.38,64.38,3.23,2024-10-21 08:00:00,0.98929,64.68769452000001,64.68769452000001
2024,10,21,9,827.85,29.13,59.13,2.51,2024-10-21 09:00:00,0.981415,81.246440775,81.246440775
2024,10,21,10,886.6,30.48,55.99,2.23,2024-10-21 10:00:00,0.97534,86.47364440000001,86.47364440000001
2024,10,21,11,881.2,31.33,54.38,2.38,2024-10-21 11:00:00,0.971515,85.6099018,85.6099018
2024,10,21,12,711.97,31.75,53.71,2.69,2024-10-21 12:00:00,0.969625,69.034391125,69.034391125
2024,10,21,13,650.8,31.67,54.05,3.08,2024-10-21 13:00:00,0.969985,63.1266238,63.1266238
2024,10,21,14,464.8,31.06,55.93,3.58,2024-10-21 14:00:00,0.97273,45.21249039999999,45.21249039999999
2024,10,21,15,284.2,29.72,60.73,4.31,2024-10-21 15:00:00,0.97876,27.8163592,27.8163592
2024,10,21,16,113.95,28.03,67.94,4.93,2024-10-21 16:00:00,0.986365,11.239629175000001,11.239629175000001
2024,10,21,17,10.12,26.15,78.03,4.76,2024-10-21 17:00:00,0.994825,1.0067628999999998,1.0067628999999998
2024,10,21,18,0.0,24.92,86.51,4.5,2024-10-21 18:00:00,1.00036,0.0,0.0
2024,10,21,19,0.0,24.48,90.8,3.99,2024-10-21 19:00:00,1.00234,0.0,0.0
2024,10,21,20,0.0,24.35,92.81,3.47,2024-10-21 20:00:00,1.002925,0.0,0.0
2024,10,21,21,0.0,24.26,93.76,3.14,2024-10-21 21:00:00,1.00333,0.0,0.0
2024,10,21,22,0.0,24.2,94.18,2.99,2024-10-21 22:00:00,1.0036,0.0,0.0
2024,10,21,23,0.0,24.08,94.48,2.87,2024-10-21 23:00:00,1.00414,0.0,0.0
2024,10,22,0,0.0,23.9,94.71,2.67,2024-10-22 00:00:00,1.00495,0.0,0.0
2024,10,22,1,0.0,23.67,94.99,2.56,2024-10-22 01:00:00,1.005985,0.0,0.0
2024,10,22,2,0.0,23.45,95.22,2.52,2024-10-22 02:00:00,1.006975,0.0,0.0
2024,10,22,3,0.0,23.2,95.43,2.48,2024-10-22 03:00:00,1.0081,0.0,0.0
2024,10,22,4,0.0,22.98,95.86,2.36,2024-10-22 04:00:00,1.00909,0.0,0.0
2024,10,22,5,18.83,22.88,96.28,2.29,2024-10-22 05:00:00,1.00954,1.9009638200000003,1.9009638200000003
2024,10,22,6,163.02,24.66,88.5,3.44,2024-10-22 06:00:00,1.00153,16.32694206,16.32694206
2024,10,22,7,373.1,26.55,78.61,4.19,2024-10-22 07:00:00,0.993025,37.049762750000006,37.049762750000006
2024,10,22,8,545.1,28.11,71.58,4.24,2024-10-22 08:00:00,0.986005,53.74713255,53.74713255
2024,10,22,9,661.53,29.26,66.56,4.09,2024-10-22 09:00:00,0.98083,64.88484698999999,64.88484698999999
2024,10,22,10,754.3,29.85,64.56,4.03,2024-10-22 10:00:00,0.978175,73.78374025,73.78374025
2024,10,22,11,760.5,30.22,63.34,4.06,2024-10-22 11:00:00,0.97651,74.26358549999999,74.26358549999999
2024,10,22,12,706.5,30.22,63.29,4.2,2024-10-22 12:00:00,0.97651,68.9904315,68.9904315
2024,10,22,13,497.85,29.82,64.52,4.45,2024-10-22 13:00:00,0.97831,48.70516335000001,48.70516335000001
2024,10,22,14,398.85,29.49,65.74,4.62,2024-10-22 14:00:00,0.979795,39.079123575000004,39.079123575000004
2024,10,22,15,250.43,28.85,68.6,4.79,2024-10-22 15:00:00,0.982675,24.609130025,24.609130025
2024,10,22,16,103.12,27.62,74.5,4.92,2024-10-22 16:00:00,0.98821,10.190421520000001,10.190421520000001
2024,10,22,17,9.12,26.04,82.91,4.38,2024-10-22 17:00:00,0.99532,0.90773184,0.90773184
2024,10,22,18,0.0,25.17,88.19,3.86,2024-10-22 18:00:00,0.999235,0.0,0.0
2024,10,22,19,0.0,24.91,89.97,3.72,2024-10-22 19:00:00,1.000405,0.0,0.0
2024,10,22,20,0.0,24.69,91.45,3.37,2024-10-22 20:00:00,1.001395,0.0,0.0
2024,10,22,21,0.0,24.54,92.06,3.17,2024-10-22 21:00:00,1.00207,0.0,0.0
2024,10,22,22,0.0,24.4,92.62,2.98,2024-10-22 22:00:00,1.0027,0.0,0.0
2024,10,22,23,0.0,24.18,93.45,2.78,2024-10-22 23:00:00,1.00369,0.0,0.0
2024,10,23,0,0.0,23.99,93.89,2.77,2024-10-23 00:00:00,1.004545,0.0,0.0
2024,10,23,1,0.0,23.82,94.33,2.82,2024-10-23 01:00:00,1.00531,0.0,0.0
2024,10,23,2,0.0,23.75,94.25,2.96,2024-10-23 02:00:00,1.005625,0.0,0.0
2024,10,23,3,0.0,23.63,94.37,3.02,2024-10-23 03:00:00,1.006165,0.0,0.0
2024,10,23,4,0.0,23.44,94.85,2.82,2024-10-23 04:00:00,1.00702,0.0,0.0
2024,10,23,5,11.27,23.34,95.2,2.69,2024-10-23 05:00:00,1.00747,1.1354186899999998,1.1354186899999998
2024,10,23,6,101.25,24.68,89.57,4.03,2024-10-23 06:00:00,1.00144,10.13958,10.13958
2024,10,23,7,239.18,26.28,81.17,4.82,2024-10-23 07:00:00,0.99424,23.78023232,23.78023232
2024,10,23,8,422.05,27.71,74.09,4.9,2024-10-23 08:00:00,0.987805,41.69031002500001,41.69031002500001
2024,10,23,9,555.38,28.88,69.34,4.9,2024-10-23 09:00:00,0.98254,54.56830651999999,54.56830651999999
2024,10,23,10,683.53,29.8,66.31,4.97,2024-10-23 10:00:00,0.9784,66.8765752,66.8765752
2024,10,23,11,790.17,30.34,64.41,4.98,2024-10-23 11:00:00,0.97597,77.11822149,77.11822149
2024,10,23,12,720.9,30.51,63.63,5.0,2024-10-23 12:00:00,0.975205,70.30252845,70.30252845
2024,10,23,13,663.78,30.37,63.6,5.06,2024-10-23 13:00:00,0.975835,64.77397562999998,64.77397562999998
2024,10,23,14,456.0,29.8,65.46,5.08,2024-10-23 14:00:00,0.9784,44.61504,44.61504
2024,10,23,15,305.12,28.93,69.22,5.1,2024-10-23 15:00:00,0.982315,29.97239528,29.97239528
2024,10,23,16,132.75,27.63,74.8,5.18,2024-10-23 16:00:00,0.988165,13.117890375,13.117890375
2024,10,23,17,12.0,25.88,83.23,4.94,2024-10-23 17:00:00,0.99604,1.195248,1.195248
2024,10,23,18,0.0,24.83,89.59,4.33,2024-10-23 18:00:00,1.000765,0.0,0.0
2024,10,23,19,0.0,24.57,91.6,3.77,2024-10-23 19:00:00,1.001935,0.0,0.0
2024,10,23,20,0.0,24.39,92.64,3.36,2024-10-23 20:00:00,1.002745,0.0,0.0
2024,10,23,21,0.0,24.2,93.41,3.05,2024-10-23 21:00:00,1.0036,0.0,0.0
2024,10,23,22,0.0,24.0,94.18,2.88,2024-10-23 22:00:00,1.0045,0.0,0.0
2024,10,23,23,0.0,23.78,94.92,2.76,2024-10-23 23:00:00,1.00549,0.0,0.0
2024,10,24,0,0.0,23.59,95.43,2.88,2024-10-24 00:00:00,1.006345,0.0,0.0
2024,10,24,1,0.0,23.47,95.75,3.08,2024-10-24 01:00:00,1.006885,0.0,0.0
2024,10,24,2,0.0,23.4,95.82,3.1,2024-10-24 02:00:00,1.0072,0.0,0.0
2024,10,24,3,0.0,23.27,96.06,2.97,2024-10-24 03:00:00,1.007785,0.0,0.0
2024,10,24,4,0.0,23.15,96.16,2.81,2024-10-24 04:00:00,1.008325,0.0,0.0
2024,10,24,5,20.23,23.0,96.69,2.56,2024-10-24 05:00:00,1.009,2.041207,2.041207
2024,10,24,6,187.27,24.35,91.73,3.75,2024-10-24 06:00:00,1.002925,18.781776475,18.781776475
2024,10,24,7,416.38,26.0,82.91,4.03,2024-10-24 07:00:00,0.9955,41.450629,41.450629
2024,10,24,8,640.1,27.71,73.99,3.72,2024-10-24 08:00:00,0.987805,63.22939805000001,63.22939805000001
2024,10,24,9,801.55,29.03,68.4,3.44,2024-10-24 09:00:00,0.981865,78.701389075,78.701389075
2024,10,24,10,873.85,30.0,64.72,3.69,2024-10-24 10:00:00,0.9775,85.41883750000001,85.41883750000001
2024,10,24,11,904.5,30.5,62.76,4.18,2024-10-24 11:00:00,0.97525,88.21136249999999,88.21136249999999
2024,10,24,12,865.58,30.69,61.56,4.63,2024-10-24 12:00:00,0.974395,84.34168241,84.34168241
2024,10,24,13,656.45,30.38,62.55,4.97,2024-10-24 13:00:00,0.97579,64.05573455000001,64.05573455000001
2024,10,24,14,584.8,29.75,64.98,5.15,2024-10-24 14:00:00,0.978625,57.229989999999994,57.229989999999994
2024,10,24,15,343.83,28.85,68.14,5.07,2024-10-24 15:00:00,0.982675,33.78731452499999,33.78731452499999
2024,10,24,16,141.98,27.68,72.52,4.83,2024-10-24 16:00:00,0.98794,14.02677212,14.02677212
2024,10,24,17,11.62,25.99,81.12,4.51,2024-10-24 17:00:00,0.995545,1.15682329,1.15682329
2024,10,24,18,0.0,24.83,88.72,4.01,2024-10-24 18:00:00,1.000765,0.0,0.0
2024,10,24,19,0.0,24.45,91.37,3.46,2024-10-24 19:00:00,1.002475,0.0,0.0
2024,10,24,20,0.0,24.05,93.54,2.72,2024-10-24 20:00:00,1.004275,0.0,0.0
2024,10,24,21,0.0,23.68,95.09,2.3,2024-10-24 21:00:00,1.00594,0.0,0.0
2024,10,24,22,0.0,23.37,95.85,2.2,2024-10-24 22:00:00,1.007335,0.0,0.0
2024,10,24,23,0.0,23.31,95.77,2.24,2024-10-24 23:00:00,1.007605,0.0,0.0
2024,10,25,0,0.0,23.25,95.95,2.25,2024-10-25 00:00:00,1.007875,0.0,0.0
2024,10,25,1,0.0,23.13,96.25,2.35,2024-10-25 01:00:00,1.008415,0.0,0.0
2024,10,25,2,0.0,22.91,97.07,2.41,2024-10-25 02:00:00,1.009405,0.0,0.0
2024,10,25,3,0.0,22.71,97.59,2.44,2024-10-25 03:00:00,1.010305,0.0,0.0
2024,10,25,4,0.0,22.68,97.32,2.44,2024-10-25 04:00:00,1.01044,0.0,0.0
2024,10,25,5,18.77,22.61,97.42,2.32,2024-10-25 05:00:00,1.010755,1.8971871349999998,1.8971871349999998
2024,10,25,6,159.4,24.26,90.35,3.44,2024-10-25 06:00:00,1.00333,15.993080200000001,15.993080200000001
2024,10,25,7,380.62,25.95,80.4,3.83,2024-10-25 07:00:00,0.995725,37.89928495,37.89928495
2024,10,25,8,574.35,27.41,73.41,3.89,2024-10-25 08:00:00,0.989155,56.812117425000004,56.812117425000004
2024,10,25,9,743.85,28.6,68.59,4.1,2024-10-25 09:00:00,0.9838,73.179963,73.179963
2024,10,25,10,849.12,29.5,65.97,4.42,2024-10-25 10:00:00,0.97975,83.192532,83.192532
2024,10,25,11,842.95,30.07,64.41,4.73,2024-10-25 11:00:00,0.977185,82.37180957500001,82.37180957500001
2024,10,25,12,738.4,30.25,63.84,4.98,2024-10-25 12:00:00,0.976375,72.09552999999998,72.09552999999998
2024,10,25,13,539.2,30.08,64.16,5.15,2024-10-25 13:00:00,0.97714,52.6873888,52.6873888
2024,10,25,14,460.0,29.54,65.48,5.27,2024-10-25 14:00:00,0.97957,45.06022,45.06022
2024,10,25,15,276.73,28.7,67.56,5.23,2024-10-25 15:00:00,0.9833500000000001,27.212244550000005,27.212244550000005
2024,10,25,16,112.03,27.36,72.48,5.21,2024-10-25 16:00:00,0.98938,11.084024140000002,11.084024140000002
2024,10,25,17,11.18,25.65,81.77,4.58,2024-10-25 17:00:00,0.997075,1.11472985,1.11472985
2024,10,25,18,0.0,24.64,89.0,3.54,2024-10-25 18:00:00,1.00162,0.0,0.0
2024,10,25,19,0.0,24.2,92.05,2.95,2024-10-25 19:00:00,1.0036,0.0,0.0
2024,10,25,20,0.0,23.91,93.67,2.7,2024-10-25 20:00:00,1.004905,0.0,0.0
2024,10,25,21,0.0,23.75,94.29,2.68,2024-10-25 21:00:00,1.005625,0.0,0.0
2024,10,25,22,0.0,23.79,94.27,2.67,2024-10-25 22:00:00,1.005445,0.0,0.0
2024,10,25,23,0.0,23.75,94.39,2.61,2024-10-25 23:00:00,1.005625,0.0,0.0
2024,10,26,0,0.0,23.7,94.39,2.61,2024-10-26 00:00:00,1.00585,0.0,0.0
2024,10,26,1,0.0,23.63,94.52,2.61,2024-10-26 01:00:00,1.006165,0.0,0.0
2024,10,26,2,0.0,23.53,94.89,2.52,2024-10-26 02:00:00,1.006615,0.0,0.0
2024,10,26,3,0.0,23.42,95.26,2.37,2024-10-26 03:00:00,1.00711,0.0,0.0
2024,10,26,4,0.0,23.32,95.45,2.29,2024-10-26 04:00:00,1.00756,0.0,0.0
2024,10,26,5,16.85,23.27,95.52,2.2,2024-10-26 05:00:00,1.007785,1.698117725,1.698117725
2024,10,26,6,143.65,24.78,90.67,3.14,2024-10-26 06:00:00,1.00099,14.379221350000002,14.379221350000002
2024,10,26,7,332.9,26.24,83.41,3.83,2024-10-26 07:00:00,0.99442,33.1042418,33.1042418
2024,10,26,8,492.58,27.87,75.31,4.0,2024-10-26 08:00:00,0.987085,48.62183293,48.62183293
2024,10,26,9,605.53,29.13,70.09,4.08,2024-10-26 09:00:00,0.981415,59.42762249500001,59.42762249500001
2024,10,26,10,761.6,30.09,66.57,4.37,2024-10-26 10:00:00,0.977095,74.41555520000001,74.41555520000001
2024,10,26,11,785.65,30.58,64.48,4.74,2024-10-26 11:00:00,0.97489,76.59223285,76.59223285
2024,10,26,12,742.85,30.74,63.69,5.15,2024-10-26 12:00:00,0.97417,72.36621844999999,72.36621844999999
2024,10,26,13,574.65,30.33,64.77,5.55,2024-10-26 13:00:00,0.976015,56.086701975,56.086701975
2024,10,26,14,435.88,29.6,67.07,5.82,2024-10-26 14:00:00,0.9793,42.6857284,42.6857284
2024,10,26,15,268.62,28.68,70.33,5.8,2024-10-26 15:00:00,0.98344,26.417165280000003,26.417165280000003
2024,10,26,16,111.2,27.32,76.21,5.6,2024-10-26 16:00:00,0.98956,11.0039072,11.0039072
2024,10,26,17,9.98,25.84,84.38,4.55,2024-10-26 17:00:00,0.99622,0.9942275600000001,0.9942275600000001
2024,10,26,18,0.0,24.93,89.92,3.67,2024-10-26 18:00:00,1.000315,0.0,0.0
2024,10,26,19,0.0,24.57,91.63,3.41,2024-10-26 19:00:00,1.001935,0.0,0.0
2024,10,26,20,0.0,24.32,92.55,3.13,2024-10-26 20:00:00,1.00306,0.0,0.0
2024,10,26,21,0.0,24.14,93.16,2.88,2024-10-26 21:00:00,1.00387,0.0,0.0
2024,10,26,22,0.0,23.93,93.65,2.8,2024-10-26 22:00:00,1.004815,0.0,0.0
2024,10,26,23,0.0,23.67,94.12,2.64,2024-10-26 23:00:00,1.005985,0.0,0.0
2024,10,27,0,0.0,23.47,94.34,2.6,2024-10-27 00:00:00,1.006885,0.0,0.0
2024,10,27,1,0.0,23.45,94.35,2.65,2024-10-27 01:00:00,1.006975,0.0,0.0
2024,10,27,2,0.0,23.27,94.81,2.55,2024-10-27 02:00:00,1.007785,0.0,0.0
2024,10,27,3,0.0,23.15,95.13,2.51,2024-10-27 03:00:00,1.008325,0.0,0.0
2024,10,27,4,0.0,23.06,95.52,2.44,2024-10-27 04:00:00,1.00873,0.0,0.0
2024,10,27,5,20.52,23.07,95.67,2.34,2024-10-27 05:00:00,1.008685,2.0698216200000004,2.0698216200000004
2024,10,27,6,182.98,24.72,90.61,3.11,2024-10-27 06:00:00,1.00126,18.32105548,18.32105548
2024,10,27,7,404.52,26.22,83.15,4.01,2024-10-27 07:00:00,0.99451,40.22991852,40.22991852
2024,10,27,8,594.53,27.85,74.9,4.11,2024-10-27 08:00:00,0.987175,58.690515275,58.690515275
2024,10,27,9,722.1,29.25,69.71,3.96,2024-10-27 09:00:00,0.980875,70.82898375,70.82898375
2024,10,27,10,837.1,30.36,65.67,3.9,2024-10-27 10:00:00,0.97588,81.6909148,81.6909148
2024,10,27,11,894.2,30.94,63.32,3.95,2024-10-27 11:00:00,0.97327,87.0298034,87.0298034
2024,10,27,12,856.9,31.25,61.98,4.06,2024-10-27 12:00:00,0.971875,83.27996875,83.27996875
2024,10,27,13,786.33,31.2,61.67,4.16,2024-10-27 13:00:00,0.9721,76.43913930000001,76.43913930000001
2024,10,27,14,552.62,30.77,62.51,4.28,2024-10-27 14:00:00,0.974035,53.82712217,53.82712217
2024,10,27,15,322.52,29.56,66.7,4.48,2024-10-27 15:00:00,0.97948,31.590188959999995,31.590188959999995
2024,10,27,16,128.3,28.1,72.99,4.75,2024-10-27 16:00:00,0.98605,12.651021500000002,12.651021500000002
2024,10,27,17,10.02,26.5,81.26,4.45,2024-10-27 17:00:00,0.99325,0.9952365,0.9952365
2024,10,27,18,0.0,25.52,87.03,3.91,2024-10-27 18:00:00,0.99766,0.0,0.0
2024,10,27,19,0.0,25.19,89.19,3.43,2024-10-27 19:00:00,0.999145,0.0,0.0
2024,10,27,20,0.0,24.9,90.89,2.92,2024-10-27 20:00:00,1.00045,0.0,0.0
2024,10,27,21,0.0,24.62,91.9,2.65,2024-10-27 21:00:00,1.00171,0.0,0.0
2024,10,27,22,0.0,24.36,92.36,2.62,2024-10-27 22:00:00,1.00288,0.0,0.0
2024,10,27,23,0.0,24.18,92.65,2.61,2024-10-27 23:00:00,1.00369,0.0,0.0
2024,10,28,0,0.0,24.03,93.07,2.55,2024-10-28 00:00:00,1.004365,0.0,0.0
2024,10,28,1,0.0,23.87,93.47,2.47,2024-10-28 01:00:00,1.005085,0.0,0.0
2024,10,28,2,0.0,23.72,93.88,2.33,2024-10-28 02:00:00,1.00576,0.0,0.0
2024,10,28,3,0.0,23.62,94.11,2.2,2024-10-28 03:00:00,1.00621,0.0,0.0
2024,10,28,4,0.0,23.52,94.4,2.07,2024-10-28 04:00:00,1.00666,0.0,0.0
2024,10,28,5,21.58,23.51,94.37,1.96,2024-10-28 05:00:00,1.006705,2.17246939,2.17246939
2024,10,28,6,181.23,25.02,88.27,2.49,2024-10-28 06:00:00,0.99991,18.12136893,18.12136893
2024,10,28,7,380.5,26.45,80.92,2.94,2024-10-28 07:00:00,0.993475,37.801723749999994,37.801723749999994
2024,10,28,8,605.15,27.96,74.28,2.82,2024-10-28 08:00:00,0.98668,59.708940199999994,59.708940199999994
2024,10,28,9,736.28,29.52,68.73,2.72,2024-10-28 09:00:00,0.97966,72.13040648,72.13040648
2024,10,28,10,862.53,30.74,64.39,2.85,2024-10-28 10:00:00,0.97417,84.02508501,84.02508501
2024,10,28,11,866.55,31.49,61.44,3.23,2024-10-28 11:00:00,0.970795,84.12424072499998,84.12424072499998
2024,10,28,12,839.33,31.78,59.97,3.66,2024-10-28 12:00:00,0.96949,81.37220417,81.37220417
2024,10,28,13,705.55,31.78,59.37,4.09,2024-10-28 13:00:00,0.96949,68.40236694999999,68.40236694999999
2024,10,28,14,559.78,31.12,60.87,4.49,2024-10-28 14:00:00,0.97246,54.43636588,54.43636588
2024,10,28,15,346.02,29.72,65.9,4.93,2024-10-28 15:00:00,0.97876,33.86705352,33.86705352
2024,10,28,16,144.6,28.09,72.75,5.33,2024-10-28 16:00:00,0.986095,14.258933700000002,14.258933700000002
2024,10,28,17,11.98,26.4,80.72,5.03,2024-10-28 17:00:00,0.9937,1.1904526000000002,1.1904526000000002
2024,10,28,18,0.0,25.49,85.97,4.45,2024-10-28 18:00:00,0.997795,0.0,0.0
2024,10,28,19,0.0,25.18,88.32,3.96,2024-10-28 19:00:00,0.99919,0.0,0.0
2024,10,28,20,0.0,24.95,90.18,3.44,2024-10-28 20:00:00,1.000225,0.0,0.0
2024,10,28,21,0.0,24.74,91.75,3.08,2024-10-28 21:00:00,1.0011700000000001,0.0,0.0
2024,10,28,22,0.0,24.53,92.89,2.89,2024-10-28 22:00:00,1.002115,0.0,0.0
2024,10,28,23,0.0,24.32,93.76,2.79,2024-10-28 23:00:00,1.00306,0.0,0.0
2024,10,29,0,0.0,24.18,93.77,2.81,2024-10-29 00:00:00,1.00369,0.0,0.0
2024,10,29,1,0.0,24.01,94.17,2.64,2024-10-29 01:00:00,1.004455,0.0,0.0
2024,10,29,2,0.0,23.81,94.72,2.39,2024-10-29 02:00:00,1.005355,0.0,0.0
2024,10,29,3,0.0,23.63,94.96,2.22,2024-10-29 03:00:00,1.006165,0.0,0.0
2024,10,29,4,0.0,23.45,95.03,2.11,2024-10-29 04:00:00,1.006975,0.0,0.0
2024,10,29,5,21.38,23.36,94.69,2.08,2024-10-29 05:00:00,1.00738,2.15377844,2.15377844
2024,10,29,6,179.8,24.84,86.49,3.21,2024-10-29 06:00:00,1.00072,17.992945600000002,17.992945600000002
2024,10,29,7,400.08,26.45,76.86,3.77,2024-10-29 07:00:00,0.993475,39.746947799999994,39.746947799999994
2024,10,29,8,628.58,28.05,70.85,3.71,2024-10-29 08:00:00,0.986275,61.995273950000005,61.995273950000005
2024,10,29,9,809.65,29.58,65.34,3.67,2024-10-29 09:00:00,0.97939,79.29631135,79.29631135
2024,10,29,10,923.03,30.92,60.43,3.79,2024-10-29 10:00:00,0.97336,89.84404808,89.84404808
2024,10,29,11,967.9,31.96,56.38,4.03,2024-10-29 11:00:00,0.96868,93.75853719999999,93.75853719999999
2024,10,29,12,931.25,32.47,54.43,4.38,2024-10-29 12:00:00,0.966385,89.994603125,89.994603125
2024,10,29,13,799.5,32.4,54.73,4.8,2024-10-29 13:00:00,0.9667,77.287665,77.287665
2024,10,29,14,621.8,31.77,57.12,5.26,2024-10-29 14:00:00,0.969535,60.285686299999995,60.285686299999995
2024,10,29,15,395.45,30.48,62.48,5.66,2024-10-29 15:00:00,0.97534,38.569820299999996,38.569820299999996
2024,10,29,16,165.93,28.59,70.97,5.91,2024-10-29 16:00:00,0.983845,16.324940084999998,16.324940084999998
2024,10,29,17,12.73,26.38,81.66,5.56,2024-10-29 17:00:00,0.99379,1.2650946699999999,1.2650946699999999
2024,10,29,18,0.0,25.34,88.03,4.75,2024-10-29 18:00:00,0.99847,0.0,0.0
2024,10,29,19,0.0,25.09,89.8,4.24,2024-10-29 19:00:00,0.999595,0.0,0.0
2024,10,29,20,0.0,24.92,90.76,3.71,2024-10-29 20:00:00,1.00036,0.0,0.0
2024,10,29,21,0.0,24.72,91.98,3.23,2024-10-29 21:00:00,1.00126,0.0,0.0
2024,10,29,22,0.0,24.53,93.22,2.88,2024-10-29 22:00:00,1.002115,0.0,0.0
2024,10,29,23,0.0,24.37,93.95,2.73,2024-10-29 23:00:00,1.002835,0.0,0.0
2024,10,30,0,0.0,24.2,94.54,2.61,2024-10-30 00:00:00,1.0036,0.0,0.0
2024,10,30,1,0.0,24.03,95.2,2.46,2024-10-30 01:00:00,1.004365,0.0,0.0
2024,10,30,2,0.0,23.86,95.69,2.35,2024-10-30 02:00:00,1.00513,0.0,0.0
2024,10,30,3,0.0,23.72,95.98,2.29,2024-10-30 03:00:00,1.00576,0.0,0.0
2024,10,30,4,0.0,23.59,96.36,2.26,2024-10-30 04:00:00,1.006345,0.0,0.0
2024,10,30,5,25.42,23.58,96.43,2.24,2024-10-30 05:00:00,1.0063900000000001,2.5582433800000004,2.5582433800000004
2024,10,30,6,211.2,25.29,88.79,3.37,2024-10-30 06:00:00,0.998695,21.092438400000002,21.092438400000002
2024,10,30,7,447.0,27.13,78.87,4.0,2024-10-30 07:00:00,0.990415,44.271550500000004,44.271550500000004
2024,10,30,8,642.83,28.68,71.66,4.14,2024-10-30 08:00:00,0.98344,63.21847352,63.21847352
2024,10,30,9,801.2,30.19,64.32,4.31,2024-10-30 09:00:00,0.976645,78.2487974,78.2487974
2024,10,30,10,917.0,31.31,58.69,4.59,2024-10-30 10:00:00,0.971605,89.09617850000001,89.09617850000001
2024,10,30,11,944.62,31.97,55.73,4.86,2024-10-30 11:00:00,0.968635,91.49919937,91.49919937
2024,10,30,12,843.33,32.04,55.55,5.03,2024-10-30 12:00:00,0.96832,81.66133056,81.66133056
2024,10,30,13,705.7,31.71,57.21,5.16,2024-10-30 13:00:00,0.969805,68.43913884999999,68.43913884999999
2024,10,30,14,476.73,31.08,59.92,5.33,2024-10-30 14:00:00,0.9726400000000001,46.36866672000001,46.36866672000001
2024,10,30,15,299.52,29.88,65.2,5.5,2024-10-30 15:00:00,0.97804,29.29425408,29.29425408
2024,10,30,16,128.23,28.11,74.29,5.56,2024-10-30 16:00:00,0.986005,12.643542114999999,12.643542114999999
2024,10,30,17,9.55,26.22,86.24,5.14,2024-10-30 17:00:00,0.99451,0.9497570500000001,0.9497570500000001
2024,10,30,18,0.0,25.37,93.1,4.48,2024-10-30 18:00:00,0.998335,0.0,0.0
2024,10,30,19,0.0,25.19,94.5,4.07,2024-10-30 19:00:00,0.999145,0.0,0.0
2024,10,30,20,0.0,25.1,95.4,3.77,2024-10-30 20:00:00,0.9995499999999999,0.0,0.0
2024,10,30,21,0.0,25.01,95.84,3.51,2024-10-30 21:00:00,0.999955,0.0,0.0
2024,10,30,22,0.0,24.92,96.0,3.2,2024-10-30 22:00:00,1.00036,0.0,0.0
2024,10,30,23,0.0,24.81,96.13,2.8,2024-10-30 23:00:00,1.000855,0.0,0.0
2024,10,31,0,0.0,24.67,96.33,2.51,2024-10-31 00:00:00,1.001485,0.0,0.0
2024,10,31,1,0.0,24.57,96.41,2.32,2024-10-31 01:00:00,1.001935,0.0,0.0
2024,10,31,2,0.0,24.5,96.3,2.21,2024-10-31 02:00:00,1.00225,0.0,0.0
2024,10,31,3,0.0,24.38,96.1,2.16,2024-10-31 03:00:00,1.00279,0.0,0.0
2024,10,31,4,0.0,24.3,95.87,2.15,2024-10-31 04:00:00,1.00315,0.0,0.0
2024,10,31,5,22.35,24.29,95.82,2.11,2024-10-31 05:00:00,1.003195,2.2421408250000003,2.2421408250000003
2024,10,31,6,172.77,25.17,93.09,2.76,2024-10-31 06:00:00,0.999235,17.263783095,17.263783095
2024,10,31,7,378.98,25.9,89.66,3.36,2024-10-31 07:00:00,0.99595,37.744513100000006,37.744513100000006
2024,10,31,8,578.97,26.61,85.9,3.59,2024-10-31 08:00:00,0.992755,57.477536235,57.477536235
2024,10,31,9,689.2,27.29,82.77,3.64,2024-10-31 09:00:00,0.989695,68.2097794,68.2097794
2024,10,31,10,785.9,28.2,79.32,3.63,2024-10-31 10:00:00,0.9856,77.458304,77.458304
2024,10,31,11,825.85,28.96,75.87,3.42,2024-10-31 11:00:00,0.98218,81.1133353,81.1133353
2024,10,31,12,702.92,29.46,73.57,3.08,2024-10-31 12:00:00,0.97993,68.88123956,68.88123956
2024,10,31,13,602.72,29.62,72.48,2.72,2024-10-31 13:00:00,0.97921,59.018945120000005,59.018945120000005
2024,10,31,14,456.58,29.45,73.17,2.42,2024-10-31 14:00:00,0.979975,44.743698550000005,44.743698550000005
2024,10,31,15,281.55,28.99,76.32,2.14,2024-10-31 15:00:00,0.9820450000000001,27.649476975000002,27.649476975000002
2024,10,31,16,114.7,28.36,81.38,1.83,2024-10-31 16:00:00,0.98488,11.296573599999999,11.296573599999999
2024,10,31,17,11.77,27.3,87.62,1.65,2024-10-31 17:00:00,0.98965,1.1648180499999998,1.1648180499999998
2024,10,31,18,0.0,26.29,93.12,1.63,2024-10-31 18:00:00,0.994195,0.0,0.0
2024,10,31,19,0.0,25.87,94.32,1.69,2024-10-31 19:00:00,0.996085,0.0,0.0
2024,10,31,20,0.0,25.55,95.22,1.75,2024-10-31 20:00:00,0.997525,0.0,0.0
2024,10,31,21,0.0,25.33,95.72,1.82,2024-10-31 21:00:00,0.998515,0.0,0.0
2024,10,31,22,0.0,25.17,96.1,1.94,2024-10-31 22:00:00,0.999235,0.0,0.0
2024,10,31,23,0.0,25.08,96.12,2.03,2024-10-31 23:00:00,0.99964,0.0,0.0
2024,11,1,0,0.0,24.97,96.1,2.09,2024-11-01 00:00:00,1.000135,0.0,0.0
2024,11,1,1,0.0,24.87,96.04,2.11,2024-11-01 01:00:00,1.000585,0.0,0.0
2024,11,1,2,0.0,24.79,95.9,2.12,2024-11-01 02:00:00,1.000945,0.0,0.0
2024,11,1,3,0.0,24.68,95.85,2.1,2024-11-01 03:00:00,1.00144,0.0,0.0
2024,11,1,4,0.0,24.58,95.78,2.06,2024-11-01 04:00:00,1.00189,0.0,0.0
2024,11,1,5,15.57,24.44,95.88,2.04,2024-11-01 05:00:00,1.00252,1.5609236400000002,1.5609236400000002
2024,11,1,6,125.9,25.43,93.27,2.39,2024-11-01 06:00:00,0.998065,12.565638350000002,12.565638350000002
2024,11,1,7,253.1,26.28,88.85,3.03,2024-11-01 07:00:00,0.99424,25.1642144,25.1642144
2024,11,1,8,261.85,27.17,84.09,3.02,2024-11-01 08:00:00,0.990235,25.929303475,25.929303475
2024,11,1,9,534.0,28.07,79.33,2.72,2024-11-01 09:00:00,0.986185,52.662279000000005,52.662279000000005
2024,11,1,10,609.33,29.04,74.5,2.32,2024-11-01 10:00:00,0.98182,59.82523806000001,59.82523806000001
2024,11,1,11,599.22,29.74,70.24,1.85,2024-11-01 11:00:00,0.97867,58.64386374,58.64386374
2024,11,1,12,278.15,30.02,66.95,1.36,2024-11-01 12:00:00,0.97741,27.186659149999993,27.186659149999993
2024,11,1,13,177.05,29.95,65.45,0.91,2024-11-01 13:00:00,0.977725,17.310621125,17.310621125
2024,11,1,14,89.88,29.79,65.66,0.54,2024-11-01 14:00:00,0.978445,8.79426366,8.79426366
2024,11,1,15,84.28,29.36,68.7,0.63,2024-11-01 15:00:00,0.98038,8.262642640000001,8.262642640000001
2024,11,1,16,47.45,28.69,73.37,1.01,2024-11-01 16:00:00,0.983395,4.666209275000001,4.666209275000001
2024,11,1,17,5.97,27.31,84.46,1.15,2024-11-01 17:00:00,0.989605,0.5907941849999999,0.5907941849999999
2024,11,1,18,0.0,26.16,88.96,1.4,2024-11-01 18:00:00,0.99478,0.0,0.0
2024,11,1,19,0.0,25.61,90.53,1.4,2024-11-01 19:00:00,0.997255,0.0,0.0
2024,11,1,20,0.0,25.19,91.49,1.25,2024-11-01 20:00:00,0.999145,0.0,0.0
2024,11,1,21,0.0,24.96,91.1,1.0,2024-11-01 21:00:00,1.00018,0.0,0.0
2024,11,1,22,0.0,24.93,89.23,0.64,2024-11-01 22:00:00,1.000315,0.0,0.0
2024,11,1,23,0.0,24.96,87.76,0.04,2024-11-01 23:00:00,1.00018,0.0,0.0
2024,11,2,0,0.0,24.54,91.19,0.69,2024-11-02 00:00:00,1.00207,0.0,0.0
2024,11,2,1,0.0,24.15,93.09,1.11,2024-11-02 01:00:00,1.003825,0.0,0.0
2024,11,2,2,0.0,23.91,94.74,1.38,2024-11-02 02:00:00,1.004905,0.0,0.0
2024,11,2,3,0.0,23.91,95.43,1.49,2024-11-02 03:00:00,1.004905,0.0,0.0
2024,11,2,4,0.0,23.97,96.06,1.56,2024-11-02 04:00:00,1.004635,0.0,0.0
2024,11,2,5,22.48,24.05,96.58,1.61,2024-11-02 05:00:00,1.004275,2.2576102000000002,2.2576102000000002
2024,11,2,6,198.23,25.3,93.09,1.91,2024-11-02 06:00:00,0.99865,19.796238950000003,19.796238950000003
2024,11,2,7,437.5,26.51,87.82,2.26,2024-11-02 07:00:00,0.993205,43.45271875,43.45271875
2024,11,2,8,661.65,27.66,81.9,2.3,2024-11-02 08:00:00,0.98803,65.37300495,65.37300495
2024,11,2,9,768.45,28.42,78.07,2.16,2024-11-02 09:00:00,0.98461,75.66235545,75.66235545
2024,11,2,10,832.65,29.09,74.38,1.97,2024-11-02 10:00:00,0.981595,81.732507675,81.732507675
2024,11,2,11,767.22,29.5,71.92,1.76,2024-11-02 11:00:00,0.97975,75.16837950000001,75.16837950000001
2024,11,2,12,680.85,29.83,70.25,1.58,2024-11-02 12:00:00,0.978265,66.60517252500001,66.60517252500001
2024,11,2,13,440.08,29.92,69.29,1.37,2024-11-02 13:00:00,0.97786,43.033662879999994,43.033662879999994
2024,11,2,14,317.23,29.82,69.33,1.23,2024-11-02 14:00:00,0.97831,31.034928130000004,31.034928130000004
2024,11,2,15,185.07,29.27,72.89,1.12,2024-11-02 15:00:00,0.980785,18.151387994999997,18.151387994999997
2024,11,2,16,80.47,28.86,75.5,0.81,2024-11-02 16:00:00,0.98263,7.907223610000001,7.907223610000001
2024,11,2,17,8.12,27.96,78.36,0.35,2024-11-02 17:00:00,0.98668,0.8011841599999998,0.8011841599999998
2024,11,2,18,0.0,27.36,80.91,0.22,2024-11-02 18:00:00,0.98938,0.0,0.0
2024,11,2,19,0.0,26.84,85.45,0.18,2024-11-02 19:00:00,0.99172,0.0,0.0
2024,11,2,20,0.0,26.44,86.67,0.22,2024-11-02 20:00:00,0.99352,0.0,0.0
2024,11,2,21,0.0,26.14,87.2,0.23,2024-11-02 21:00:00,0.99487,0.0,0.0
2024,11,2,22,0.0,25.9,87.97,0.24,2024-11-02 22:00:00,0.99595,0.0,0.0
2024,11,2,23,0.0,25.62,89.07,0.36,2024-11-02 23:00:00,0.99721,0.0,0.0
2024,11,3,0,0.0,25.24,91.03,0.48,2024-11-03 00:00:00,0.99892,0.0,0.0
2024,11,3,1,0.0,25.0,92.18,0.51,2024-11-03 01:00:00,1.0,0.0,0.0
2024,11,3,2,0.0,24.9,92.75,0.44,2024-11-03 02:00:00,1.00045,0.0,0.0
2024,11,3,3,0.0,24.81,93.05,0.42,2024-11-03 03:00:00,1.000855,0.0,0.0
2024,11,3,4,0.0,24.71,93.44,0.58,2024-11-03 04:00:00,1.001305,0.0,0.0
2024,11,3,5,16.02,24.47,94.84,0.85,2024-11-03 05:00:00,1.002385,1.60582077,1.60582077
2024,11,3,6,129.75,25.08,94.37,1.3,2024-11-03 06:00:00,0.99964,12.970329,12.970329
2024,11,3,7,294.38,25.81,91.26,2.1,2024-11-03 07:00:00,0.996355,29.33069849,29.33069849
2024,11,3,8,478.0,26.67,87.2,2.84,2024-11-03 08:00:00,0.992485,47.440782999999996,47.440782999999996
2024,11,3,9,608.95,27.45,81.89,3.39,2024-11-03 09:00:00,0.988975,60.223632625,60.223632625
2024,11,3,10,693.08,28.23,76.04,3.66,2024-11-03 10:00:00,0.985465,68.30060822000002,68.30060822000002
2024,11,3,11,640.83,28.74,71.8,3.73,2024-11-03 11:00:00,0.98317,63.004483109999995,63.004483109999995
2024,11,3,12,499.02,28.58,71.51,3.72,2024-11-03 12:00:00,0.98389,49.098078779999994,49.098078779999994
2024,11,3,13,273.73,28.31,72.18,3.61,2024-11-03 13:00:00,0.985105,26.965279165000005,26.965279165000005
2024,11,3,14,72.9,28.18,72.41,3.38,2024-11-03 14:00:00,0.98569,7.185680100000001,7.185680100000001
2024,11,3,15,48.65,27.96,73.24,2.98,2024-11-03 15:00:00,0.98668,4.8001982000000005,4.8001982000000005
2024,11,3,16,22.58,27.37,77.72,2.16,2024-11-03 16:00:00,0.989335,2.23391843,2.23391843
2024,11,3,17,2.75,26.36,85.13,1.51,2024-11-03 17:00:00,0.99388,0.273317,0.273317
2024,11,3,18,0.0,25.66,87.07,1.05,2024-11-03 18:00:00,0.99703,0.0,0.0
2024,11,3,19,0.0,25.53,86.07,0.65,2024-11-03 19:00:00,0.997615,0.0,0.0
2024,11,3,20,0.0,25.14,89.38,0.94,2024-11-03 20:00:00,0.99937,0.0,0.0
2024,11,3,21,0.0,24.49,95.07,1.34,2024-11-03 21:00:00,1.002295,0.0,0.0
2024,11,3,22,0.0,24.11,96.67,1.59,2024-11-03 22:00:00,1.004005,0.0,0.0
2024,11,3,23,0.0,23.93,97.81,1.83,2024-11-03 23:00:00,1.004815,0.0,0.0
2024,11,4,0,0.0,23.94,97.94,1.94,2024-11-04 00:00:00,1.00477,0.0,0.0
2024,11,4,1,0.0,23.92,97.78,2.05,2024-11-04 01:00:00,1.00486,0.0,0.0
2024,11,4,2,0.0,23.81,97.45,2.12,2024-11-04 02:00:00,1.005355,0.0,0.0
2024,11,4,3,0.0,23.6,97.25,2.09,2024-11-04 03:00:00,1.0063,0.0,0.0
2024,11,4,4,0.0,23.35,97.2,1.9,2024-11-04 04:00:00,1.007425,0.0,0.0
2024,11,4,5,15.27,23.16,97.21,1.71,2024-11-04 05:00:00,1.00828,1.53964356,1.53964356
2024,11,4,6,110.28,24.06,93.73,1.88,2024-11-04 06:00:00,1.00423,11.07464844,11.07464844
2024,11,4,7,227.32,25.18,88.19,1.72,2024-11-04 07:00:00,0.99919,22.71358708,22.71358708
2024,11,4,8,515.62,26.87,79.74,1.15,2024-11-04 08:00:00,0.991585,51.12810577,51.12810577
2024,11,4,9,683.72,27.93,74.02,0.94,2024-11-04 09:00:00,0.986815,67.47051518,67.47051518
2024,11,4,10,806.42,28.22,72.09,1.47,2024-11-04 10:00:00,0.98551,79.47349742,79.47349742
2024,11,4,11,831.08,28.29,71.74,1.68,2024-11-04 11:00:00,0.985195,81.87758606000001,81.87758606000001
2024,11,4,12,750.58,28.22,72.08,1.74,2024-11-04 12:00:00,0.98551,73.97040958000001,73.97040958000001
2024,11,4,13,577.97,28.01,72.96,1.55,2024-11-04 13:00:00,0.986455,57.01413963499999,57.01413963499999
2024,11,4,14,352.65,27.67,74.77,1.21,2024-11-04 14:00:00,0.987985,34.841291025,34.841291025
2024,11,4,15,203.88,27.27,76.88,0.74,2024-11-04 15:00:00,0.989785,20.179736580000004,20.179736580000004
2024,11,4,16,91.97,26.79,80.2,0.26,2024-11-04 16:00:00,0.991945,9.122918165,9.122918165
2024,11,4,17,7.97,26.11,83.71,0.22,2024-11-04 17:00:00,0.995005,0.7930189849999999,0.7930189849999999
2024,11,4,18,0.0,25.53,88.96,0.75,2024-11-04 18:00:00,0.997615,0.0,0.0
2024,11,4,19,0.0,24.95,93.31,1.04,2024-11-04 19:00:00,1.000225,0.0,0.0
2024,11,4,20,0.0,24.65,94.97,1.19,2024-11-04 20:00:00,1.001575,0.0,0.0
2024,11,4,21,0.0,24.46,95.97,1.26,2024-11-04 21:00:00,1.00243,0.0,0.0
2024,11,4,22,0.0,24.34,96.54,1.35,2024-11-04 22:00:00,1.00297,0.0,0.0
2024,11,4,23,0.0,24.26,96.97,1.44,2024-11-04 23:00:00,1.00333,0.0,0.0
2024,11,5,0,0.0,24.21,97.15,1.53,2024-11-05 00:00:00,1.003555,0.0,0.0
2024,11,5,1,0.0,24.14,97.52,1.61,2024-11-05 01:00:00,1.00387,0.0,0.0
2024,11,5,2,0.0,24.06,98.07,1.69,2024-11-05 02:00:00,1.00423,0.0,0.0
2024,11,5,3,0.0,23.99,98.5,1.73,2024-11-05 03:00:00,1.004545,0.0,0.0
2024,11,5,4,0.0,23.9,98.8,1.73,2024-11-05 04:00:00,1.00495,0.0,0.0
2024,11,5,5,20.98,23.83,98.84,1.7,2024-11-05 05:00:00,1.005265,2.1090459700000004,2.1090459700000004
2024,11,5,6,182.95,24.77,95.85,1.58,2024-11-05 06:00:00,1.001035,18.313935325,18.313935325
2024,11,5,7,423.12,25.83,90.38,2.58,2024-11-05 07:00:00,0.996265,42.153964679999994,42.153964679999994
2024,11,5,8,625.2,26.79,85.07,3.2,2024-11-05 08:00:00,0.991945,62.01640140000001,62.01640140000001
2024,11,5,9,751.03,27.66,80.23,3.6,2024-11-05 09:00:00,0.98803,74.20401709,74.20401709
2024,11,5,10,810.0,28.3,76.81,3.83,2024-11-05 10:00:00,0.98515,79.79715,79.79715
2024,11,5,11,807.95,28.62,75.14,4.07,2024-11-05 11:00:00,0.98371,79.47884945,79.47884945
2024,11,5,12,718.15,28.61,74.7,4.29,2024-11-05 12:00:00,0.983755,70.648365325,70.648365325
2024,11,5,13,571.25,28.16,76.87,4.36,2024-11-05 13:00:00,0.98578,56.3126825,56.3126825
2024,11,5,14,379.92,27.54,80.76,4.33,2024-11-05 14:00:00,0.98857,37.557751440000004,37.557751440000004
2024,11,5,15,229.55,26.97,85.14,4.08,2024-11-05 15:00:00,0.991135,22.751503925,22.751503925
2024,11,5,16,99.65,26.45,89.47,3.62,2024-11-05 16:00:00,0.993475,9.899978375,9.899978375
2024,11,5,17,9.48,25.86,92.64,3.3,2024-11-05 17:00:00,0.99613,0.94433124,0.94433124
2024,11,5,18,0.0,25.51,93.17,3.71,2024-11-05 18:00:00,0.997705,0.0,0.0
2024,11,5,19,0.0,25.4,92.36,4.45,2024-11-05 19:00:00,0.9982,0.0,0.0
2024,11,5,20,0.0,25.27,91.79,4.82,2024-11-05 20:00:00,0.998785,0.0,0.0
2024,11,5,21,0.0,25.04,92.1,4.47,2024-11-05 21:00:00,0.99982,0.0,0.0
2024,11,5,22,0.0,24.8,92.9,3.78,2024-11-05 22:00:00,1.0009,0.0,0.0
2024,11,5,23,0.0,24.62,93.26,3.66,2024-11-05 23:00:00,1.00171,0.0,0.0
2024,11,6,0,0.0,24.31,93.92,3.31,2024-11-06 00:00:00,1.003105,0.0,0.0
2024,11,6,1,0.0,24.0,94.28,2.98,2024-11-06 01:00:00,1.0045,0.0,0.0
2024,11,6,2,0.0,23.76,94.36,2.81,2024-11-06 02:00:00,1.00558,0.0,0.0
2024,11,6,3,0.0,23.51,94.4,2.74,2024-11-06 03:00:00,1.006705,0.0,0.0
2024,11,6,4,0.0,23.31,94.66,2.69,2024-11-06 04:00:00,1.007605,0.0,0.0
2024,11,6,5,19.27,23.25,94.77,2.63,2024-11-06 05:00:00,1.007875,1.942175125,1.942175125
2024,11,6,6,152.65,24.71,90.49,3.55,2024-11-06 06:00:00,1.001305,15.284920824999999,15.284920824999999
2024,11,6,7,338.5,26.33,83.86,4.17,2024-11-06 07:00:00,0.994015,33.64740775,33.64740775
2024,11,6,8,600.05,27.67,77.2,4.08,2024-11-06 08:00:00,0.987985,59.284039924999995,59.284039924999995
2024,11,6,9,781.5,28.54,73.4,3.4,2024-11-06 09:00:00,0.98407,76.9050705,76.9050705
2024,11,6,10,852.85,29.46,69.5,2.81,2024-11-06 10:00:00,0.97993,83.57333005,83.57333005
2024,11,6,11,857.3,30.18,66.06,2.34,2024-11-06 11:00:00,0.9766900000000001,83.73163369999999,83.73163369999999
2024,11,6,12,732.1,30.5,64.07,2.02,2024-11-06 12:00:00,0.97525,71.39805249999999,71.39805249999999
2024,11,6,13,650.47,30.51,63.35,1.79,2024-11-06 13:00:00,0.975205,63.43415963499999,63.43415963499999
2024,11,6,14,493.38,30.18,64.68,1.36,2024-11-06 14:00:00,0.9766900000000001,48.18793122,48.18793122
2024,11,6,15,308.5,29.69,66.89,0.71,2024-11-06 15:00:00,0.978895,30.19891075,30.19891075
2024,11,6,16,134.52,28.9,72.08,0.69,2024-11-06 16:00:00,0.98245,13.2159174,13.2159174
2024,11,6,17,11.27,27.81,79.69,1.1,2024-11-06 17:00:00,0.987355,1.1127490849999997,1.1127490849999997
2024,11,6,18,0.0,26.5,89.74,1.24,2024-11-06 18:00:00,0.99325,0.0,0.0
2024,11,6,19,0.0,25.92,91.92,1.39,2024-11-06 19:00:00,0.99586,0.0,0.0
2024,11,6,20,0.0,25.43,93.54,1.46,2024-11-06 20:00:00,0.998065,0.0,0.0
2024,11,6,21,0.0,25.08,94.62,1.43,2024-11-06 21:00:00,0.99964,0.0,0.0
2024,11,6,22,0.0,24.86,95.47,1.39,2024-11-06 22:00:00,1.00063,0.0,0.0
2024,11,6,23,0.0,24.68,95.96,1.38,2024-11-06 23:00:00,1.00144,0.0,0.0
2024,11,7,0,0.0,24.51,96.43,1.44,2024-11-07 00:00:00,1.002205,0.0,0.0
2024,11,7,1,0.0,24.35,96.95,1.58,2024-11-07 01:00:00,1.002925,0.0,0.0
2024,11,7,2,0.0,24.25,97.16,1.73,2024-11-07 02:00:00,1.003375,0.0,0.0
2024,11,7,3,0.0,24.15,97.22,1.89,2024-11-07 03:00:00,1.003825,0.0,0.0
2024,11,7,4,0.0,23.98,97.52,1.99,2024-11-07 04:00:00,1.00459,0.0,0.0
2024,11,7,5,23.05,24.02,97.21,1.98,2024-11-07 05:00:00,1.00441,2.31516505,2.31516505
2024,11,7,6,194.57,25.46,92.75,2.73,2024-11-07 06:00:00,0.99793,19.41672401,19.41672401
2024,11,7,7,428.33,26.9,85.44,3.31,2024-11-07 07:00:00,0.99145,42.46677785,42.46677785
2024,11,7,8,658.53,28.2,78.01,3.41,2024-11-07 08:00:00,0.9856,64.9047168,64.9047168
2024,11,7,9,787.58,29.22,73.02,3.19,2024-11-07 09:00:00,0.98101,77.26238558000001,77.26238558000001
2024,11,7,10,866.42,29.94,69.7,3.21,2024-11-07 10:00:00,0.97777,84.71594834,84.71594834
2024,11,7,11,837.17,30.54,67.4,3.3,2024-11-07 11:00:00,0.97507,81.62993519,81.62993519
2024,11,7,12,752.08,30.76,65.94,3.32,2024-11-07 12:00:00,0.97408,73.25860864,73.25860864
2024,11,7,13,577.0,30.7,66.24,3.3,2024-11-07 13:00:00,0.97435,56.219995,56.219995
2024,11,7,14,416.6,29.92,69.97,3.35,2024-11-07 14:00:00,0.97786,40.7376476,40.7376476
2024,11,7,15,250.25,28.92,74.93,3.44,2024-11-07 15:00:00,0.98236,24.583558999999997,24.583558999999997
2024,11,7,16,105.28,27.82,81.38,3.19,2024-11-07 16:00:00,0.98731,10.394399680000001,10.394399680000001
2024,11,7,17,9.35,26.7,88.72,2.63,2024-11-07 17:00:00,0.99235,0.9278472499999999,0.9278472499999999
2024,11,7,18,0.0,26.07,92.6,2.38,2024-11-07 18:00:00,0.995185,0.0,0.0
2024,11,7,19,0.0,25.84,93.84,2.37,2024-11-07 19:00:00,0.99622,0.0,0.0
2024,11,7,20,0.0,25.7,94.33,2.31,2024-11-07 20:00:00,0.99685,0.0,0.0
2024,11,7,21,0.0,25.56,94.7,2.18,2024-11-07 21:00:00,0.99748,0.0,0.0
2024,11,7,22,0.0,25.4,95.05,2.04,2024-11-07 22:00:00,0.9982,0.0,0.0
2024,11,7,23,0.0,25.2,95.44,1.98,2024-11-07 23:00:00,0.9991,0.0,0.0
2024,11,8,0,0.0,25.01,95.96,1.89,2024-11-08 00:00:00,0.999955,0.0,0.0
2024,11,8,1,0.0,24.82,96.5,1.77,2024-11-08 01:00:00,1.00081,0.0,0.0
2024,11,8,2,0.0,24.57,96.77,1.75,2024-11-08 02:00:00,1.001935,0.0,0.0
2024,11,8,3,0.0,24.45,96.78,1.67,2024-11-08 03:00:00,1.002475,0.0,0.0
2024,11,8,4,0.0,24.42,96.34,1.51,2024-11-08 04:00:00,1.00261,0.0,0.0
2024,11,8,5,20.38,24.39,96.08,1.32,2024-11-08 05:00:00,1.002745,2.04359431,2.04359431
2024,11,8,6,160.38,24.89,95.69,1.18,2024-11-08 06:00:00,1.000495,16.04593881,16.04593881
2024,11,8,7,359.35,25.39,93.25,1.14,2024-11-08 07:00:00,0.998245,35.871934075000006,35.871934075000006
2024,11,8,8,496.8,25.62,91.03,1.59,2024-11-08 08:00:00,0.99721,49.541392800000004,49.541392800000004
2024,11,8,9,541.53,25.83,90.19,2.07,2024-11-08 09:00:00,0.996265,53.95073854499999,53.95073854499999
2024,11,8,10,649.75,25.95,89.3,2.39,2024-11-08 10:00:00,0.995725,64.697231875,64.697231875
2024,11,8,11,694.67,25.98,88.91,2.78,2024-11-08 11:00:00,0.99559,69.16065053,69.16065053
2024,11,8,12,677.58,25.9,88.86,3.14,2024-11-08 12:00:00,0.99595,67.48358010000001,67.48358010000001
2024,11,8,13,540.58,25.75,89.24,3.53,2024-11-08 13:00:00,0.996625,53.87555425000001,53.87555425000001
2024,11,8,14,455.8,25.5,90.26,3.92,2024-11-08 14:00:00,0.99775,45.47744500000001,45.47744500000001
2024,11,8,15,279.08,25.14,92.12,4.14,2024-11-08 15:00:00,0.99937,27.89041796,27.89041796
2024,11,8,16,121.38,24.83,94.0,4.04,2024-11-08 16:00:00,1.000765,12.14728557,12.14728557
2024,11,8,17,10.6,24.58,95.36,3.51,2024-11-08 17:00:00,1.00189,1.0620034,1.0620034
2024,11,8,18,0.0,24.41,95.88,3.23,2024-11-08 18:00:00,1.002655,0.0,0.0
2024,11,8,19,0.0,24.34,95.93,3.0,2024-11-08 19:00:00,1.00297,0.0,0.0
2024,11,8,20,0.0,24.27,96.1,2.71,2024-11-08 20:00:00,1.003285,0.0,0.0
2024,11,8,21,0.0,24.22,96.32,2.49,2024-11-08 21:00:00,1.00351,0.0,0.0
2024,11,8,22,0.0,24.21,96.49,2.41,2024-11-08 22:00:00,1.003555,0.0,0.0
2024,11,8,23,0.0,24.17,96.87,2.23,2024-11-08 23:00:00,1.003735,0.0,0.0
2024,11,9,0,0.0,24.15,97.15,2.05,2024-11-09 00:00:00,1.003825,0.0,0.0
2024,11,9,1,0.0,24.13,97.31,2.0,2024-11-09 01:00:00,1.0039150000000001,0.0,0.0
2024,11,9,2,0.0,23.98,97.97,2.04,2024-11-09 02:00:00,1.00459,0.0,0.0
2024,11,9,3,0.0,23.93,98.42,2.12,2024-11-09 03:00:00,1.004815,0.0,0.0
2024,11,9,4,0.0,23.96,98.62,2.19,2024-11-09 04:00:00,1.00468,0.0,0.0
2024,11,9,5,22.75,24.05,98.59,2.27,2024-11-09 05:00:00,1.004275,2.284725625,2.284725625
2024,11,9,6,187.35,25.0,96.05,2.74,2024-11-09 06:00:00,1.0,18.735,18.735
2024,11,9,7,413.65,25.89,93.38,3.48,2024-11-09 07:00:00,0.995995,41.19933317499999,41.19933317499999
2024,11,9,8,616.55,26.49,91.06,3.49,2024-11-09 08:00:00,0.993295,61.241603225,61.241603225
2024,11,9,9,658.15,27.21,87.2,3.68,2024-11-09 09:00:00,0.990055,65.16046982499999,65.16046982499999
2024,11,9,10,758.38,28.66,79.31,3.95,2024-11-09 10:00:00,0.98353,74.58894814,74.58894814
2024,11,9,11,719.28,29.7,72.62,3.8,2024-11-09 11:00:00,0.97885,70.4067228,70.4067228
2024,11,9,12,617.62,29.62,72.15,3.33,2024-11-09 12:00:00,0.97921,60.477968020000006,60.477968020000006
2024,11,9,13,491.02,28.79,76.19,3.36,2024-11-09 13:00:00,0.982945,48.264565389999994,48.264565389999994
2024,11,9,14,180.3,27.67,82.02,3.71,2024-11-09 14:00:00,0.987985,17.81336955,17.81336955
2024,11,9,15,110.07,26.54,87.98,3.86,2024-11-09 15:00:00,0.99307,10.930721489999998,10.930721489999998
2024,11,9,16,45.92,25.9,91.56,3.7,2024-11-09 16:00:00,0.99595,4.573402400000001,4.573402400000001
2024,11,9,17,3.75,25.31,94.79,2.94,2024-11-09 17:00:00,0.998605,0.374476875,0.374476875
2024,11,9,18,0.0,24.9,96.22,2.63,2024-11-09 18:00:00,1.00045,0.0,0.0
2024,11,9,19,0.0,24.74,96.26,2.77,2024-11-09 19:00:00,1.0011700000000001,0.0,0.0
2024,11,9,20,0.0,24.58,96.48,2.67,2024-11-09 20:00:00,1.00189,0.0,0.0
2024,11,9,21,0.0,24.48,96.57,2.68,2024-11-09 21:00:00,1.00234,0.0,0.0
2024,11,9,22,0.0,24.45,96.67,2.86,2024-11-09 22:00:00,1.002475,0.0,0.0
2024,11,9,23,0.0,24.46,96.81,2.97,2024-11-09 23:00:00,1.00243,0.0,0.0
2024,11,10,0,0.0,24.54,96.68,2.97,2024-11-10 00:00:00,1.00207,0.0,0.0
2024,11,10,1,0.0,24.61,96.57,2.9,2024-11-10 01:00:00,1.001755,0.0,0.0
2024,11,10,2,0.0,24.51,96.97,2.53,2024-11-10 02:00:00,1.002205,0.0,0.0
2024,11,10,3,0.0,24.35,97.47,2.2,2024-11-10 03:00:00,1.002925,0.0,0.0
2024,11,10,4,0.0,24.23,97.5,1.92,2024-11-10 04:00:00,1.003465,0.0,0.0
2024,11,10,5,14.68,24.13,97.27,1.8,2024-11-10 05:00:00,1.0039150000000001,1.4737472200000001,1.4737472200000001
2024,11,10,6,124.8,24.77,94.9,2.65,2024-11-10 06:00:00,1.001035,12.492916799999998,12.492916799999998
2024,11,10,7,259.23,25.31,91.5,3.0,2024-11-10 07:00:00,0.998605,25.886837415000002,25.886837415000002
2024,11,10,8,470.27,25.99,87.05,2.94,2024-11-10 08:00:00,0.995545,46.817494714999995,46.817494714999995
2024,11,10,9,638.83,26.45,83.76,2.73,2024-11-10 09:00:00,0.993475,63.466163425000005,63.466163425000005
2024,11,10,10,685.7,26.81,81.63,2.48,2024-11-10 10:00:00,0.991855,68.01149735000001,68.01149735000001
2024,11,10,11,657.45,27.06,80.4,2.57,2024-11-10 11:00:00,0.99073,65.13554385,65.13554385
2024,11,10,12,611.15,26.98,80.12,3.05,2024-11-10 12:00:00,0.99109,60.57046535,60.57046535
2024,11,10,13,485.55,26.5,81.18,3.47,2024-11-10 13:00:00,0.99325,48.22725375,48.22725375
2024,11,10,14,358.55,25.89,82.76,3.56,2024-11-10 14:00:00,0.995995,35.711400725000004,35.711400725000004
2024,11,10,15,215.18,25.25,84.5,3.35,2024-11-10 15:00:00,0.998875,21.49379225,21.49379225
2024,11,10,16,95.82,24.56,86.9,2.89,2024-11-10 16:00:00,1.00198,9.60097236,9.60097236
2024,11,10,17,6.65,23.85,90.28,2.15,2024-11-10 17:00:00,1.005175,0.668441375,0.668441375
2024,11,10,18,0.0,23.32,93.05,1.35,2024-11-10 18:00:00,1.00756,0.0,0.0
2024,11,10,19,0.0,23.16,92.37,0.93,2024-11-10 19:00:00,1.00828,0.0,0.0
2024,11,10,20,0.0,23.06,93.07,0.65,2024-11-10 20:00:00,1.00873,0.0,0.0
2024,11,10,21,0.0,23.0,94.9,0.72,2024-11-10 21:00:00,1.009,0.0,0.0
2024,11,10,22,0.0,23.02,95.15,0.79,2024-11-10 22:00:00,1.00891,0.0,0.0
2024,11,10,23,0.0,23.02,95.63,0.87,2024-11-10 23:00:00,1.00891,0.0,0.0
2024,11,11,0,0.0,22.98,96.2,1.11,2024-11-11 00:00:00,1.00909,0.0,0.0
2024,11,11,1,0.0,22.96,96.34,1.5,2024-11-11 01:00:00,1.00918,0.0,0.0
2024,11,11,2,0.0,22.98,96.3,1.85,2024-11-11 02:00:00,1.00909,0.0,0.0
2024,11,11,3,0.0,23.11,96.89,1.81,2024-11-11 03:00:00,1.008505,0.0,0.0
2024,11,11,4,0.0,23.46,97.41,1.61,2024-11-11 04:00:00,1.00693,0.0,0.0
2024,11,11,5,16.95,23.85,97.29,1.68,2024-11-11 05:00:00,1.005175,1.703771625,1.703771625
2024,11,11,6,128.43,24.71,96.01,2.21,2024-11-11 06:00:00,1.001305,12.859760115,12.859760115
2024,11,11,7,293.42,25.97,92.17,3.68,2024-11-11 07:00:00,0.995635,29.213922170000004,29.213922170000004
2024,11,11,8,465.85,26.76,90.53,3.93,2024-11-11 08:00:00,0.99208,46.2160468,46.2160468
2024,11,11,9,598.95,27.24,89.27,3.54,2024-11-11 09:00:00,0.98992,59.29125840000001,59.29125840000001
2024,11,11,10,692.55,27.44,88.92,3.13,2024-11-11 10:00:00,0.98902,68.4945801,68.4945801
2024,11,11,11,641.8,27.31,89.44,2.68,2024-11-11 11:00:00,0.989605,63.51284889999999,63.51284889999999
2024,11,11,12,558.67,27.31,89.08,2.51,2024-11-11 12:00:00,0.989605,55.28626253499999,55.28626253499999
2024,11,11,13,358.77,27.3,88.57,2.44,2024-11-11 13:00:00,0.98965,35.50567305,35.50567305
2024,11,11,14,134.77,27.07,88.99,2.67,2024-11-11 14:00:00,0.990685,13.351461745,13.351461745
2024,11,11,15,112.8,26.68,90.41,2.67,2024-11-11 15:00:00,0.99244,11.194723199999999,11.194723199999999
2024,11,11,16,36.08,26.22,92.21,2.46,2024-11-11 16:00:00,0.99451,3.5881920800000002,3.5881920800000002
2024,11,11,17,3.53,25.5,94.67,1.93,2024-11-11 17:00:00,0.99775,0.35220575,0.35220575
2024,11,11,18,0.0,24.9,95.51,1.68,2024-11-11 18:00:00,1.00045,0.0,0.0
2024,11,11,19,0.0,24.59,95.43,1.51,2024-11-11 19:00:00,1.001845,0.0,0.0
2024,11,11,20,0.0,24.33,95.45,1.42,2024-11-11 20:00:00,1.003015,0.0,0.0
2024,11,11,21,0.0,24.04,95.56,1.33,2024-11-11 21:00:00,1.00432,0.0,0.0
2024,11,11,22,0.0,23.79,95.4,1.21,2024-11-11 22:00:00,1.005445,0.0,0.0
2024,11,11,23,0.0,23.6,94.85,1.1,2024-11-11 23:00:00,1.0063,0.0,0.0
2024,11,12,0,0.0,23.47,94.2,0.93,2024-11-12 00:00:00,1.006885,0.0,0.0
2024,11,12,1,0.0,23.39,93.8,0.64,2024-11-12 01:00:00,1.007245,0.0,0.0
2024,11,12,2,0.0,23.34,93.4,0.45,2024-11-12 02:00:00,1.00747,0.0,0.0
2024,11,12,3,0.0,23.24,93.37,0.45,2024-11-12 03:00:00,1.00792,0.0,0.0
2024,11,12,4,0.0,22.93,94.62,0.74,2024-11-12 04:00:00,1.009315,0.0,0.0
2024,11,12,5,20.3,22.7,96.11,1.21,2024-11-12 05:00:00,1.01035,2.0510105000000003,2.0510105000000003
2024,11,12,6,155.38,23.91,93.78,1.87,2024-11-12 06:00:00,1.004905,15.614213889999997,15.614213889999997
2024,11,12,7,345.73,25.7,86.12,2.48,2024-11-12 07:00:00,0.99685,34.46409505,34.46409505
2024,11,12,8,547.03,27.54,77.13,2.55,2024-11-12 08:00:00,0.98857,54.07774471,54.07774471
2024,11,12,9,729.42,28.97,70.8,2.23,2024-11-12 09:00:00,0.982135,71.63889117,71.63889117
2024,11,12,10,806.78,30.03,66.27,2.06,2024-11-12 10:00:00,0.977365,78.85185347,78.85185347
2024,11,12,11,741.47,30.53,64.17,2.07,2024-11-12 11:00:00,0.975115,72.301851905,72.301851905
2024,11,12,12,657.72,30.73,63.38,2.09,2024-11-12 12:00:00,0.974215,64.07606898,64.07606898
2024,11,12,13,518.65,30.62,63.66,1.88,2024-11-12 13:00:00,0.97471,50.55333414999999,50.55333414999999
2024,11,12,14,343.75,30.39,64.5,1.71,2024-11-12 14:00:00,0.975745,33.541234375,33.541234375
2024,11,12,15,198.38,29.87,66.66,1.83,2024-11-12 15:00:00,0.978085,19.40325023,19.40325023
2024,11,12,16,96.5,28.77,73.57,1.92,2024-11-12 16:00:00,0.983035,9.48628775,9.48628775
2024,11,12,17,8.38,27.38,82.46,1.89,2024-11-12 17:00:00,0.98929,0.8290250200000001,0.8290250200000001
2024,11,12,18,0.0,26.07,91.69,1.62,2024-11-12 18:00:00,0.995185,0.0,0.0
2024,11,12,19,0.0,25.62,93.67,1.57,2024-11-12 19:00:00,0.99721,0.0,0.0
2024,11,12,20,0.0,25.3,95.08,1.46,2024-11-12 20:00:00,0.99865,0.0,0.0
2024,11,12,21,0.0,25.06,95.49,1.26,2024-11-12 21:00:00,0.99973,0.0,0.0
2024,11,12,22,0.0,25.0,95.03,1.0,2024-11-12 22:00:00,1.0,0.0,0.0
2024,11,12,23,0.0,24.98,94.88,0.75,2024-11-12 23:00:00,1.00009,0.0,0.0
2024,11,13,0,0.0,25.01,94.31,0.53,2024-11-13 00:00:00,0.999955,0.0,0.0
2024,11,13,1,0.0,25.05,93.65,0.45,2024-11-13 01:00:00,0.999775,0.0,0.0
2024,11,13,2,0.0,24.95,93.7,0.54,2024-11-13 02:00:00,1.000225,0.0,0.0
2024,11,13,3,0.0,24.7,94.58,0.78,2024-11-13 03:00:00,1.00135,0.0,0.0
2024,11,13,4,0.0,24.57,94.86,1.02,2024-11-13 04:00:00,1.001935,0.0,0.0
2024,11,13,5,20.45,24.45,95.04,1.2,2024-11-13 05:00:00,1.002475,2.050061375,2.050061375
2024,11,13,6,152.85,25.29,93.94,1.24,2024-11-13 06:00:00,0.998695,15.265053074999999,15.265053074999999
2024,11,13,7,343.67,26.43,87.72,1.62,2024-11-13 07:00:00,0.993565,34.145848355000005,34.145848355000005
2024,11,13,8,587.67,27.81,81.06,1.59,2024-11-13 08:00:00,0.987355,58.02389128499999,58.02389128499999
2024,11,13,9,726.83,29.06,74.91,1.51,2024-11-13 09:00:00,0.98173,71.35508159000001,71.35508159000001
2024,11,13,10,805.15,29.85,71.13,1.36,2024-11-13 10:00:00,0.978175,78.757760125,78.757760125
2024,11,13,11,770.62,30.51,68.19,1.2,2024-11-13 11:00:00,0.975205,75.15124770999999,75.15124770999999
2024,11,13,12,713.65,31.13,65.69,1.07,2024-11-13 12:00:00,0.972415,69.396396475,69.396396475
2024,11,13,13,536.4,31.25,64.15,0.97,2024-11-13 13:00:00,0.971875,52.131375000000006,52.131375000000006
2024,11,13,14,339.1,31.05,64.18,0.94,2024-11-13 14:00:00,0.972775,32.98680025,32.98680025
2024,11,13,15,203.98,30.46,68.49,0.82,2024-11-13 15:00:00,0.97543,19.89682114,19.89682114
2024,11,13,16,93.03,30.01,69.0,0.74,2024-11-13 16:00:00,0.977455,9.093263865,9.093263865
2024,11,13,17,8.9,29.09,73.01,0.63,2024-11-13 17:00:00,0.981595,0.87361955,0.87361955
2024,11,13,18,0.0,28.33,77.64,0.47,2024-11-13 18:00:00,0.985015,0.0,0.0
2024,11,13,19,0.0,27.88,83.13,0.26,2024-11-13 19:00:00,0.98704,0.0,0.0
2024,11,13,20,0.0,27.57,83.78,0.06,2024-11-13 20:00:00,0.988435,0.0,0.0
2024,11,13,21,0.0,27.17,85.19,0.14,2024-11-13 21:00:00,0.990235,0.0,0.0
2024,11,13,22,0.0,26.7,85.89,0.31,2024-11-13 22:00:00,0.99235,0.0,0.0
2024,11,13,23,0.0,26.28,87.82,0.36,2024-11-13 23:00:00,0.99424,0.0,0.0
2024,11,14,0,0.0,25.97,89.02,0.38,2024-11-14 00:00:00,0.995635,0.0,0.0
2024,11,14,1,0.0,25.87,89.18,0.32,2024-11-14 01:00:00,0.996085,0.0,0.0
2024,11,14,2,0.0,25.71,89.68,0.28,2024-11-14 02:00:00,0.9968049999999999,0.0,0.0
2024,11,14,3,0.0,25.47,90.61,0.48,2024-11-14 03:00:00,0.997885,0.0,0.0
2024,11,14,4,0.0,25.11,92.13,0.7,2024-11-14 04:00:00,0.999505,0.0,0.0
2024,11,14,5,21.27,24.94,92.77,0.92,2024-11-14 05:00:00,1.00027,2.12757429,2.12757429
2024,11,14,6,164.73,25.65,91.72,1.2,2024-11-14 06:00:00,0.997075,16.424816475,16.424816475
2024,11,14,7,382.0,26.91,85.36,1.72,2024-11-14 07:00:00,0.991405,37.871671,37.871671
2024,11,14,8,554.2,28.16,79.31,2.13,2024-11-14 08:00:00,0.98578,54.631927600000004,54.631927600000004
2024,11,14,9,668.75,29.19,74.2,2.4,2024-11-14 09:00:00,0.981145,65.61407187500001,65.61407187500001
2024,11,14,10,701.12,30.3,69.14,2.53,2024-11-14 10:00:00,0.97615,68.43982879999999,68.43982879999999
2024,11,14,11,717.4,31.11,64.6,2.53,2024-11-14 11:00:00,0.972505,69.7675087,69.7675087
2024,11,14,12,681.65,31.35,62.33,2.47,2024-11-14 12:00:00,0.971425,66.21718512499999,66.21718512499999
2024,11,14,13,564.65,31.48,61.53,2.41,2024-11-14 13:00:00,0.97084,54.8184806,54.8184806
2024,11,14,14,420.02,31.54,61.59,2.5,2024-11-14 14:00:00,0.97057,40.765881140000005,40.765881140000005
2024,11,14,15,254.23,30.98,64.03,2.67,2024-11-14 15:00:00,0.97309,24.73886707,24.73886707
2024,11,14,16,106.32,29.72,71.77,2.66,2024-11-14 16:00:00,0.97876,10.40617632,10.40617632
2024,11,14,17,11.0,28.02,82.67,2.52,2024-11-14 17:00:00,0.98641,1.085051,1.085051
2024,11,14,18,0.0,26.42,91.96,2.2,2024-11-14 18:00:00,0.99361,0.0,0.0
2024,11,14,19,0.0,25.95,94.02,2.2,2024-11-14 19:00:00,0.995725,0.0,0.0
2024,11,14,20,0.0,25.61,95.19,2.14,2024-11-14 20:00:00,0.997255,0.0,0.0
2024,11,14,21,0.0,25.33,95.62,2.14,2024-11-14 21:00:00,0.998515,0.0,0.0
2024,11,14,22,0.0,25.05,95.89,2.16,2024-11-14 22:00:00,0.999775,0.0,0.0
2024,11,14,23,0.0,24.77,96.16,2.13,2024-11-14 23:00:00,1.001035,0.0,0.0
2024,11,15,0,0.0,24.53,96.28,2.08,2024-11-15 00:00:00,1.002115,0.0,0.0
2024,11,15,1,0.0,24.28,96.41,2.02,2024-11-15 01:00:00,1.00324,0.0,0.0
2024,11,15,2,0.0,24.02,96.71,1.96,2024-11-15 02:00:00,1.00441,0.0,0.0
2024,11,15,3,0.0,23.78,96.91,1.93,2024-11-15 03:00:00,1.00549,0.0,0.0
2024,11,15,4,0.0,23.57,97.28,1.95,2024-11-15 04:00:00,1.006435,0.0,0.0
2024,11,15,5,17.35,23.59,97.15,1.95,2024-11-15 05:00:00,1.006345,1.7460085750000003,1.7460085750000003
2024,11,15,6,132.75,25.33,92.2,2.48,2024-11-15 06:00:00,0.998515,13.255286625,13.255286625
2024,11,15,7,311.38,26.58,87.36,3.0,2024-11-15 07:00:00,0.99289,30.91660882,30.91660882
2024,11,15,8,515.78,27.96,80.06,3.16,2024-11-15 08:00:00,0.98668,50.89098104,50.89098104
2024,11,15,9,645.47,29.24,73.03,3.12,2024-11-15 09:00:00,0.98092,63.31544324,63.31544324
2024,11,15,10,732.25,30.0,69.58,2.8,2024-11-15 10:00:00,0.9775,71.5774375,71.5774375
2024,11,15,11,652.1,30.25,68.5,2.28,2024-11-15 11:00:00,0.976375,63.669413750000004,63.669413750000004
2024,11,15,12,518.9,30.45,67.98,1.81,2024-11-15 12:00:00,0.975475,50.61739775,50.61739775
2024,11,15,13,467.67,30.66,67.22,1.63,2024-11-15 13:00:00,0.97453,45.57584451,45.57584451
2024,11,15,14,293.08,30.12,69.77,2.02,2024-11-15 14:00:00,0.97696,28.63274368,28.63274368
2024,11,15,15,200.15,29.09,75.76,2.51,2024-11-15 15:00:00,0.981595,19.646623925,19.646623925
2024,11,15,16,95.12,27.95,82.88,2.62,2024-11-15 16:00:00,0.986725,9.3857282,9.3857282
2024,11,15,17,9.05,26.95,89.68,2.36,2024-11-15 17:00:00,0.991225,0.897058625,0.897058625
2024,11,15,18,0.0,26.38,93.59,2.17,2024-11-15 18:00:00,0.99379,0.0,0.0
2024,11,15,19,0.0,26.19,94.83,2.19,2024-11-15 19:00:00,0.994645,0.0,0.0
2024,11,15,20,0.0,26.11,95.31,2.27,2024-11-15 20:00:00,0.995005,0.0,0.0
2024,11,15,21,0.0,26.04,95.65,2.4,2024-11-15 21:00:00,0.99532,0.0,0.0
2024,11,15,22,0.0,25.98,95.78,2.71,2024-11-15 22:00:00,0.99559,0.0,0.0
2024,11,15,23,0.0,25.92,95.82,3.04,2024-11-15 23:00:00,0.99586,0.0,0.0
2024,11,16,0,0.0,25.84,95.84,3.39,2024-11-16 00:00:00,0.99622,0.0,0.0
2024,11,16,1,0.0,25.76,95.45,3.99,2024-11-16 01:00:00,0.99658,0.0,0.0
2024,11,16,2,0.0,25.66,95.36,4.42,2024-11-16 02:00:00,0.99703,0.0,0.0
2024,11,16,3,0.0,25.59,95.3,4.79,2024-11-16 03:00:00,0.997345,0.0,0.0
2024,11,16,4,0.0,25.4,95.76,4.09,2024-11-16 04:00:00,0.9982,0.0,0.0
2024,11,16,5,13.95,25.34,95.47,3.79,2024-11-16 05:00:00,0.99847,1.3928656499999998,1.3928656499999998
2024,11,16,6,112.4,25.58,94.35,3.91,2024-11-16 06:00:00,0.99739,11.2106636,11.2106636
2024,11,16,7,255.98,25.95,92.1,4.87,2024-11-16 07:00:00,0.995725,25.488568549999997,25.488568549999997
2024,11,16,8,419.48,26.33,89.68,4.78,2024-11-16 08:00:00,0.994015,41.69694122,41.69694122
2024,11,16,9,544.17,26.85,85.74,4.15,2024-11-16 09:00:00,0.991675,53.96397847499999,53.96397847499999
2024,11,16,10,566.67,27.55,81.51,3.53,2024-11-16 10:00:00,0.988525,56.016746175,56.016746175
2024,11,16,11,500.6,28.35,77.57,3.29,2024-11-16 11:00:00,0.984925,49.3053455,49.3053455
2024,11,16,12,440.25,29.23,73.64,3.24,2024-11-16 12:00:00,0.980965,43.186984124999995,43.186984124999995
2024,11,16,13,183.98,29.78,71.42,3.14,2024-11-16 13:00:00,0.97849,18.002259019999997,18.002259019999997
2024,11,16,14,111.22,29.78,71.79,2.96,2024-11-16 14:00:00,0.97849,10.88276578,10.88276578
2024,11,16,15,97.93,29.45,73.99,2.76,2024-11-16 15:00:00,0.979975,9.596895175000002,9.596895175000002
2024,11,16,16,48.85,28.77,79.27,2.18,2024-11-16 16:00:00,0.983035,4.802125975000001,4.802125975000001
2024,11,16,17,4.72,27.65,86.82,1.69,2024-11-16 17:00:00,0.988075,0.46637139999999994,0.46637139999999994
2024,11,16,18,0.0,26.7,91.24,1.48,2024-11-16 18:00:00,0.99235,0.0,0.0
2024,11,16,19,0.0,26.36,92.86,1.39,2024-11-16 19:00:00,0.99388,0.0,0.0
2024,11,16,20,0.0,26.12,93.6,1.29,2024-11-16 20:00:00,0.99496,0.0,0.0
2024,11,16,21,0.0,26.01,93.39,1.13,2024-11-16 21:00:00,0.995455,0.0,0.0
2024,11,16,22,0.0,25.99,92.55,0.87,2024-11-16 22:00:00,0.995545,0.0,0.0
2024,11,16,23,0.0,25.86,92.75,0.68,2024-11-16 23:00:00,0.99613,0.0,0.0
2024,11,17,0,0.0,25.75,92.86,0.6,2024-11-17 00:00:00,0.996625,0.0,0.0
2024,11,17,1,0.0,25.61,93.81,0.5,2024-11-17 01:00:00,0.997255,0.0,0.0
2024,11,17,2,0.0,25.47,94.69,0.4,2024-11-17 02:00:00,0.997885,0.0,0.0
2024,11,17,3,0.0,25.38,94.67,0.3,2024-11-17 03:00:00,0.99829,0.0,0.0
2024,11,17,4,0.0,25.33,94.53,0.15,2024-11-17 04:00:00,0.998515,0.0,0.0
2024,11,17,5,19.95,25.26,94.59,0.14,2024-11-17 05:00:00,0.99883,1.9926658499999998,1.9926658499999998
2024,11,17,6,161.85,25.6,94.91,0.27,2024-11-17 06:00:00,0.9973,16.1413005,16.1413005
2024,11,17,7,375.25,26.1,91.7,0.6,2024-11-17 07:00:00,0.99505,37.33925125,37.33925125
2024,11,17,8,587.25,26.33,89.8,1.15,2024-11-17 08:00:00,0.994015,58.37353087500001,58.37353087500001
2024,11,17,9,724.0,26.52,88.07,1.63,2024-11-17 09:00:00,0.99316,71.90478399999999,71.90478399999999
2024,11,17,10,797.67,26.83,85.41,1.88,2024-11-17 10:00:00,0.991765,79.110118755,79.110118755
2024,11,17,11,783.15,27.2,82.64,1.95,2024-11-17 11:00:00,0.9901,77.5396815,77.5396815
2024,11,17,12,724.22,27.55,80.5,1.87,2024-11-17 12:00:00,0.988525,71.59095755,71.59095755
2024,11,17,13,458.08,27.92,78.9,1.75,2024-11-17 13:00:00,0.98686,45.20608288,45.20608288
2024,11,17,14,355.15,28.23,78.07,1.7,2024-11-17 14:00:00,0.985465,34.998789474999995,34.998789474999995
2024,11,17,15,231.4,28.38,78.11,1.55,2024-11-17 15:00:00,0.98479,22.788040600000002,22.788040600000002
2024,11,17,16,103.8,28.12,80.83,1.22,2024-11-17 16:00:00,0.98596,10.2342648,10.2342648
2024,11,17,17,10.38,27.28,84.66,0.77,2024-11-17 17:00:00,0.98974,1.02735012,1.02735012
2024,11,17,18,0.0,26.72,84.27,0.36,2024-11-17 18:00:00,0.99226,0.0,0.0
2024,11,17,19,0.0,26.54,83.28,0.3,2024-11-17 19:00:00,0.99307,0.0,0.0
2024,11,17,20,0.0,25.91,86.12,0.69,2024-11-17 20:00:00,0.995905,0.0,0.0
2024,11,17,21,0.0,25.42,88.06,0.98,2024-11-17 21:00:00,0.9981099999999999,0.0,0.0
2024,11,17,22,0.0,25.05,89.28,1.05,2024-11-17 22:00:00,0.999775,0.0,0.0
2024,11,17,23,0.0,24.8,89.84,0.99,2024-11-17 23:00:00,1.0009,0.0,0.0
2024,11,18,0,0.0,24.57,90.51,0.86,2024-11-18 00:00:00,1.001935,0.0,0.0
2024,11,18,1,0.0,24.25,91.9,0.73,2024-11-18 01:00:00,1.003375,0.0,0.0
2024,11,18,2,0.0,24.0,93.04,0.7,2024-11-18 02:00:00,1.0045,0.0,0.0
2024,11,18,3,0.0,23.73,94.4,0.84,2024-11-18 03:00:00,1.005715,0.0,0.0
2024,11,18,4,0.0,23.44,95.71,1.12,2024-11-18 04:00:00,1.00702,0.0,0.0
2024,11,18,5,23.65,23.27,96.36,1.26,2024-11-18 05:00:00,1.007785,2.3834115249999996,2.3834115249999996
2024,11,18,6,180.65,24.78,92.42,1.45,2024-11-18 06:00:00,1.00099,18.08288435,18.08288435
2024,11,18,7,380.12,26.49,85.33,1.38,2024-11-18 07:00:00,0.993295,37.75712954,37.75712954
2024,11,18,8,602.75,27.98,78.86,1.28,2024-11-18 08:00:00,0.98659,59.46671224999999,59.46671224999999
2024,11,18,9,750.17,29.14,73.76,1.33,2024-11-18 09:00:00,0.98137,73.61943328999999,73.61943328999999
2024,11,18,10,826.72,29.97,70.21,1.29,2024-11-18 10:00:00,0.977635,80.82304072,80.82304072
2024,11,18,11,805.88,30.58,67.89,1.22,2024-11-18 11:00:00,0.97489,78.56443532000002,78.56443532000002
2024,11,18,12,724.33,31.0,66.09,1.19,2024-11-18 12:00:00,0.973,70.477309,70.477309
2024,11,18,13,508.5,30.98,65.4,1.12,2024-11-18 13:00:00,0.97309,49.4816265,49.4816265
2024,11,18,14,221.7,30.95,65.11,1.08,2024-11-18 14:00:00,0.973225,21.576398249999997,21.576398249999997
2024,11,18,15,138.9,30.6,66.17,1.04,2024-11-18 15:00:00,0.9748,13.539971999999999,13.539971999999999
2024,11,18,16,61.83,29.65,71.67,0.91,2024-11-18 16:00:00,0.979075,6.053620725,6.053620725
2024,11,18,17,6.4,28.59,78.01,0.74,2024-11-18 17:00:00,0.983845,0.6296608,0.6296608
2024,11,18,18,0.0,27.45,85.63,0.53,2024-11-18 18:00:00,0.988975,0.0,0.0
2024,11,18,19,0.0,26.87,87.37,0.6,2024-11-18 19:00:00,0.991585,0.0,0.0
2024,11,18,20,0.0,26.18,90.56,0.87,2024-11-18 20:00:00,0.99469,0.0,0.0
2024,11,18,21,0.0,25.53,93.11,1.12,2024-11-18 21:00:00,0.997615,0.0,0.0
2024,11,18,22,0.0,24.97,94.36,1.29,2024-11-18 22:00:00,1.000135,0.0,0.0
2024,11,18,23,0.0,24.55,95.17,1.36,2024-11-18 23:00:00,1.002025,0.0,0.0
2024,11,19,0,0.0,24.15,96.02,1.43,2024-11-19 00:00:00,1.003825,0.0,0.0
2024,11,19,1,0.0,23.79,97.0,1.46,2024-11-19 01:00:00,1.005445,0.0,0.0
2024,11,19,2,0.0,23.53,97.69,1.42,2024-11-19 02:00:00,1.006615,0.0,0.0
2024,11,19,3,0.0,23.5,97.13,1.19,2024-11-19 03:00:00,1.00675,0.0,0.0
2024,11,19,4,0.0,23.77,95.33,0.84,2024-11-19 04:00:00,1.005535,0.0,0.0
2024,11,19,5,23.5,23.91,95.0,1.04,2024-11-19 05:00:00,1.004905,2.36152675,2.36152675
2024,11,19,6,181.7,25.15,92.22,0.94,2024-11-19 06:00:00,0.999325,18.15773525,18.15773525
2024,11,19,7,395.25,26.75,82.41,0.74,2024-11-19 07:00:00,0.992125,39.213740625,39.213740625
2024,11,19,8,564.5,28.27,71.98,0.92,2024-11-19 08:00:00,0.985285,55.61933825,55.61933825
2024,11,19,9,650.62,29.08,69.68,1.24,2024-11-19 09:00:00,0.98164,63.86746168,63.86746168
2024,11,19,10,686.62,29.67,69.16,1.51,2024-11-19 10:00:00,0.978985,67.21906807,67.21906807
2024,11,19,11,665.5,29.87,69.31,1.74,2024-11-19 11:00:00,0.978085,65.09155675,65.09155675
2024,11,19,12,431.02,29.99,69.56,2.1,2024-11-19 12:00:00,0.977545,42.13414459,42.13414459
2024,11,19,13,383.73,29.75,70.81,2.6,2024-11-19 13:00:00,0.978625,37.552777125000006,37.552777125000006
2024,11,19,14,88.93,29.17,73.76,3.14,2024-11-19 14:00:00,0.981235,8.726122855,8.726122855
2024,11,19,15,56.45,28.38,77.94,3.46,2024-11-19 15:00:00,0.98479,5.55913955,5.55913955
2024,11,19,16,28.1,27.39,83.28,3.28,2024-11-19 16:00:00,0.989245,2.7797784500000002,2.7797784500000002
2024,11,19,17,3.88,26.17,90.38,2.41,2024-11-19 17:00:00,0.994735,0.38595717999999996,0.38595717999999996
2024,11,19,18,0.0,25.22,94.91,1.78,2024-11-19 18:00:00,0.99901,0.0,0.0
2024,11,19,19,0.0,24.9,95.82,1.51,2024-11-19 19:00:00,1.00045,0.0,0.0
2024,11,19,20,0.0,24.67,96.3,1.21,2024-11-19 20:00:00,1.001485,0.0,0.0
2024,11,19,21,0.0,24.42,96.11,1.03,2024-11-19 21:00:00,1.00261,0.0,0.0
2024,11,19,22,0.0,24.28,95.28,0.87,2024-11-19 22:00:00,1.00324,0.0,0.0
2024,11,19,23,0.0,24.12,94.7,0.8,2024-11-19 23:00:00,1.00396,0.0,0.0
2024,11,20,0,0.0,23.9,94.73,0.81,2024-11-20 00:00:00,1.00495,0.0,0.0
2024,11,20,1,0.0,23.66,94.98,0.9,2024-11-20 01:00:00,1.00603,0.0,0.0
2024,11,20,2,0.0,23.42,95.31,1.03,2024-11-20 02:00:00,1.00711,0.0,0.0
2024,11,20,3,0.0,23.23,95.37,1.14,2024-11-20 03:00:00,1.007965,0.0,0.0
2024,11,20,4,0.0,23.11,95.22,1.19,2024-11-20 04:00:00,1.008505,0.0,0.0
2024,11,20,5,21.8,23.14,94.99,1.18,2024-11-20 05:00:00,1.00837,2.1982466,2.1982466
2024,11,20,6,182.55,24.62,90.26,1.33,2024-11-20 06:00:00,1.00171,18.286216050000004,18.286216050000004
2024,11,20,7,403.42,26.86,78.26,1.09,2024-11-20 07:00:00,0.99163,40.00433746,40.00433746
2024,11,20,8,600.12,28.96,69.1,0.69,2024-11-20 08:00:00,0.98218,58.942586160000005,58.942586160000005
2024,11,20,9,706.88,30.43,63.97,0.46,2024-11-20 09:00:00,0.975565,68.96073872,68.96073872
2024,11,20,10,764.42,31.2,61.49,0.37,2024-11-20 10:00:00,0.9721,74.30926819999999,74.30926819999999
2024,11,20,11,701.45,31.33,61.12,0.61,2024-11-20 11:00:00,0.971515,68.14691967499999,68.14691967499999
2024,11,20,12,628.95,31.06,62.27,0.97,2024-11-20 12:00:00,0.97273,61.17985335,61.17985335
2024,11,20,13,484.65,30.74,63.96,1.1,2024-11-20 13:00:00,0.97417,47.21314905,47.21314905
2024,11,20,14,203.25,30.23,66.43,1.21,2024-11-20 14:00:00,0.976465,19.846651125,19.846651125
2024,11,20,15,112.97,29.53,70.09,1.38,2024-11-20 15:00:00,0.979615,11.066710655000001,11.066710655000001
2024,11,20,16,55.6,28.67,75.84,1.38,2024-11-20 16:00:00,0.9834849999999999,5.4681766000000005,5.4681766000000005
2024,11,20,17,6.97,27.7,81.29,1.34,2024-11-20 17:00:00,0.98785,0.6885314499999999,0.6885314499999999
2024,11,20,18,0.0,26.62,91.09,1.11,2024-11-20 18:00:00,0.99271,0.0,0.0
2024,11,20,19,0.0,26.23,91.93,1.06,2024-11-20 19:00:00,0.994465,0.0,0.0
2024,11,20,20,0.0,25.99,92.02,0.88,2024-11-20 20:00:00,0.995545,0.0,0.0
2024,11,20,21,0.0,25.76,91.89,0.63,2024-11-20 21:00:00,0.99658,0.0,0.0
2024,11,20,22,0.0,25.39,93.48,0.61,2024-11-20 22:00:00,0.998245,0.0,0.0
2024,11,20,23,0.0,25.03,95.51,0.92,2024-11-20 23:00:00,0.999865,0.0,0.0
2024,11,21,0,0.0,24.94,95.95,1.17,2024-11-21 00:00:00,1.00027,0.0,0.0
2024,11,21,1,0.0,24.83,96.32,1.37,2024-11-21 01:00:00,1.000765,0.0,0.0
2024,11,21,2,0.0,24.76,96.64,1.44,2024-11-21 02:00:00,1.00108,0.0,0.0
2024,11,21,3,0.0,24.7,96.79,1.44,2024-11-21 03:00:00,1.00135,0.0,0.0
2024,11,21,4,0.0,24.66,96.81,1.41,2024-11-21 04:00:00,1.00153,0.0,0.0
2024,11,21,5,20.67,24.64,96.94,1.32,2024-11-21 05:00:00,1.00162,2.07034854,2.07034854
2024,11,21,6,155.32,25.21,95.27,1.77,2024-11-21 06:00:00,0.999055,15.517322259999998,15.517322259999998
2024,11,21,7,351.45,25.94,91.89,2.13,2024-11-21 07:00:00,0.99577,34.996336649999996,34.996336649999996
2024,11,21,8,552.03,26.65,87.98,2.21,2024-11-21 08:00:00,0.992575,54.793117725,54.793117725
2024,11,21,9,688.85,27.37,83.96,2.13,2024-11-21 09:00:00,0.989335,68.150341475,68.150341475
2024,11,21,10,788.42,28.13,79.55,1.98,2024-11-21 10:00:00,0.985915,77.73151043,77.73151043
2024,11,21,11,771.15,28.76,75.97,1.87,2024-11-21 11:00:00,0.98308,75.81021419999999,75.81021419999999
2024,11,21,12,639.38,29.03,74.11,1.88,2024-11-21 12:00:00,0.981865,62.778484369999994,62.778484369999994
2024,11,21,13,455.95,29.05,73.43,2.02,2024-11-21 13:00:00,0.981775,44.764031124999995,44.764031124999995
2024,11,21,14,111.0,28.77,74.28,2.07,2024-11-21 14:00:00,0.983035,10.9116885,10.9116885
2024,11,21,15,52.47,28.22,76.82,2.06,2024-11-21 15:00:00,0.98551,5.17097097,5.17097097
2024,11,21,16,23.2,27.47,81.5,1.86,2024-11-21 16:00:00,0.988885,2.2942131999999997,2.2942131999999997
2024,11,21,17,2.85,26.5,86.97,1.64,2024-11-21 17:00:00,0.99325,0.28307625000000003,0.28307625000000003
2024,11,21,18,0.0,25.51,93.1,1.4,2024-11-21 18:00:00,0.997705,0.0,0.0
2024,11,21,19,0.0,25.13,94.01,1.4,2024-11-21 19:00:00,0.999415,0.0,0.0
2024,11,21,20,0.0,24.82,94.94,1.34,2024-11-21 20:00:00,1.00081,0.0,0.0
2024,11,21,21,0.0,24.55,95.65,1.29,2024-11-21 21:00:00,1.002025,0.0,0.0
2024,11,21,22,0.0,24.24,96.05,1.22,2024-11-21 22:00:00,1.00342,0.0,0.0
2024,11,21,23,0.0,24.03,96.12,1.08,2024-11-21 23:00:00,1.004365,0.0,0.0
2024,11,22,0,0.0,23.87,96.03,0.98,2024-11-22 00:00:00,1.005085,0.0,0.0
2024,11,22,1,0.0,23.79,95.86,0.94,2024-11-22 01:00:00,1.005445,0.0,0.0
2024,11,22,2,0.0,23.69,95.87,0.97,2024-11-22 02:00:00,1.005895,0.0,0.0
2024,11,22,3,0.0,23.57,96.16,1.07,2024-11-22 03:00:00,1.006435,0.0,0.0
2024,11,22,4,0.0,23.48,96.29,1.12,2024-11-22 04:00:00,1.00684,0.0,0.0
2024,11,22,5,19.25,23.51,96.18,1.09,2024-11-22 05:00:00,1.006705,1.937907125,1.937907125
2024,11,22,6,155.45,24.81,92.32,1.28,2024-11-22 06:00:00,1.000855,15.558290974999998,15.558290974999998
2024,11,22,7,342.38,26.1,86.37,1.52,2024-11-22 07:00:00,0.99505,34.0685219,34.0685219
2024,11,22,8,524.88,27.49,80.74,1.66,2024-11-22 08:00:00,0.988795,51.89987196,51.89987196
2024,11,22,9,632.72,28.6,76.45,1.82,2024-11-22 09:00:00,0.9838,62.2469936,62.2469936
2024,11,22,10,659.72,29.28,73.68,2.08,2024-11-22 10:00:00,0.98074,64.70137928,64.70137928
2024,11,22,11,623.22,29.68,72.08,2.37,2024-11-22 11:00:00,0.97894,61.00949868000001,61.00949868000001
2024,11,22,12,604.92,29.88,70.87,2.58,2024-11-22 12:00:00,0.97804,59.16359568000001,59.16359568000001
2024,11,22,13,177.95,29.79,70.49,2.82,2024-11-22 13:00:00,0.978445,17.411428774999997,17.411428774999997
2024,11,22,14,66.75,29.48,71.19,3.03,2024-11-22 14:00:00,0.97984,6.540432000000001,6.540432000000001
2024,11,22,15,40.8,28.97,73.47,3.17,2024-11-22 15:00:00,0.982135,4.0071107999999995,4.0071107999999995
2024,11,22,16,17.95,27.95,79.5,3.24,2024-11-22 16:00:00,0.986725,1.771171375,1.771171375
2024,11,22,17,2.2,26.61,88.85,2.53,2024-11-22 17:00:00,0.992755,0.21840610000000002,0.21840610000000002
2024,11,22,18,0.0,25.73,94.56,1.95,2024-11-22 18:00:00,0.996715,0.0,0.0
2024,11,22,19,0.0,25.55,95.79,1.78,2024-11-22 19:00:00,0.997525,0.0,0.0
2024,11,22,20,0.0,25.38,96.49,1.59,2024-11-22 20:00:00,0.99829,0.0,0.0
2024,11,22,21,0.0,25.19,96.87,1.49,2024-11-22 21:00:00,0.999145,0.0,0.0
2024,11,22,22,0.0,25.02,96.91,1.51,2024-11-22 22:00:00,0.99991,0.0,0.0
2024,11,22,23,0.0,24.86,97.1,1.53,2024-11-22 23:00:00,1.00063,0.0,0.0
2024,11,23,0,0.0,24.7,97.35,1.65,2024-11-23 00:00:00,1.00135,0.0,0.0
2024,11,23,1,0.0,24.51,97.69,1.78,2024-11-23 01:00:00,1.002205,0.0,0.0
2024,11,23,2,0.0,24.42,97.67,1.9,2024-11-23 02:00:00,1.00261,0.0,0.0
2024,11,23,3,0.0,24.37,97.72,2.0,2024-11-23 03:00:00,1.002835,0.0,0.0
2024,11,23,4,0.0,24.39,97.24,2.03,2024-11-23 04:00:00,1.002745,0.0,0.0
2024,11,23,5,20.83,24.45,96.46,2.0,2024-11-23 05:00:00,1.002475,2.0881554249999996,2.0881554249999996
2024,11,23,6,156.1,25.4,94.54,1.77,2024-11-23 06:00:00,0.9982,15.581902,15.581902
2024,11,23,7,348.45,26.21,89.81,2.43,2024-11-23 07:00:00,0.994555,34.655268975,34.655268975
2024,11,23,8,513.72,26.91,85.17,2.55,2024-11-23 08:00:00,0.991405,50.93045766000001,50.93045766000001
2024,11,23,9,619.78,27.41,79.91,2.46,2024-11-23 09:00:00,0.989155,61.305848590000004,61.305848590000004
2024,11,23,10,670.33,27.55,77.34,2.37,2024-11-23 10:00:00,0.988525,66.26379632500002,66.26379632500002
2024,11,23,11,682.92,27.7,76.28,2.24,2024-11-23 11:00:00,0.98785,67.46225220000001,67.46225220000001
2024,11,23,12,589.4,27.87,75.85,2.23,2024-11-23 12:00:00,0.987085,58.17878989999999,58.17878989999999
2024,11,23,13,287.77,27.94,76.23,2.3,2024-11-23 13:00:00,0.98677,28.39628029,28.39628029
2024,11,23,14,302.02,27.68,78.44,2.36,2024-11-23 14:00:00,0.98794,29.837763879999997,29.837763879999997
2024,11,23,15,65.32,27.19,82.25,2.37,2024-11-23 15:00:00,0.9901449999999999,6.4676271399999985,6.4676271399999985
2024,11,23,16,33.53,26.54,87.5,1.98,2024-11-23 16:00:00,0.99307,3.329763710000001,3.329763710000001
2024,11,23,17,4.55,25.89,92.02,1.64,2024-11-23 17:00:00,0.995995,0.453177725,0.453177725
2024,11,23,18,0.0,25.44,95.33,1.32,2024-11-23 18:00:00,0.99802,0.0,0.0
2024,11,23,19,0.0,25.26,96.18,1.26,2024-11-23 19:00:00,0.99883,0.0,0.0
2024,11,23,20,0.0,25.12,96.69,1.23,2024-11-23 20:00:00,0.99946,0.0,0.0
2024,11,23,21,0.0,24.98,96.88,1.35,2024-11-23 21:00:00,1.00009,0.0,0.0
2024,11,23,22,0.0,24.83,96.9,1.51,2024-11-23 22:00:00,1.000765,0.0,0.0
2024,11,23,23,0.0,24.65,96.99,1.64,2024-11-23 23:00:00,1.001575,0.0,0.0
2024,11,24,0,0.0,24.49,96.87,1.83,2024-11-24 00:00:00,1.002295,0.0,0.0
2024,11,24,1,0.0,24.33,96.7,2.1,2024-11-24 01:00:00,1.003015,0.0,0.0
2024,11,24,2,0.0,24.18,96.55,2.38,2024-11-24 02:00:00,1.00369,0.0,0.0
2024,11,24,3,0.0,24.02,96.47,2.62,2024-11-24 03:00:00,1.00441,0.0,0.0
2024,11,24,4,0.0,23.87,96.31,2.9,2024-11-24 04:00:00,1.005085,0.0,0.0
2024,11,24,5,16.7,23.61,95.36,3.19,2024-11-24 05:00:00,1.006255,1.6804458499999997,1.6804458499999997
2024,11,24,6,127.3,23.59,94.05,3.66,2024-11-24 06:00:00,1.006345,12.810771850000002,12.810771850000002
2024,11,24,7,287.65,23.83,92.57,4.11,2024-11-24 07:00:00,1.005265,28.916447724999998,28.916447724999998
2024,11,24,8,485.23,24.25,90.42,4.48,2024-11-24 08:00:00,1.003375,48.686765124999994,48.686765124999994
2024,11,24,9,589.1,24.93,87.49,4.86,2024-11-24 09:00:00,1.000315,58.928556650000004,58.928556650000004
2024,11,24,10,649.35,26.09,83.4,5.18,2024-11-24 10:00:00,0.995095,64.61649382499999,64.61649382499999
2024,11,24,11,639.03,26.7,81.9,5.11,2024-11-24 11:00:00,0.99235,63.414142049999995,63.414142049999995
2024,11,24,12,455.55,26.75,83.57,4.89,2024-11-24 12:00:00,0.992125,45.196254375,45.196254375
2024,11,24,13,293.4,26.54,86.68,4.7,2024-11-24 13:00:00,0.99307,29.1366738,29.1366738
2024,11,24,14,114.18,26.18,90.12,4.31,2024-11-24 14:00:00,0.99469,11.35737042,11.35737042
2024,11,24,15,62.03,25.92,91.87,4.0,2024-11-24 15:00:00,0.99586,6.17731958,6.17731958
2024,11,24,16,30.35,25.55,93.75,3.68,2024-11-24 16:00:00,0.997525,3.0274883750000003,3.0274883750000003
2024,11,24,17,4.15,25.08,95.56,3.16,2024-11-24 17:00:00,0.99964,0.41485059999999996,0.41485059999999996
2024,11,24,18,0.0,24.67,96.22,3.1,2024-11-24 18:00:00,1.001485,0.0,0.0
2024,11,24,19,0.0,24.39,96.23,3.3,2024-11-24 19:00:00,1.002745,0.0,0.0
2024,11,24,20,0.0,24.14,96.42,3.51,2024-11-24 20:00:00,1.00387,0.0,0.0
2024,11,24,21,0.0,23.95,96.47,3.59,2024-11-24 21:00:00,1.004725,0.0,0.0
2024,11,24,22,0.0,23.78,96.71,3.38,2024-11-24 22:00:00,1.00549,0.0,0.0
2024,11,24,23,0.0,23.66,97.0,3.04,2024-11-24 23:00:00,1.00603,0.0,0.0
2024,11,25,0,0.0,23.66,97.16,2.98,2024-11-25 00:00:00,1.00603,0.0,0.0
2024,11,25,1,0.0,23.79,97.05,3.16,2024-11-25 01:00:00,1.005445,0.0,0.0
2024,11,25,2,0.0,24.0,96.69,3.55,2024-11-25 02:00:00,1.0045,0.0,0.0
2024,11,25,3,0.0,24.12,96.47,3.6,2024-11-25 03:00:00,1.00396,0.0,0.0
2024,11,25,4,0.0,24.15,96.53,3.42,2024-11-25 04:00:00,1.003825,0.0,0.0
2024,11,25,5,17.08,24.15,96.62,3.17,2024-11-25 05:00:00,1.003825,1.7145330999999997,1.7145330999999997
2024,11,25,6,142.95,24.56,95.58,3.47,2024-11-25 06:00:00,1.00198,14.323304100000001,14.323304100000001
2024,11,25,7,327.45,25.09,94.06,4.06,2024-11-25 07:00:00,0.999595,32.731738275,32.731738275
2024,11,25,8,517.15,25.76,91.28,4.5,2024-11-25 08:00:00,0.99658,51.53813470000001,51.53813470000001
2024,11,25,9,619.42,26.5,87.34,4.59,2024-11-25 09:00:00,0.99325,61.5238915,61.5238915
2024,11,25,10,667.45,27.04,84.64,4.39,2024-11-25 10:00:00,0.99082,66.13228090000001,66.13228090000001
2024,11,25,11,681.4,27.36,83.09,4.22,2024-11-25 11:00:00,0.98938,67.4163532,67.4163532
2024,11,25,12,648.0,27.51,82.3,4.08,2024-11-25 12:00:00,0.988705,64.068084,64.068084
2024,11,25,13,580.83,27.42,82.39,3.93,2024-11-25 13:00:00,0.98911,57.450476130000006,57.450476130000006
2024,11,25,14,338.98,27.13,83.09,3.87,2024-11-25 14:00:00,0.990415,33.57308767000001,33.57308767000001
2024,11,25,15,200.32,26.65,84.8,3.81,2024-11-25 15:00:00,0.992575,19.8832624,19.8832624
2024,11,25,16,91.97,26.06,88.19,3.58,2024-11-25 16:00:00,0.9952300000000001,9.15313031,9.15313031
2024,11,25,17,9.88,25.3,93.02,2.55,2024-11-25 17:00:00,0.99865,0.9866662000000003,0.9866662000000003
2024,11,25,18,0.0,24.7,94.98,2.17,2024-11-25 18:00:00,1.00135,0.0,0.0
2024,11,25,19,0.0,24.53,95.51,2.07,2024-11-25 19:00:00,1.002115,0.0,0.0
2024,11,25,20,0.0,24.32,96.21,2.02,2024-11-25 20:00:00,1.00306,0.0,0.0
2024,11,25,21,0.0,24.16,97.2,2.04,2024-11-25 21:00:00,1.00378,0.0,0.0
2024,11,25,22,0.0,24.13,97.67,2.08,2024-11-25 22:00:00,1.0039150000000001,0.0,0.0
2024,11,25,23,0.0,24.09,97.84,2.23,2024-11-25 23:00:00,1.004095,0.0,0.0
2024,11,26,0,0.0,24.11,97.66,2.49,2024-11-26 00:00:00,1.004005,0.0,0.0
2024,11,26,1,0.0,24.14,97.52,2.81,2024-11-26 01:00:00,1.00387,0.0,0.0
2024,11,26,2,0.0,24.23,97.06,3.18,2024-11-26 02:00:00,1.003465,0.0,0.0
2024,11,26,3,0.0,24.22,96.86,3.25,2024-11-26 03:00:00,1.00351,0.0,0.0
2024,11,26,4,0.0,24.14,97.05,2.97,2024-11-26 04:00:00,1.00387,0.0,0.0
2024,11,26,5,13.8,24.16,97.0,2.68,2024-11-26 05:00:00,1.00378,1.3852164,1.3852164
2024,11,26,6,108.28,25.01,94.94,3.52,2024-11-26 06:00:00,0.999955,10.82751274,10.82751274
2024,11,26,7,247.82,25.84,91.63,4.24,2024-11-26 07:00:00,0.99622,24.68832404,24.68832404
2024,11,26,8,476.85,26.41,88.1,4.67,2024-11-26 08:00:00,0.993655,47.382438675,47.382438675
2024,11,26,9,583.85,26.64,86.4,4.76,2024-11-26 09:00:00,0.99262,57.954118699999995,57.954118699999995
2024,11,26,10,619.08,26.91,84.61,4.68,2024-11-26 10:00:00,0.991405,61.375900740000006,61.375900740000006
2024,11,26,11,653.88,27.23,82.55,4.49,2024-11-26 11:00:00,0.989965,64.73183142,64.73183142
2024,11,26,12,607.03,27.35,81.27,4.23,2024-11-26 12:00:00,0.989425,60.061065774999996,60.061065774999996
2024,11,26,13,498.33,27.22,81.11,4.04,2024-11-26 13:00:00,0.9900100000000001,49.33516833,49.33516833
2024,11,26,14,326.95,26.98,81.58,3.94,2024-11-26 14:00:00,0.99109,32.403687549999994,32.403687549999994
2024,11,26,15,199.65,26.67,82.86,3.76,2024-11-26 15:00:00,0.992485,19.814963024999997,19.814963024999997
2024,11,26,16,96.0,26.24,85.33,3.4,2024-11-26 16:00:00,0.99442,9.546432,9.546432
2024,11,26,17,12.55,25.52,91.0,2.2,2024-11-26 17:00:00,0.99766,1.2520633,1.2520633
2024,11,26,18,0.0,24.6,94.71,1.71,2024-11-26 18:00:00,1.0018,0.0,0.0
2024,11,26,19,0.0,24.41,94.7,1.66,2024-11-26 19:00:00,1.002655,0.0,0.0
2024,11,26,20,0.0,24.17,94.78,1.66,2024-11-26 20:00:00,1.003735,0.0,0.0
2024,11,26,21,0.0,24.01,95.54,1.71,2024-11-26 21:00:00,1.004455,0.0,0.0
2024,11,26,22,0.0,23.84,96.59,1.8,2024-11-26 22:00:00,1.00522,0.0,0.0
2024,11,26,23,0.0,23.62,97.78,1.87,2024-11-26 23:00:00,1.00621,0.0,0.0
2024,11,27,0,0.0,23.46,98.68,1.86,2024-11-27 00:00:00,1.00693,0.0,0.0
2024,11,27,1,0.0,23.47,98.79,1.88,2024-11-27 01:00:00,1.006885,0.0,0.0
2024,11,27,2,0.0,23.56,98.62,1.91,2024-11-27 02:00:00,1.00648,0.0,0.0
2024,11,27,3,0.0,23.63,98.53,1.95,2024-11-27 03:00:00,1.006165,0.0,0.0
2024,11,27,4,0.0,23.67,98.49,1.99,2024-11-27 04:00:00,1.005985,0.0,0.0
2024,11,27,5,16.35,23.78,98.21,1.99,2024-11-27 05:00:00,1.00549,1.64397615,1.64397615
2024,11,27,6,111.43,25.0,94.82,2.6,2024-11-27 06:00:00,1.0,11.143,11.143
2024,11,27,7,231.6,26.03,90.45,3.46,2024-11-27 07:00:00,0.9953649999999999,23.0526534,23.0526534
2024,11,27,8,394.75,26.94,84.95,3.97,2024-11-27 08:00:00,0.99127,39.13038325,39.13038325
2024,11,27,9,475.85,27.85,80.7,4.11,2024-11-27 09:00:00,0.987175,46.974722375,46.974722375
2024,11,27,10,504.27,28.62,76.42,4.08,2024-11-27 10:00:00,0.98371,49.60554417,49.60554417
2024,11,27,11,479.15,29.18,72.98,4.0,2024-11-27 11:00:00,0.98119,47.01371885,47.01371885
2024,11,27,12,373.67,29.36,71.01,3.9,2024-11-27 12:00:00,0.98038,36.63385946,36.63385946
2024,11,27,13,442.73,29.65,69.29,3.78,2024-11-27 13:00:00,0.979075,43.34658747500001,43.34658747500001
2024,11,27,14,369.33,29.47,69.23,3.77,2024-11-27 14:00:00,0.979885,36.190092705,36.190092705
2024,11,27,15,248.88,28.93,70.91,3.73,2024-11-27 15:00:00,0.982315,24.44785572,24.44785572
2024,11,27,16,102.62,28.01,75.8,3.4,2024-11-27 16:00:00,0.986455,10.12300121,10.12300121
2024,11,27,17,12.88,26.55,86.16,2.47,2024-11-27 17:00:00,0.993025,1.2790162,1.2790162
2024,11,27,18,0.0,25.26,93.37,2.05,2024-11-27 18:00:00,0.99883,0.0,0.0
2024,11,27,19,0.0,24.9,95.11,2.01,2024-11-27 19:00:00,1.00045,0.0,0.0
2024,11,27,20,0.0,24.73,96.05,1.91,2024-11-27 20:00:00,1.001215,0.0,0.0
2024,11,27,21,0.0,24.57,96.79,1.77,2024-11-27 21:00:00,1.001935,0.0,0.0
2024,11,27,22,0.0,24.45,97.14,1.7,2024-11-27 22:00:00,1.002475,0.0,0.0
2024,11,27,23,0.0,24.35,97.24,1.67,2024-11-27 23:00:00,1.002925,0.0,0.0
2024,11,28,0,0.0,24.27,97.3,1.71,2024-11-28 00:00:00,1.003285,0.0,0.0
2024,11,28,1,0.0,24.18,97.47,1.77,2024-11-28 01:00:00,1.00369,0.0,0.0
2024,11,28,2,0.0,24.07,97.85,1.88,2024-11-28 02:00:00,1.004185,0.0,0.0
2024,11,28,3,0.0,24.06,97.97,2.01,2024-11-28 03:00:00,1.00423,0.0,0.0
2024,11,28,4,0.0,24.06,98.0,2.1,2024-11-28 04:00:00,1.00423,0.0,0.0
2024,11,28,5,11.52,24.2,97.55,2.14,2024-11-28 05:00:00,1.0036,1.1561472,1.1561472
2024,11,28,6,102.22,25.23,95.08,3.14,2024-11-28 06:00:00,0.998965,10.211420230000002,10.211420230000002
2024,11,28,7,222.65,26.04,92.28,4.06,2024-11-28 07:00:00,0.99532,22.1607998,22.1607998
2024,11,28,8,326.9,26.77,88.77,4.76,2024-11-28 08:00:00,0.992035,32.429624149999995,32.429624149999995
2024,11,28,9,337.27,27.36,86.35,5.08,2024-11-28 09:00:00,0.98938,33.368819259999995,33.368819259999995
2024,11,28,10,212.07,27.63,85.08,5.6,2024-11-28 10:00:00,0.988165,20.956015154999996,20.956015154999996
2024,11,28,11,185.02,27.68,84.52,6.3,2024-11-28 11:00:00,0.98794,18.27886588,18.27886588
2024,11,28,12,266.42,27.52,84.59,6.85,2024-11-28 12:00:00,0.98866,26.33987972,26.33987972
2024,11,28,13,148.3,27.16,85.39,7.11,2024-11-28 13:00:00,0.99028,14.685852400000002,14.685852400000002
2024,11,28,14,156.9,26.73,86.81,6.97,2024-11-28 14:00:00,0.992215,15.56785335,15.56785335
2024,11,28,15,120.45,26.29,88.5,6.6,2024-11-28 15:00:00,0.994195,11.975078775,11.975078775
2024,11,28,16,51.03,25.74,91.59,5.57,2024-11-28 16:00:00,0.9966700000000001,5.08600701,5.08600701
2024,11,28,17,9.68,25.14,94.15,4.23,2024-11-28 17:00:00,0.99937,0.96739016,0.96739016
2024,11,28,18,0.0,24.75,95.3,3.46,2024-11-28 18:00:00,1.001125,0.0,0.0
2024,11,28,19,0.0,24.6,95.61,3.07,2024-11-28 19:00:00,1.0018,0.0,0.0
2024,11,28,20,0.0,24.54,95.69,2.88,2024-11-28 20:00:00,1.00207,0.0,0.0
2024,11,28,21,0.0,24.44,96.17,2.43,2024-11-28 21:00:00,1.00252,0.0,0.0
2024,11,28,22,0.0,24.36,96.45,2.43,2024-11-28 22:00:00,1.00288,0.0,0.0
2024,11,28,23,0.0,24.32,96.56,2.65,2024-11-28 23:00:00,1.00306,0.0,0.0
2024,11,29,0,0.0,24.31,96.26,3.31,2024-11-29 00:00:00,1.003105,0.0,0.0
2024,11,29,1,0.0,24.18,96.3,3.48,2024-11-29 01:00:00,1.00369,0.0,0.0
2024,11,29,2,0.0,23.97,96.64,3.08,2024-11-29 02:00:00,1.004635,0.0,0.0
2024,11,29,3,0.0,23.72,97.24,2.76,2024-11-29 03:00:00,1.00576,0.0,0.0
2024,11,29,4,0.0,23.63,97.28,2.7,2024-11-29 04:00:00,1.006165,0.0,0.0
2024,11,29,5,13.3,23.72,96.7,2.56,2024-11-29 05:00:00,1.00576,1.3376608,1.3376608
2024,11,29,6,120.7,24.82,93.54,3.26,2024-11-29 06:00:00,1.00081,12.0797767,12.0797767
2024,11,29,7,276.25,25.71,89.7,3.96,2024-11-29 07:00:00,0.9968049999999999,27.536738125,27.536738125
2024,11,29,8,499.05,26.84,82.95,4.83,2024-11-29 08:00:00,0.99172,49.491786600000005,49.491786600000005
2024,11,29,9,598.03,27.86,77.18,5.24,2024-11-29 09:00:00,0.98713,59.03333539,59.03333539
2024,11,29,10,625.15,28.54,74.18,5.34,2024-11-29 10:00:00,0.98407,61.51913605,61.51913605
2024,11,29,11,714.97,28.97,72.23,5.43,2024-11-29 11:00:00,0.982135,70.21970609499999,70.21970609499999
2024,11,29,12,673.42,28.9,72.48,5.43,2024-11-29 12:00:00,0.98245,66.16014789999998,66.16014789999998
2024,11,29,13,565.2,28.58,73.44,5.35,2024-11-29 13:00:00,0.98389,55.6094628,55.6094628
2024,11,29,14,462.3,27.96,75.57,5.23,2024-11-29 14:00:00,0.98668,45.6142164,45.6142164
2024,11,29,15,290.2,27.26,79.25,4.86,2024-11-29 15:00:00,0.98983,28.724866600000002,28.724866600000002
2024,11,29,16,127.78,26.54,84.51,3.78,2024-11-29 16:00:00,0.99307,12.689448460000001,12.689448460000001
2024,11,29,17,15.52,25.72,91.34,2.32,2024-11-29 17:00:00,0.99676,1.5469715199999998,1.5469715199999998
2024,11,29,18,0.0,24.99,94.74,1.93,2024-11-29 18:00:00,1.000045,0.0,0.0
2024,11,29,19,0.0,24.72,95.56,2.13,2024-11-29 19:00:00,1.00126,0.0,0.0
2024,11,29,20,0.0,24.51,96.23,2.18,2024-11-29 20:00:00,1.002205,0.0,0.0
2024,11,29,21,0.0,24.29,96.98,1.78,2024-11-29 21:00:00,1.003195,0.0,0.0
2024,11,29,22,0.0,24.4,95.75,1.23,2024-11-29 22:00:00,1.0027,0.0,0.0
2024,11,29,23,0.0,24.17,96.96,1.61,2024-11-29 23:00:00,1.003735,0.0,0.0
2024,11,30,0,0.0,24.19,97.1,2.02,2024-11-30 00:00:00,1.003645,0.0,0.0
2024,11,30,1,0.0,24.26,96.84,2.38,2024-11-30 01:00:00,1.00333,0.0,0.0
2024,11,30,2,0.0,24.33,96.67,2.84,2024-11-30 02:00:00,1.003015,0.0,0.0
2024,11,30,3,0.0,24.45,96.19,3.25,2024-11-30 03:00:00,1.002475,0.0,0.0
2024,11,30,4,0.0,24.45,96.19,3.07,2024-11-30 04:00:00,1.002475,0.0,0.0
2024,11,30,5,11.25,24.45,96.25,2.74,2024-11-30 05:00:00,1.002475,1.127784375,1.127784375
2024,11,30,6,89.1,25.45,93.6,3.41,2024-11-30 06:00:00,0.9979750000000001,8.89195725,8.89195725
2024,11,30,7,193.48,26.31,90.18,3.98,2024-11-30 07:00:00,0.994105,19.23394354,19.23394354
2024,11,30,8,296.02,27.04,86.09,4.39,2024-11-30 08:00:00,0.99082,29.330253640000002,29.330253640000002
2024,11,30,9,551.6,27.51,83.28,4.55,2024-11-30 09:00:00,0.988705,54.53696779999999,54.53696779999999
2024,11,30,10,630.95,28.05,80.52,4.68,2024-11-30 10:00:00,0.986275,62.229021125,62.229021125
2024,11,30,11,701.25,28.33,78.56,4.86,2024-11-30 11:00:00,0.985015,69.07417687499999,69.07417687499999
2024,11,30,12,551.55,28.47,77.61,5.07,2024-11-30 12:00:00,0.984385,54.293754674999995,54.293754674999995
2024,11,30,13,427.17,28.43,77.73,5.18,2024-11-30 13:00:00,0.984565,42.057663105,42.057663105
2024,11,30,14,313.25,27.93,79.5,5.06,2024-11-30 14:00:00,0.986815,30.911979874999997,30.911979874999997
2024,11,30,15,198.55,27.26,82.71,4.76,2024-11-30 15:00:00,0.98983,19.65307465,19.65307465
2024,11,30,16,87.0,26.46,87.74,4.23,2024-11-30 16:00:00,0.99343,8.642840999999999,8.642840999999999
2024,11,30,17,8.55,25.64,92.91,3.26,2024-11-30 17:00:00,0.99712,0.8525376,0.8525376
2024,11,30,18,0.0,25.03,95.53,2.65,2024-11-30 18:00:00,0.999865,0.0,0.0
2024,11,30,19,0.0,24.91,95.99,2.43,2024-11-30 19:00:00,1.000405,0.0,0.0
2024,11,30,20,0.0,24.73,96.43,2.19,2024-11-30 20:00:00,1.001215,0.0,0.0
2024,11,30,21,0.0,24.56,96.92,2.13,2024-11-30 21:00:00,1.00198,0.0,0.0
2024,11,30,22,0.0,24.4,97.37,2.21,2024-11-30 22:00:00,1.0027,0.0,0.0
2024,11,30,23,0.0,24.3,97.58,2.32,2024-11-30 23:00:00,1.00315,0.0,0.0
2024,12,1,0,0.0,24.22,97.6,2.41,2024-12-01 00:00:00,1.00351,0.0,0.0
2024,12,1,1,0.0,24.17,97.53,2.51,2024-12-01 01:00:00,1.003735,0.0,0.0
2024,12,1,2,0.0,24.15,97.42,2.59,2024-12-01 02:00:00,1.003825,0.0,0.0
2024,12,1,3,0.0,24.18,97.32,2.6,2024-12-01 03:00:00,1.00369,0.0,0.0
2024,12,1,4,0.0,24.21,97.41,2.5,2024-12-01 04:00:00,1.003555,0.0,0.0
2024,12,1,5,13.0,24.28,97.43,2.43,2024-12-01 05:00:00,1.00324,1.304212,1.304212
2024,12,1,6,103.2,25.16,95.26,2.87,2024-12-01 06:00:00,0.99928,10.3125696,10.3125696
2024,12,1,7,170.62,25.9,92.43,3.21,2024-12-01 07:00:00,0.99595,16.992898899999997,16.992898899999997
2024,12,1,8,282.9,26.44,88.47,3.36,2024-12-01 08:00:00,0.99352,28.1066808,28.1066808
2024,12,1,9,467.85,26.79,86.38,3.41,2024-12-01 09:00:00,0.991945,46.408146825,46.408146825
2024,12,1,10,482.0,26.99,85.23,3.55,2024-12-01 10:00:00,0.991045,47.76836899999999,47.76836899999999
2024,12,1,11,384.9,27.08,84.59,3.81,2024-12-01 11:00:00,0.99064,38.129733599999994,38.129733599999994
2024,12,1,12,207.62,27.2,83.77,4.22,2024-12-01 12:00:00,0.9901,20.5564562,20.5564562
2024,12,1,13,181.82,27.14,83.5,4.74,2024-12-01 13:00:00,0.99037,18.006907339999998,18.006907339999998
2024,12,1,14,118.32,26.91,84.07,4.79,2024-12-01 14:00:00,0.991405,11.730303959999999,11.730303959999999
2024,12,1,15,112.6,26.41,86.19,4.49,2024-12-01 15:00:00,0.993655,11.188555299999999,11.188555299999999
2024,12,1,16,58.2,25.75,90.16,4.12,2024-12-01 16:00:00,0.996625,5.8003575000000005,5.8003575000000005
2024,12,1,17,9.25,25.04,94.32,3.29,2024-12-01 17:00:00,0.99982,0.9248335,0.9248335
2024,12,1,18,0.0,24.54,95.64,2.83,2024-12-01 18:00:00,1.00207,0.0,0.0
2024,12,1,19,0.0,24.37,96.07,2.7,2024-12-01 19:00:00,1.002835,0.0,0.0
2024,12,1,20,0.0,24.21,96.84,2.47,2024-12-01 20:00:00,1.003555,0.0,0.0
2024,12,1,21,0.0,24.05,97.27,2.3,2024-12-01 21:00:00,1.004275,0.0,0.0
2024,12,1,22,0.0,23.97,97.26,2.4,2024-12-01 22:00:00,1.004635,0.0,0.0
2024,12,1,23,0.0,23.95,96.75,2.88,2024-12-01 23:00:00,1.004725,0.0,0.0
2024,12,2,0,0.0,23.92,96.68,3.24,2024-12-02 00:00:00,1.00486,0.0,0.0
2024,12,2,1,0.0,23.91,96.83,3.37,2024-12-02 01:00:00,1.004905,0.0,0.0
2024,12,2,2,0.0,23.95,96.85,3.44,2024-12-02 02:00:00,1.004725,0.0,0.0
2024,12,2,3,0.0,24.06,96.78,3.6,2024-12-02 03:00:00,1.00423,0.0,0.0
2024,12,2,4,0.0,24.24,96.72,3.91,2024-12-02 04:00:00,1.00342,0.0,0.0
2024,12,2,5,5.95,24.3,96.73,3.53,2024-12-02 05:00:00,1.00315,0.59687425,0.59687425
2024,12,2,6,57.17,24.84,95.8,4.02,2024-12-02 06:00:00,1.00072,5.72111624,5.72111624
2024,12,2,7,138.8,25.47,93.86,4.42,2024-12-02 07:00:00,0.997885,13.8506438,13.8506438
2024,12,2,8,296.9,26.08,90.56,4.99,2024-12-02 08:00:00,0.99514,29.545706600000003,29.545706600000003
2024,12,2,9,320.27,26.59,87.78,5.44,2024-12-02 09:00:00,0.992845,31.797846815,31.797846815
2024,12,2,10,330.8,26.88,86.16,5.81,2024-12-02 10:00:00,0.99154,32.80014320000001,32.80014320000001
2024,12,2,11,463.9,26.95,85.92,6.06,2024-12-02 11:00:00,0.991225,45.98292775,45.98292775
2024,12,2,12,274.4,26.76,86.79,6.18,2024-12-02 12:00:00,0.99208,27.222675199999998,27.222675199999998
2024,12,2,13,286.33,26.46,88.28,6.21,2024-12-02 13:00:00,0.99343,28.444881189999997,28.444881189999997
2024,12,2,14,167.3,26.14,90.29,5.95,2024-12-02 14:00:00,0.99487,16.644175100000002,16.644175100000002
2024,12,2,15,100.32,25.83,92.44,5.43,2024-12-02 15:00:00,0.996265,9.99453048,9.99453048
2024,12,2,16,50.08,25.53,94.24,4.64,2024-12-02 16:00:00,0.997615,4.99605592,4.99605592
2024,12,2,17,6.65,25.17,95.49,3.87,2024-12-02 17:00:00,0.999235,0.664491275,0.664491275
2024,12,2,18,0.0,24.86,96.03,3.47,2024-12-02 18:00:00,1.00063,0.0,0.0
2024,12,2,19,0.0,24.66,96.43,3.05,2024-12-02 19:00:00,1.00153,0.0,0.0
2024,12,2,20,0.0,24.43,96.96,2.43,2024-12-02 20:00:00,1.002565,0.0,0.0
2024,12,2,21,0.0,24.14,97.45,2.2,2024-12-02 21:00:00,1.00387,0.0,0.0
2024,12,2,22,0.0,24.01,97.48,2.19,2024-12-02 22:00:00,1.004455,0.0,0.0
2024,12,2,23,0.0,23.87,97.76,2.19,2024-12-02 23:00:00,1.005085,0.0,0.0
2024,12,3,0,0.0,23.76,98.05,2.26,2024-12-03 00:00:00,1.00558,0.0,0.0
2024,12,3,1,0.0,23.72,98.1,2.27,2024-12-03 01:00:00,1.00576,0.0,0.0
2024,12,3,2,0.0,23.69,98.13,2.24,2024-12-03 02:00:00,1.005895,0.0,0.0
2024,12,3,3,0.0,23.74,97.93,2.31,2024-12-03 03:00:00,1.00567,0.0,0.0
2024,12,3,4,0.0,23.73,97.97,2.19,2024-12-03 04:00:00,1.005715,0.0,0.0
2024,12,3,5,12.62,23.75,97.8,2.01,2024-12-03 05:00:00,1.005625,1.26909875,1.26909875
2024,12,3,6,96.12,24.88,94.8,2.39,2024-12-03 06:00:00,1.00054,9.617190480000001,9.617190480000001
2024,12,3,7,212.45,25.67,91.43,2.87,2024-12-03 07:00:00,0.996985,21.180946325,21.180946325
2024,12,3,8,386.05,26.33,87.36,3.04,2024-12-03 08:00:00,0.994015,38.373949075000006,38.373949075000006
2024,12,3,9,447.62,27.2,81.76,3.1,2024-12-03 09:00:00,0.9901,44.3188562,44.3188562
2024,12,3,10,494.95,28.28,76.13,3.24,2024-12-03 10:00:00,0.98524,48.7644538,48.7644538
2024,12,3,11,467.38,28.82,72.66,3.61,2024-12-03 11:00:00,0.98281,45.93457378,45.93457378
2024,12,3,12,312.08,28.69,72.4,4.06,2024-12-03 12:00:00,0.983395,30.68979116,30.68979116
2024,12,3,13,291.17,28.3,73.42,4.45,2024-12-03 13:00:00,0.98515,28.684612550000004,28.684612550000004
2024,12,3,14,177.98,27.76,74.62,4.61,2024-12-03 14:00:00,0.98758,17.57694884,17.57694884
2024,12,3,15,97.8,27.05,77.22,4.53,2024-12-03 15:00:00,0.990775,9.689779499999998,9.689779499999998
2024,12,3,16,74.05,26.18,82.35,4.14,2024-12-03 16:00:00,0.99469,7.365679449999999,7.365679449999999
2024,12,3,17,6.97,25.09,89.9,3.17,2024-12-03 17:00:00,0.999595,0.696717715,0.696717715
2024,12,3,18,0.0,24.24,94.81,2.7,2024-12-03 18:00:00,1.00342,0.0,0.0
2024,12,3,19,0.0,23.92,96.02,2.87,2024-12-03 19:00:00,1.00486,0.0,0.0
2024,12,3,20,0.0,23.68,96.02,3.07,2024-12-03 20:00:00,1.00594,0.0,0.0
2024,12,3,21,0.0,23.49,96.33,2.93,2024-12-03 21:00:00,1.006795,0.0,0.0
2024,12,3,22,0.0,23.37,96.81,2.61,2024-12-03 22:00:00,1.007335,0.0,0.0
2024,12,3,23,0.0,23.38,96.86,2.6,2024-12-03 23:00:00,1.00729,0.0,0.0
2024,12,4,0,0.0,23.42,96.98,2.62,2024-12-04 00:00:00,1.00711,0.0,0.0
2024,12,4,1,0.0,23.49,97.1,2.76,2024-12-04 01:00:00,1.006795,0.0,0.0
2024,12,4,2,0.0,23.55,97.09,2.84,2024-12-04 02:00:00,1.006525,0.0,0.0
2024,12,4,3,0.0,23.59,97.07,2.95,2024-12-04 03:00:00,1.006345,0.0,0.0
2024,12,4,4,0.0,23.59,97.09,2.81,2024-12-04 04:00:00,1.006345,0.0,0.0
2024,12,4,5,15.25,23.6,96.99,2.67,2024-12-04 05:00:00,1.0063,1.5346075,1.5346075
2024,12,4,6,144.18,24.07,95.49,3.32,2024-12-04 06:00:00,1.004185,14.478339330000003,14.478339330000003
2024,12,4,7,333.25,24.54,93.65,3.76,2024-12-04 07:00:00,1.00207,33.39398275,33.39398275
2024,12,4,8,535.95,25.06,91.35,4.17,2024-12-04 08:00:00,0.99973,53.580529350000006,53.580529350000006
2024,12,4,9,644.47,25.66,88.6,4.33,2024-12-04 09:00:00,0.99703,64.25559241,64.25559241
2024,12,4,10,647.72,26.25,85.97,4.4,2024-12-04 10:00:00,0.994375,64.4076575,64.4076575
2024,12,4,11,641.53,26.65,83.64,4.47,2024-12-04 11:00:00,0.992575,63.67666397499999,63.67666397499999
2024,12,4,12,601.0,26.75,82.48,4.4,2024-12-04 12:00:00,0.992125,59.6267125,59.6267125
2024,12,4,13,545.55,26.76,82.06,4.26,2024-12-04 13:00:00,0.99208,54.122924399999995,54.122924399999995
2024,12,4,14,370.6,26.56,83.13,4.18,2024-12-04 14:00:00,0.99298,36.7998388,36.7998388
2024,12,4,15,164.18,26.04,86.21,4.05,2024-12-04 15:00:00,0.99532,16.341163760000004,16.341163760000004
2024,12,4,16,83.57,25.41,89.99,3.73,2024-12-04 16:00:00,0.998155,8.341581334999999,8.341581334999999
2024,12,4,17,11.43,24.69,94.44,2.84,2024-12-04 17:00:00,1.001395,1.144594485,1.144594485
2024,12,4,18,0.0,24.15,96.75,2.14,2024-12-04 18:00:00,1.003825,0.0,0.0
2024,12,4,19,0.0,23.97,97.17,1.96,2024-12-04 19:00:00,1.004635,0.0,0.0
2024,12,4,20,0.0,23.8,97.68,1.87,2024-12-04 20:00:00,1.0054,0.0,0.0
2024,12,4,21,0.0,23.68,97.75,1.91,2024-12-04 21:00:00,1.00594,0.0,0.0
2024,12,4,22,0.0,23.58,97.78,1.88,2024-12-04 22:00:00,1.0063900000000001,0.0,0.0
2024,12,4,23,0.0,23.47,98.31,1.81,2024-12-04 23:00:00,1.006885,0.0,0.0
2024,12,5,0,0.0,23.45,98.18,1.83,2024-12-05 00:00:00,1.006975,0.0,0.0
2024,12,5,1,0.0,23.34,98.41,1.86,2024-12-05 01:00:00,1.00747,0.0,0.0
2024,12,5,2,0.0,23.2,98.62,1.82,2024-12-05 02:00:00,1.0081,0.0,0.0
2024,12,5,3,0.0,23.1,98.51,1.7,2024-12-05 03:00:00,1.00855,0.0,0.0
2024,12,5,4,0.0,23.16,97.48,1.38,2024-12-05 04:00:00,1.00828,0.0,0.0
2024,12,5,5,18.12,23.41,95.51,0.91,2024-12-05 05:00:00,1.007155,1.8249648600000001,1.8249648600000001
2024,12,5,6,144.9,24.46,91.52,0.72,2024-12-05 06:00:00,1.00243,14.525210699999999,14.525210699999999
2024,12,5,7,323.2,25.92,83.37,0.91,2024-12-05 07:00:00,0.99586,32.1861952,32.1861952
2024,12,5,8,487.38,27.46,76.84,1.35,2024-12-05 08:00:00,0.98893,48.19847034,48.19847034
2024,12,5,9,594.2,28.68,72.54,1.74,2024-12-05 09:00:00,0.98344,58.436004800000006,58.436004800000006
2024,12,5,10,679.15,29.45,70.39,2.02,2024-12-05 10:00:00,0.979975,66.55500212500002,66.55500212500002
2024,12,5,11,719.5,29.8,69.63,2.0,2024-12-05 11:00:00,0.9784,70.39588,70.39588
2024,12,5,12,635.6,29.88,69.84,1.85,2024-12-05 12:00:00,0.97804,62.16422240000001,62.16422240000001
2024,12,5,13,528.3,29.8,70.95,1.79,2024-12-05 13:00:00,0.9784,51.688872,51.688872
2024,12,5,14,254.2,29.21,74.27,1.83,2024-12-05 14:00:00,0.981055,24.9384181,24.9384181
2024,12,5,15,127.57,28.39,79.62,1.98,2024-12-05 15:00:00,0.984745,12.562391965,12.562391965
2024,12,5,16,56.8,27.47,85.62,1.91,2024-12-05 16:00:00,0.988885,5.6168667999999995,5.6168667999999995
2024,12,5,17,5.82,26.48,90.74,1.93,2024-12-05 17:00:00,0.99334,0.57812388,0.57812388
2024,12,5,18,0.0,25.55,95.1,1.76,2024-12-05 18:00:00,0.997525,0.0,0.0
2024,12,5,19,0.0,25.24,95.97,1.68,2024-12-05 19:00:00,0.99892,0.0,0.0
2024,12,5,20,0.0,24.91,96.63,1.57,2024-12-05 20:00:00,1.000405,0.0,0.0
2024,12,5,21,0.0,24.81,96.82,1.51,2024-12-05 21:00:00,1.000855,0.0,0.0
2024,12,5,22,0.0,24.61,96.94,1.65,2024-12-05 22:00:00,1.001755,0.0,0.0
2024,12,5,23,0.0,24.48,96.82,2.13,2024-12-05 23:00:00,1.00234,0.0,0.0
2024,12,6,0,0.0,24.41,96.51,2.78,2024-12-06 00:00:00,1.002655,0.0,0.0
2024,12,6,1,0.0,24.28,96.28,3.19,2024-12-06 01:00:00,1.00324,0.0,0.0
2024,12,6,2,0.0,24.14,96.17,3.64,2024-12-06 02:00:00,1.00387,0.0,0.0
2024,12,6,3,0.0,24.15,95.65,4.68,2024-12-06 03:00:00,1.003825,0.0,0.0
2024,12,6,4,0.0,24.1,95.71,5.04,2024-12-06 04:00:00,1.0040499999999999,0.0,0.0
2024,12,6,5,12.15,24.03,95.55,5.27,2024-12-06 05:00:00,1.004365,1.220303475,1.220303475
2024,12,6,6,113.6,24.22,94.9,5.36,2024-12-06 06:00:00,1.00351,11.399873599999998,11.399873599999998
2024,12,6,7,272.88,24.71,93.46,5.36,2024-12-06 07:00:00,1.001305,27.323610839999997,27.323610839999997
2024,12,6,8,421.77,25.49,89.34,5.3,2024-12-06 08:00:00,0.997795,42.083999715,42.083999715
2024,12,6,9,531.05,26.54,84.4,5.19,2024-12-06 09:00:00,0.99307,52.73698234999999,52.73698234999999
2024,12,6,10,627.83,27.46,80.22,5.12,2024-12-06 10:00:00,0.98893,62.08799219,62.08799219
2024,12,6,11,626.9,28.05,77.73,4.96,2024-12-06 11:00:00,0.986275,61.82957975,61.82957975
2024,12,6,12,584.17,28.36,76.86,4.64,2024-12-06 12:00:00,0.98488,57.53373496,57.53373496
2024,12,6,13,413.12,28.36,76.78,4.18,2024-12-06 13:00:00,0.98488,40.68736256,40.68736256
2024,12,6,14,175.55,28.09,77.75,3.73,2024-12-06 14:00:00,0.986095,17.310897725,17.310897725
2024,12,6,15,89.8,27.56,80.72,3.22,2024-12-06 15:00:00,0.98848,8.8765504,8.8765504
2024,12,6,16,46.45,26.88,85.07,2.78,2024-12-06 16:00:00,0.99154,4.6057033,4.6057033
2024,12,6,17,6.95,25.84,91.09,2.27,2024-12-06 17:00:00,0.99622,0.6923729000000001,0.6923729000000001
2024,12,6,18,0.0,24.95,93.97,2.44,2024-12-06 18:00:00,1.000225,0.0,0.0
2024,12,6,19,0.0,24.64,94.95,2.47,2024-12-06 19:00:00,1.00162,0.0,0.0
2024,12,6,20,0.0,24.32,96.19,1.78,2024-12-06 20:00:00,1.00306,0.0,0.0
2024,12,6,21,0.0,24.14,96.62,1.34,2024-12-06 21:00:00,1.00387,0.0,0.0
2024,12,6,22,0.0,24.04,96.65,1.2,2024-12-06 22:00:00,1.00432,0.0,0.0
2024,12,6,23,0.0,23.86,97.15,1.3,2024-12-06 23:00:00,1.00513,0.0,0.0
2024,12,7,0,0.0,23.68,97.62,1.39,2024-12-07 00:00:00,1.00594,0.0,0.0
2024,12,7,1,0.0,23.56,97.8,1.37,2024-12-07 01:00:00,1.00648,0.0,0.0
2024,12,7,2,0.0,23.58,97.33,1.23,2024-12-07 02:00:00,1.0063900000000001,0.0,0.0
2024,12,7,3,0.0,23.59,96.89,1.13,2024-12-07 03:00:00,1.006345,0.0,0.0
2024,12,7,4,0.0,23.5,96.96,1.17,2024-12-07 04:00:00,1.00675,0.0,0.0
2024,12,7,5,11.15,23.37,97.54,1.4,2024-12-07 05:00:00,1.007335,1.1231785250000001,1.1231785250000001
2024,12,7,6,108.03,24.6,93.98,2.16,2024-12-07 06:00:00,1.0018,10.822445400000001,10.822445400000001
2024,12,7,7,252.93,25.66,89.3,2.9,2024-12-07 07:00:00,0.99703,25.217879789999998,25.217879789999998
2024,12,7,8,380.3,26.86,83.66,3.4,2024-12-07 08:00:00,0.99163,37.7116889,37.7116889
2024,12,7,9,592.25,27.89,79.02,3.36,2024-12-07 09:00:00,0.986995,58.454778875,58.454778875
2024,12,7,10,699.3,28.59,76.24,3.06,2024-12-07 10:00:00,0.983845,68.80028085,68.80028085
2024,12,7,11,678.65,29.11,74.1,2.86,2024-12-07 11:00:00,0.981505,66.60983682499999,66.60983682499999
2024,12,7,12,623.88,29.48,72.38,2.85,2024-12-07 12:00:00,0.97984,61.13025792,61.13025792
2024,12,7,13,541.35,29.68,71.17,2.81,2024-12-07 13:00:00,0.97894,52.9949169,52.9949169
2024,12,7,14,306.5,29.72,70.5,2.62,2024-12-07 14:00:00,0.97876,29.998993999999996,29.998993999999996
2024,12,7,15,105.12,29.5,70.86,2.36,2024-12-07 15:00:00,0.97975,10.299132,10.299132
2024,12,7,16,51.1,28.87,74.51,2.0,2024-12-07 16:00:00,0.982585,5.021009350000001,5.021009350000001
2024,12,7,17,8.1,27.62,83.3,1.4,2024-12-07 17:00:00,0.98821,0.8004500999999999,0.8004500999999999
2024,12,7,18,0.0,26.54,87.12,1.06,2024-12-07 18:00:00,0.99307,0.0,0.0
2024,12,7,19,0.0,26.35,85.96,0.8,2024-12-07 19:00:00,0.993925,0.0,0.0
2024,12,7,20,0.0,26.16,85.88,0.59,2024-12-07 20:00:00,0.99478,0.0,0.0
2024,12,7,21,0.0,25.9,87.08,0.45,2024-12-07 21:00:00,0.99595,0.0,0.0
2024,12,7,22,0.0,25.75,87.42,0.35,2024-12-07 22:00:00,0.996625,0.0,0.0
2024,12,7,23,0.0,25.53,88.35,0.42,2024-12-07 23:00:00,0.997615,0.0,0.0
2024,12,8,0,0.0,25.17,90.41,0.54,2024-12-08 00:00:00,0.999235,0.0,0.0
2024,12,8,1,0.0,24.94,91.41,0.59,2024-12-08 01:00:00,1.00027,0.0,0.0
2024,12,8,2,0.0,24.6,92.76,0.91,2024-12-08 02:00:00,1.0018,0.0,0.0
2024,12,8,3,0.0,24.07,95.37,1.4,2024-12-08 03:00:00,1.004185,0.0,0.0
2024,12,8,4,0.0,23.78,96.54,1.6,2024-12-08 04:00:00,1.00549,0.0,0.0
2024,12,8,5,14.75,23.82,96.25,1.46,2024-12-08 05:00:00,1.00531,1.4828322499999997,1.4828322499999997
2024,12,8,6,126.25,25.64,90.89,1.32,2024-12-08 06:00:00,0.99712,12.58864,12.58864
2024,12,8,7,292.83,27.29,80.93,2.03,2024-12-08 07:00:00,0.989695,28.981238684999997,28.981238684999997
2024,12,8,8,483.92,28.53,75.47,2.94,2024-12-08 08:00:00,0.984115,47.62329308,47.62329308
2024,12,8,9,679.38,29.56,72.25,3.62,2024-12-08 09:00:00,0.97948,66.54391224,66.54391224
2024,12,8,10,637.0,30.09,71.05,3.69,2024-12-08 10:00:00,0.977095,62.24095150000001,62.24095150000001
2024,12,8,11,690.15,30.28,71.17,3.23,2024-12-08 11:00:00,0.97624,67.37520359999999,67.37520359999999
2024,12,8,12,654.35,30.33,71.46,2.77,2024-12-08 12:00:00,0.976015,63.865541525,63.865541525
2024,12,8,13,493.77,30.34,71.58,2.17,2024-12-08 13:00:00,0.97597,48.19047069,48.19047069
2024,12,8,14,389.75,29.85,73.69,1.46,2024-12-08 14:00:00,0.978175,38.124370625000005,38.124370625000005
2024,12,8,15,172.05,28.96,77.97,1.32,2024-12-08 15:00:00,0.98218,16.8984069,16.8984069
2024,12,8,16,75.28,27.94,84.18,1.92,2024-12-08 16:00:00,0.98677,7.42840456,7.42840456
2024,12,8,17,9.1,26.96,90.25,1.94,2024-12-08 17:00:00,0.99118,0.9019737999999999,0.9019737999999999
2024,12,8,18,0.0,26.32,94.61,1.78,2024-12-08 18:00:00,0.9940599999999999,0.0,0.0
2024,12,8,19,0.0,25.93,95.98,2.03,2024-12-08 19:00:00,0.995815,0.0,0.0
2024,12,8,20,0.0,25.73,96.69,1.96,2024-12-08 20:00:00,0.996715,0.0,0.0
2024,12,8,21,0.0,25.63,96.95,1.89,2024-12-08 21:00:00,0.997165,0.0,0.0
2024,12,8,22,0.0,25.51,97.18,1.76,2024-12-08 22:00:00,0.997705,0.0,0.0
2024,12,8,23,0.0,25.45,97.28,1.63,2024-12-08 23:00:00,0.9979750000000001,0.0,0.0
2024,12,9,0,0.0,25.16,97.54,1.57,2024-12-09 00:00:00,0.99928,0.0,0.0
2024,12,9,1,0.0,24.85,97.94,1.64,2024-12-09 01:00:00,1.000675,0.0,0.0
2024,12,9,2,0.0,24.62,98.18,1.66,2024-12-09 02:00:00,1.00171,0.0,0.0
2024,12,9,3,0.0,24.44,98.26,1.68,2024-12-09 03:00:00,1.00252,0.0,0.0
2024,12,9,4,0.0,24.25,98.35,1.67,2024-12-09 04:00:00,1.003375,0.0,0.0
2024,12,9,5,7.57,24.21,98.08,1.62,2024-12-09 05:00:00,1.003555,0.759691135,0.759691135
2024,12,9,6,84.85,25.5,94.17,1.84,2024-12-09 06:00:00,0.99775,8.46590875,8.46590875
2024,12,9,7,215.52,26.21,89.32,1.99,2024-12-09 07:00:00,0.994555,21.43464936,21.43464936
2024,12,9,8,396.55,27.09,84.19,2.03,2024-12-09 08:00:00,0.990595,39.282044725,39.282044725
2024,12,9,9,686.83,27.95,79.75,2.36,2024-12-09 09:00:00,0.986725,67.771233175,67.771233175
2024,12,9,10,756.28,28.39,78.58,2.84,2024-12-09 10:00:00,0.984745,74.47429486,74.47429486
2024,12,9,11,642.72,28.57,78.17,3.37,2024-12-09 11:00:00,0.983935,63.23947032,63.23947032
2024,12,9,12,590.6,28.59,77.93,3.75,2024-12-09 12:00:00,0.983845,58.1058857,58.1058857
2024,12,9,13,484.7,28.52,78.1,3.85,2024-12-09 13:00:00,0.98416,47.702235200000004,47.702235200000004
2024,12,9,14,375.75,28.18,80.31,3.64,2024-12-09 14:00:00,0.98569,37.03730175,37.03730175
2024,12,9,15,195.4,27.77,83.64,3.23,2024-12-09 15:00:00,0.987535,19.296433900000004,19.296433900000004
2024,12,9,16,107.18,27.16,88.11,2.66,2024-12-09 16:00:00,0.99028,10.613821040000003,10.613821040000003
2024,12,9,17,13.85,26.31,93.89,1.8,2024-12-09 17:00:00,0.994105,1.3768354250000001,1.3768354250000001
2024,12,9,18,0.0,25.58,96.42,1.6,2024-12-09 18:00:00,0.99739,0.0,0.0
2024,12,9,19,0.0,25.32,96.79,1.62,2024-12-09 19:00:00,0.99856,0.0,0.0
2024,12,9,20,0.0,25.08,97.31,1.76,2024-12-09 20:00:00,0.99964,0.0,0.0
2024,12,9,21,0.0,24.84,97.97,1.9,2024-12-09 21:00:00,1.00072,0.0,0.0
2024,12,9,22,0.0,24.62,98.74,1.96,2024-12-09 22:00:00,1.00171,0.0,0.0
2024,12,9,23,0.0,24.52,99.0,1.99,2024-12-09 23:00:00,1.00216,0.0,0.0
2024,12,10,0,0.0,24.5,98.88,2.05,2024-12-10 00:00:00,1.00225,0.0,0.0
2024,12,10,1,0.0,24.48,98.69,2.14,2024-12-10 01:00:00,1.00234,0.0,0.0
2024,12,10,2,0.0,24.45,98.58,2.23,2024-12-10 02:00:00,1.002475,0.0,0.0
2024,12,10,3,0.0,24.42,98.35,2.29,2024-12-10 03:00:00,1.00261,0.0,0.0
2024,12,10,4,0.0,24.29,98.39,2.28,2024-12-10 04:00:00,1.003195,0.0,0.0
2024,12,10,5,15.65,24.18,98.27,2.24,2024-12-10 05:00:00,1.00369,1.57077485,1.57077485
2024,12,10,6,174.32,25.4,94.27,3.16,2024-12-10 06:00:00,0.9982,17.4006224,17.4006224
2024,12,10,7,377.45,26.26,89.76,3.76,2024-12-10 07:00:00,0.99433,37.53098585,37.53098585
2024,12,10,8,579.35,27.36,83.82,4.29,2024-12-10 08:00:00,0.98938,57.3197303,57.3197303
2024,12,10,9,623.97,28.39,79.37,4.58,2024-12-10 09:00:00,0.984745,61.445133765,61.445133765
2024,12,10,10,667.67,29.09,76.8,4.88,2024-12-10 10:00:00,0.981595,65.538153365,65.538153365
2024,12,10,11,626.4,29.26,76.09,5.19,2024-12-10 11:00:00,0.98083,61.43919119999999,61.43919119999999
2024,12,10,12,497.65,29.39,75.95,5.64,2024-12-10 12:00:00,0.980245,48.781892425,48.781892425
2024,12,10,13,311.7,29.38,76.09,6.15,2024-12-10 13:00:00,0.98029,30.5556393,30.5556393
2024,12,10,14,202.6,28.87,78.67,6.41,2024-12-10 14:00:00,0.982585,19.907172100000004,19.907172100000004
2024,12,10,15,58.22,27.95,83.67,6.34,2024-12-10 15:00:00,0.986725,5.74471295,5.74471295
2024,12,10,16,30.52,27.08,88.27,5.89,2024-12-10 16:00:00,0.99064,3.02343328,3.02343328
2024,12,10,17,5.45,26.23,92.4,4.75,2024-12-10 17:00:00,0.994465,0.5419834250000001,0.5419834250000001
2024,12,10,18,0.0,25.57,94.51,4.02,2024-12-10 18:00:00,0.997435,0.0,0.0
2024,12,10,19,0.0,25.3,95.24,3.81,2024-12-10 19:00:00,0.99865,0.0,0.0
2024,12,10,20,0.0,25.21,95.25,3.91,2024-12-10 20:00:00,0.999055,0.0,0.0
2024,12,10,21,0.0,25.08,95.58,3.52,2024-12-10 21:00:00,0.99964,0.0,0.0
2024,12,10,22,0.0,24.91,95.92,3.03,2024-12-10 22:00:00,1.000405,0.0,0.0
2024,12,10,23,0.0,24.75,96.19,2.6,2024-12-10 23:00:00,1.001125,0.0,0.0
2024,12,11,0,0.0,24.58,96.58,2.27,2024-12-11 00:00:00,1.00189,0.0,0.0
2024,12,11,1,0.0,24.46,96.8,2.11,2024-12-11 01:00:00,1.00243,0.0,0.0
2024,12,11,2,0.0,24.39,96.9,2.1,2024-12-11 02:00:00,1.002745,0.0,0.0
2024,12,11,3,0.0,24.29,97.26,2.0,2024-12-11 03:00:00,1.003195,0.0,0.0
2024,12,11,4,0.0,24.21,97.39,1.95,2024-12-11 04:00:00,1.003555,0.0,0.0
2024,12,11,5,16.15,24.17,97.35,1.77,2024-12-11 05:00:00,1.003735,1.6210320249999999,1.6210320249999999
2024,12,11,6,186.07,25.03,95.05,1.6,2024-12-11 06:00:00,0.999865,18.604488055,18.604488055
2024,12,11,7,416.83,25.7,91.22,1.92,2024-12-11 07:00:00,0.99685,41.55169855,41.55169855
2024,12,11,8,618.47,26.24,89.17,2.86,2024-12-11 08:00:00,0.99442,61.50189374000001,61.50189374000001
2024,12,11,9,784.72,26.82,88.08,3.74,2024-12-11 09:00:00,0.99181,77.82931432,77.82931432
2024,12,11,10,860.53,27.57,85.26,4.42,2024-12-11 10:00:00,0.988435,85.057797055,85.057797055
2024,12,11,11,862.28,28.19,81.51,4.45,2024-12-11 11:00:00,0.985645,84.99019706,84.99019706
2024,12,11,12,731.62,28.58,77.46,4.27,2024-12-11 12:00:00,0.98389,71.98336018,71.98336018
2024,12,11,13,585.85,28.54,75.12,4.01,2024-12-11 13:00:00,0.98407,57.651740950000004,57.651740950000004
2024,12,11,14,399.67,27.98,76.37,3.53,2024-12-11 14:00:00,0.98659,39.431042530000006,39.431042530000006
2024,12,11,15,129.32,26.96,80.86,2.68,2024-12-11 15:00:00,0.99118,12.817939759999998,12.817939759999998
2024,12,11,16,59.12,26.51,81.98,2.05,2024-12-11 16:00:00,0.993205,5.87182796,5.87182796
2024,12,11,17,7.55,26.35,82.79,0.88,2024-12-11 17:00:00,0.993925,0.7504133749999998,0.7504133749999998
2024,12,11,18,0.0,26.13,82.93,0.1,2024-12-11 18:00:00,0.994915,0.0,0.0
2024,12,11,19,0.0,25.73,88.72,0.23,2024-12-11 19:00:00,0.996715,0.0,0.0
2024,12,11,20,0.0,25.59,85.4,0.3,2024-12-11 20:00:00,0.997345,0.0,0.0
2024,12,11,21,0.0,25.39,86.01,0.49,2024-12-11 21:00:00,0.998245,0.0,0.0
2024,12,11,22,0.0,25.2,87.17,0.66,2024-12-11 22:00:00,0.9991,0.0,0.0
2024,12,11,23,0.0,24.99,88.38,0.9,2024-12-11 23:00:00,1.000045,0.0,0.0
2024,12,12,0,0.0,24.75,89.64,1.08,2024-12-12 00:00:00,1.001125,0.0,0.0
2024,12,12,1,0.0,24.58,90.2,1.12,2024-12-12 01:00:00,1.00189,0.0,0.0
2024,12,12,2,0.0,24.36,91.01,1.13,2024-12-12 02:00:00,1.00288,0.0,0.0
2024,12,12,3,0.0,23.98,92.63,1.24,2024-12-12 03:00:00,1.00459,0.0,0.0
2024,12,12,4,0.0,23.67,94.17,1.36,2024-12-12 04:00:00,1.005985,0.0,0.0
2024,12,12,5,8.6,23.62,94.71,1.27,2024-12-12 05:00:00,1.00621,0.8653406,0.8653406
2024,12,12,6,77.32,25.49,91.09,0.95,2024-12-12 06:00:00,0.997795,7.7149509400000005,7.7149509400000005
2024,12,12,7,200.88,27.83,75.7,1.73,2024-12-12 07:00:00,0.9872650000000001,19.83217932,19.83217932
2024,12,12,8,222.52,28.91,69.05,2.84,2024-12-12 08:00:00,0.982405,21.860476060000003,21.860476060000003
2024,12,12,9,366.65,29.73,67.11,3.3,2024-12-12 09:00:00,0.978715,35.884585475,35.884585475
2024,12,12,10,513.62,30.33,66.13,3.45,2024-12-12 10:00:00,0.976015,50.130082429999995,50.130082429999995
2024,12,12,11,617.35,30.36,66.44,3.36,2024-12-12 11:00:00,0.97588,60.24595180000001,60.24595180000001
2024,12,12,12,591.5,30.08,67.7,3.27,2024-12-12 12:00:00,0.97714,57.79783100000001,57.79783100000001
2024,12,12,13,460.38,29.72,69.64,3.13,2024-12-12 13:00:00,0.97876,45.060152880000004,45.060152880000004
2024,12,12,14,334.73,29.24,72.47,2.89,2024-12-12 14:00:00,0.98092,32.83433516000001,32.83433516000001
2024,12,12,15,192.98,28.63,76.57,2.47,2024-12-12 15:00:00,0.983665,18.98276717,18.98276717
2024,12,12,16,96.43,27.91,81.66,1.83,2024-12-12 16:00:00,0.986905,9.516724915000001,9.516724915000001
2024,12,12,17,15.88,27.08,86.54,1.47,2024-12-12 17:00:00,0.99064,1.57313632,1.57313632
2024,12,12,18,0.0,26.32,92.9,1.04,2024-12-12 18:00:00,0.9940599999999999,0.0,0.0
2024,12,12,19,0.0,26.14,92.65,0.78,2024-12-12 19:00:00,0.99487,0.0,0.0
2024,12,12,20,0.0,26.18,89.67,0.38,2024-12-12 20:00:00,0.99469,0.0,0.0
2024,12,12,21,0.0,25.99,89.87,0.39,2024-12-12 21:00:00,0.995545,0.0,0.0
2024,12,12,22,0.0,25.56,92.65,0.84,2024-12-12 22:00:00,0.99748,0.0,0.0
2024,12,12,23,0.0,25.1,94.83,1.16,2024-12-12 23:00:00,0.9995499999999999,0.0,0.0
2024,12,13,0,0.0,24.8,95.56,1.35,2024-12-13 00:00:00,1.0009,0.0,0.0
2024,12,13,1,0.0,24.57,96.0,1.39,2024-12-13 01:00:00,1.001935,0.0,0.0
2024,12,13,2,0.0,24.37,96.38,1.41,2024-12-13 02:00:00,1.002835,0.0,0.0
2024,12,13,3,0.0,24.27,96.5,1.38,2024-12-13 03:00:00,1.003285,0.0,0.0
2024,12,13,4,0.0,24.15,96.65,1.47,2024-12-13 04:00:00,1.003825,0.0,0.0
2024,12,13,5,16.42,24.15,96.38,1.59,2024-12-13 05:00:00,1.003825,1.64828065,1.64828065
2024,12,13,6,182.43,25.63,91.14,2.07,2024-12-13 06:00:00,0.997165,18.191281095,18.191281095
2024,12,13,7,419.2,27.05,83.41,2.25,2024-12-13 07:00:00,0.990775,41.53328799999999,41.53328799999999
2024,12,13,8,651.15,28.61,73.94,2.57,2024-12-13 08:00:00,0.983755,64.057206825,64.057206825
2024,12,13,9,802.03,29.79,68.13,3.41,2024-12-13 09:00:00,0.978445,78.474224335,78.474224335
2024,12,13,10,892.8,30.5,65.66,4.12,2024-12-13 10:00:00,0.97525,87.07031999999998,87.07031999999998
2024,12,13,11,838.5,30.98,64.52,4.41,2024-12-13 11:00:00,0.97309,81.5935965,81.5935965
2024,12,13,12,708.2,31.19,64.18,4.44,2024-12-13 12:00:00,0.972145,68.84730890000002,68.84730890000002
2024,12,13,13,700.33,31.14,64.49,4.24,2024-12-13 13:00:00,0.97237,68.09798821,68.09798821
2024,12,13,14,546.8,30.82,65.75,3.91,2024-12-13 14:00:00,0.97381,53.24793079999999,53.24793079999999
2024,12,13,15,255.93,30.16,68.43,3.42,2024-12-13 15:00:00,0.97678,24.99873054,24.99873054
2024,12,13,16,124.43,29.07,74.91,2.63,2024-12-13 16:00:00,0.981685,12.215106455000003,12.215106455000003
2024,12,13,17,20.02,27.8,83.33,2.04,2024-12-13 17:00:00,0.9873999999999999,1.9767747999999996,1.9767747999999996
2024,12,13,18,0.0,26.81,91.54,1.52,2024-12-13 18:00:00,0.991855,0.0,0.0
2024,12,13,19,0.0,26.41,93.72,1.43,2024-12-13 19:00:00,0.993655,0.0,0.0
2024,12,13,20,0.0,26.11,95.46,1.32,2024-12-13 20:00:00,0.995005,0.0,0.0
2024,12,13,21,0.0,25.9,96.67,1.33,2024-12-13 21:00:00,0.99595,0.0,0.0
2024,12,13,22,0.0,25.8,97.16,1.63,2024-12-13 22:00:00,0.9964,0.0,0.0
2024,12,13,23,0.0,25.79,96.95,2.4,2024-12-13 23:00:00,0.996445,0.0,0.0
2024,12,14,0,0.0,25.72,96.79,3.08,2024-12-14 00:00:00,0.99676,0.0,0.0
2024,12,14,1,0.0,25.62,96.79,3.19,2024-12-14 01:00:00,0.99721,0.0,0.0
2024,12,14,2,0.0,25.44,96.93,2.93,2024-12-14 02:00:00,0.99802,0.0,0.0
2024,12,14,3,0.0,25.09,97.45,2.28,2024-12-14 03:00:00,0.999595,0.0,0.0
2024,12,14,4,0.0,24.78,97.76,1.93,2024-12-14 04:00:00,1.00099,0.0,0.0
2024,12,14,5,4.62,24.69,97.34,1.63,2024-12-14 05:00:00,1.001395,0.46264449,0.46264449
2024,12,14,6,40.78,25.24,96.38,1.78,2024-12-14 06:00:00,0.99892,4.073595760000001,4.073595760000001
2024,12,14,7,94.75,25.74,93.18,2.78,2024-12-14 07:00:00,0.9966700000000001,9.44344825,9.44344825
2024,12,14,8,163.52,26.34,88.23,2.99,2024-12-14 08:00:00,0.99397,16.25339744,16.25339744
2024,12,14,9,214.5,26.78,84.15,2.66,2024-12-14 09:00:00,0.99199,21.2781855,21.2781855
2024,12,14,10,261.4,27.03,80.98,2.19,2024-12-14 10:00:00,0.990865,25.901211099999998,25.901211099999998
2024,12,14,11,342.75,27.17,78.55,1.73,2024-12-14 11:00:00,0.990235,33.940304624999996,33.940304624999996
2024,12,14,12,425.88,27.54,74.66,1.25,2024-12-14 12:00:00,0.98857,42.10121916,42.10121916
2024,12,14,13,327.9,27.89,71.31,0.94,2024-12-14 13:00:00,0.986995,32.363566049999996,32.363566049999996
2024,12,14,14,308.05,27.87,71.63,0.78,2024-12-14 14:00:00,0.987085,30.407153425,30.407153425
2024,12,14,15,224.4,27.75,73.35,0.57,2024-12-14 15:00:00,0.987625,22.162305,22.162305
2024,12,14,16,112.72,27.42,76.47,0.48,2024-12-14 16:00:00,0.98911,11.14924792,11.14924792
2024,12,14,17,19.27,26.82,82.03,0.45,2024-12-14 17:00:00,0.99181,1.9112178699999998,1.9112178699999998
2024,12,14,18,0.0,26.28,83.34,0.59,2024-12-14 18:00:00,0.99424,0.0,0.0
2024,12,14,19,0.0,25.83,87.2,0.94,2024-12-14 19:00:00,0.996265,0.0,0.0
2024,12,14,20,0.0,25.23,93.1,1.34,2024-12-14 20:00:00,0.998965,0.0,0.0
2024,12,14,21,0.0,24.89,95.06,1.61,2024-12-14 21:00:00,1.000495,0.0,0.0
2024,12,14,22,0.0,24.69,95.73,1.75,2024-12-14 22:00:00,1.001395,0.0,0.0
2024,12,14,23,0.0,24.42,96.27,1.68,2024-12-14 23:00:00,1.00261,0.0,0.0
2024,12,15,0,0.0,24.11,96.45,1.68,2024-12-15 00:00:00,1.004005,0.0,0.0
2024,12,15,1,0.0,23.85,96.44,1.53,2024-12-15 01:00:00,1.005175,0.0,0.0
2024,12,15,2,0.0,23.82,94.97,1.01,2024-12-15 02:00:00,1.00531,0.0,0.0
2024,12,15,3,0.0,23.59,94.87,1.03,2024-12-15 03:00:00,1.006345,0.0,0.0
2024,12,15,4,0.0,23.43,94.7,1.14,2024-12-15 04:00:00,1.007065,0.0,0.0
2024,12,15,5,10.73,23.48,94.41,1.1,2024-12-15 05:00:00,1.00684,1.08033932,1.08033932
2024,12,15,6,110.5,25.1,88.56,0.89,2024-12-15 06:00:00,0.9995499999999999,11.0450275,11.0450275
2024,12,15,7,257.55,27.25,78.05,0.97,2024-12-15 07:00:00,0.989875,25.494230624999997,25.494230624999997
2024,12,15,8,463.77,28.04,74.79,1.92,2024-12-15 08:00:00,0.98632,45.742562639999996,45.742562639999996
2024,12,15,9,663.62,28.58,74.14,2.68,2024-12-15 09:00:00,0.98389,65.29290818,65.29290818
2024,12,15,10,735.75,28.96,73.5,3.26,2024-12-15 10:00:00,0.98218,72.26389350000001,72.26389350000001
2024,12,15,11,732.53,29.1,72.98,3.53,2024-12-15 11:00:00,0.98155,71.90148215,71.90148215
2024,12,15,12,689.97,29.13,72.53,3.64,2024-12-15 12:00:00,0.981415,67.714690755,67.714690755
2024,12,15,13,286.45,29.01,72.33,3.63,2024-12-15 13:00:00,0.981955,28.128100975,28.128100975
2024,12,15,14,120.47,28.69,73.44,3.43,2024-12-15 14:00:00,0.983395,11.846959564999999,11.846959564999999
2024,12,15,15,41.42,27.97,76.97,2.99,2024-12-15 15:00:00,0.986635,4.086642169999999,4.086642169999999
2024,12,15,16,20.3,27.17,81.36,2.66,2024-12-15 16:00:00,0.990235,2.0101770500000002,2.0101770500000002
2024,12,15,17,3.53,26.04,87.75,1.98,2024-12-15 17:00:00,0.99532,0.35134795999999996,0.35134795999999996
2024,12,15,18,0.0,25.3,92.65,1.36,2024-12-15 18:00:00,0.99865,0.0,0.0
2024,12,15,19,0.0,24.95,94.66,1.17,2024-12-15 19:00:00,1.000225,0.0,0.0
2024,12,15,20,0.0,24.71,95.63,1.05,2024-12-15 20:00:00,1.001305,0.0,0.0
2024,12,15,21,0.0,24.5,96.35,1.0,2024-12-15 21:00:00,1.00225,0.0,0.0
2024,12,15,22,0.0,24.35,96.69,1.02,2024-12-15 22:00:00,1.002925,0.0,0.0
2024,12,15,23,0.0,24.23,96.89,1.06,2024-12-15 23:00:00,1.003465,0.0,0.0
2024,12,16,0,0.0,24.08,96.88,1.08,2024-12-16 00:00:00,1.00414,0.0,0.0
2024,12,16,1,0.0,23.97,96.23,1.0,2024-12-16 01:00:00,1.004635,0.0,0.0
2024,12,16,2,0.0,24.02,94.97,0.76,2024-12-16 02:00:00,1.00441,0.0,0.0
2024,12,16,3,0.0,23.92,94.77,0.66,2024-12-16 03:00:00,1.00486,0.0,0.0
2024,12,16,4,0.0,23.74,95.15,0.81,2024-12-16 04:00:00,1.00567,0.0,0.0
2024,12,16,5,11.1,23.54,95.94,1.0,2024-12-16 05:00:00,1.00657,1.1172927000000001,1.1172927000000001
2024,12,16,6,143.32,24.52,93.63,1.16,2024-12-16 06:00:00,1.00216,14.362957119999999,14.362957119999999
2024,12,16,7,336.77,25.59,87.77,1.15,2024-12-16 07:00:00,0.997345,33.58758756499999,33.58758756499999
2024,12,16,8,536.6,27.01,82.25,1.33,2024-12-16 08:00:00,0.990955,53.174645300000016,53.174645300000016
2024,12,16,9,635.72,27.82,78.6,2.04,2024-12-16 09:00:00,0.98731,62.765271320000004,62.765271320000004
2024,12,16,10,655.38,28.1,77.14,2.36,2024-12-16 10:00:00,0.98605,64.62374489999999,64.62374489999999
2024,12,16,11,666.85,28.26,76.25,2.56,2024-12-16 11:00:00,0.98533,65.70673105,65.70673105
2024,12,16,12,646.3,28.45,75.55,2.71,2024-12-16 12:00:00,0.984475,63.62661925,63.62661925
2024,12,16,13,590.95,28.62,75.38,2.73,2024-12-16 13:00:00,0.98371,58.13234245,58.13234245
2024,12,16,14,462.2,28.56,76.19,2.61,2024-12-16 14:00:00,0.98398,45.4795556,45.4795556
2024,12,16,15,275.98,28.19,78.04,2.35,2024-12-16 15:00:00,0.985645,27.20183071,27.20183071
2024,12,16,16,147.43,27.41,82.83,2.11,2024-12-16 16:00:00,0.989155,14.583112165000001,14.583112165000001
2024,12,16,17,26.2,26.36,89.54,1.73,2024-12-16 17:00:00,0.99388,2.6039655999999995,2.6039655999999995
2024,12,16,18,0.0,25.55,95.0,1.38,2024-12-16 18:00:00,0.997525,0.0,0.0
2024,12,16,19,0.0,25.29,95.72,1.45,2024-12-16 19:00:00,0.998695,0.0,0.0
2024,12,16,20,0.0,25.11,96.12,1.63,2024-12-16 20:00:00,0.999505,0.0,0.0
2024,12,16,21,0.0,24.99,96.21,1.94,2024-12-16 21:00:00,1.000045,0.0,0.0
2024,12,16,22,0.0,24.87,96.19,2.27,2024-12-16 22:00:00,1.000585,0.0,0.0
2024,12,16,23,0.0,24.62,96.57,2.36,2024-12-16 23:00:00,1.00171,0.0,0.0
2024,12,17,0,0.0,24.4,96.87,2.32,2024-12-17 00:00:00,1.0027,0.0,0.0
2024,12,17,1,0.0,24.22,97.29,2.14,2024-12-17 01:00:00,1.00351,0.0,0.0
2024,12,17,2,0.0,24.07,97.59,2.04,2024-12-17 02:00:00,1.004185,0.0,0.0
2024,12,17,3,0.0,24.05,97.34,1.99,2024-12-17 03:00:00,1.004275,0.0,0.0
2024,12,17,4,0.0,24.08,96.97,2.0,2024-12-17 04:00:00,1.00414,0.0,0.0
2024,12,17,5,12.45,24.08,96.87,1.97,2024-12-17 05:00:00,1.00414,1.2501543,1.2501543
2024,12,17,6,144.65,24.63,95.7,2.28,2024-12-17 06:00:00,1.001665,14.489084225000001,14.489084225000001
2024,12,17,7,322.08,25.16,93.89,2.54,2024-12-17 07:00:00,0.99928,32.18481024,32.18481024
2024,12,17,8,512.42,25.63,91.93,2.46,2024-12-17 08:00:00,0.997165,51.09672893,51.09672893
2024,12,17,9,663.6,26.21,89.21,2.49,2024-12-17 09:00:00,0.994555,65.9986698,65.9986698
2024,12,17,10,745.95,26.85,85.8,2.43,2024-12-17 10:00:00,0.991675,73.973996625,73.973996625
2024,12,17,11,739.33,27.37,82.48,2.18,2024-12-17 11:00:00,0.989335,73.144504555,73.144504555
2024,12,17,12,542.6,27.73,80.07,1.87,2024-12-17 12:00:00,0.987715,53.5934159,53.5934159
2024,12,17,13,339.98,27.9,78.53,1.88,2024-12-17 13:00:00,0.98695,33.5543261,33.5543261
2024,12,17,14,229.0,27.97,77.58,2.01,2024-12-17 14:00:00,0.986635,22.593941500000003,22.593941500000003
2024,12,17,15,61.4,27.68,79.62,1.82,2024-12-17 15:00:00,0.98794,6.0659516,6.0659516
2024,12,17,16,49.17,27.15,83.66,1.53,2024-12-17 16:00:00,0.990325,4.8694280249999995,4.8694280249999995
2024,12,17,17,12.18,26.32,89.25,1.35,2024-12-17 17:00:00,0.9940599999999999,1.2107650799999998,1.2107650799999998
2024,12,17,18,0.0,25.63,93.16,1.25,2024-12-17 18:00:00,0.997165,0.0,0.0
2024,12,17,19,0.0,25.31,94.52,1.36,2024-12-17 19:00:00,0.998605,0.0,0.0
2024,12,17,20,0.0,25.05,95.75,1.56,2024-12-17 20:00:00,0.999775,0.0,0.0
2024,12,17,21,0.0,24.9,96.51,1.81,2024-12-17 21:00:00,1.00045,0.0,0.0
2024,12,17,22,0.0,24.83,96.84,2.09,2024-12-17 22:00:00,1.000765,0.0,0.0
2024,12,17,23,0.0,24.84,96.73,2.32,2024-12-17 23:00:00,1.00072,0.0,0.0
2024,12,18,0,0.0,24.82,96.71,2.49,2024-12-18 00:00:00,1.00081,0.0,0.0
2024,12,18,1,0.0,24.73,96.4,2.58,2024-12-18 01:00:00,1.001215,0.0,0.0
2024,12,18,2,0.0,24.42,97.15,2.41,2024-12-18 02:00:00,1.00261,0.0,0.0
2024,12,18,3,0.0,24.16,97.97,2.28,2024-12-18 03:00:00,1.00378,0.0,0.0
2024,12,18,4,0.0,23.95,98.58,2.21,2024-12-18 04:00:00,1.004725,0.0,0.0
2024,12,18,5,9.1,23.89,98.57,2.19,2024-12-18 05:00:00,1.004995,0.9145454500000001,0.9145454500000001
2024,12,18,6,131.1,24.99,95.9,2.46,2024-12-18 06:00:00,1.000045,13.11058995,13.11058995
2024,12,18,7,289.95,25.77,92.67,3.33,2024-12-18 07:00:00,0.996535,28.894532324999997,28.894532324999997
2024,12,18,8,474.65,26.49,88.65,3.86,2024-12-18 08:00:00,0.993295,47.146747175,47.146747175
2024,12,18,9,576.2,27.29,84.44,4.22,2024-12-18 09:00:00,0.989695,57.02622590000001,57.02622590000001
2024,12,18,10,578.33,27.88,80.8,4.53,2024-12-18 10:00:00,0.98704,57.08348432,57.08348432
2024,12,18,11,609.08,28.26,78.69,4.76,2024-12-18 11:00:00,0.98533,60.01447964000001,60.01447964000001
2024,12,18,12,629.55,28.42,78.26,4.96,2024-12-18 12:00:00,0.98461,61.98612254999999,61.98612254999999
2024,12,18,13,551.65,28.37,78.46,5.3,2024-12-18 13:00:00,0.984835,54.328422775,54.328422775
2024,12,18,14,429.8,28.13,78.59,5.55,2024-12-18 14:00:00,0.985915,42.3746267,42.3746267
2024,12,18,15,267.42,27.7,79.89,5.54,2024-12-18 15:00:00,0.98785,26.417084699999997,26.417084699999997
2024,12,18,16,132.98,26.94,83.89,5.12,2024-12-18 16:00:00,0.99127,13.181908459999999,13.181908459999999
2024,12,18,17,26.12,25.8,90.81,3.83,2024-12-18 17:00:00,0.9964,2.6025968,2.6025968
2024,12,18,18,0.0,24.96,94.5,3.09,2024-12-18 18:00:00,1.00018,0.0,0.0
2024,12,18,19,0.0,24.74,95.42,3.11,2024-12-18 19:00:00,1.0011700000000001,0.0,0.0
2024,12,18,20,0.0,24.55,96.35,3.1,2024-12-18 20:00:00,1.002025,0.0,0.0
2024,12,18,21,0.0,24.32,97.07,3.01,2024-12-18 21:00:00,1.00306,0.0,0.0
2024,12,18,22,0.0,24.06,97.79,2.75,2024-12-18 22:00:00,1.00423,0.0,0.0
2024,12,18,23,0.0,23.83,98.16,2.52,2024-12-18 23:00:00,1.005265,0.0,0.0
2024,12,19,0,0.0,23.59,98.57,2.4,2024-12-19 00:00:00,1.006345,0.0,0.0
2024,12,19,1,0.0,23.27,99.19,2.24,2024-12-19 01:00:00,1.007785,0.0,0.0
2024,12,19,2,0.0,23.08,99.38,2.2,2024-12-19 02:00:00,1.00864,0.0,0.0
2024,12,19,3,0.0,22.89,99.58,2.19,2024-12-19 03:00:00,1.009495,0.0,0.0
2024,12,19,4,0.0,22.69,99.82,2.19,2024-12-19 04:00:00,1.010395,0.0,0.0
2024,12,19,5,13.48,22.79,99.05,2.08,2024-12-19 05:00:00,1.009945,1.3614058600000003,1.3614058600000003
2024,12,19,6,170.4,24.66,93.94,2.57,2024-12-19 06:00:00,1.00153,17.0660712,17.0660712
2024,12,19,7,387.98,26.17,87.24,3.65,2024-12-19 07:00:00,0.994735,38.59372853,38.59372853
2024,12,19,8,592.1,27.68,79.76,4.57,2024-12-19 08:00:00,0.98794,58.495927400000014,58.495927400000014
2024,12,19,9,743.03,28.94,73.52,5.14,2024-12-19 09:00:00,0.98227,72.98560780999999,72.98560780999999
2024,12,19,10,832.03,29.77,70.27,5.38,2024-12-19 10:00:00,0.978535,81.417047605,81.417047605
2024,12,19,11,881.92,30.18,69.41,5.47,2024-12-19 11:00:00,0.9766900000000001,86.13624448,86.13624448
2024,12,19,12,800.17,30.43,69.5,5.6,2024-12-19 12:00:00,0.975565,78.061784605,78.061784605
2024,12,19,13,718.33,30.44,69.76,5.89,2024-12-19 13:00:00,0.9755199999999999,70.07452816,70.07452816
2024,12,19,14,557.92,30.12,70.77,6.13,2024-12-19 14:00:00,0.97696,54.50655232,54.50655232
2024,12,19,15,380.25,29.37,74.53,5.97,2024-12-19 15:00:00,0.980335,37.277238374999996,37.277238374999996
2024,12,19,16,182.85,28.08,81.45,5.11,2024-12-19 16:00:00,0.98614,18.0315699,18.0315699
2024,12,19,17,33.78,26.84,89.3,3.68,2024-12-19 17:00:00,0.99172,3.3500301600000006,3.3500301600000006
2024,12,19,18,0.0,25.87,93.85,2.97,2024-12-19 18:00:00,0.996085,0.0,0.0
2024,12,19,19,0.0,25.54,94.88,3.13,2024-12-19 19:00:00,0.99757,0.0,0.0
2024,12,19,20,0.0,25.35,95.37,3.38,2024-12-19 20:00:00,0.998425,0.0,0.0
2024,12,19,21,0.0,25.19,95.92,3.22,2024-12-19 21:00:00,0.999145,0.0,0.0
2024,12,19,22,0.0,24.99,96.68,2.56,2024-12-19 22:00:00,1.000045,0.0,0.0
2024,12,19,23,0.0,24.9,96.86,2.09,2024-12-19 23:00:00,1.00045,0.0,0.0
2024,12,20,0,0.0,24.7,97.08,1.83,2024-12-20 00:00:00,1.00135,0.0,0.0
2024,12,20,1,0.0,24.52,97.21,1.67,2024-12-20 01:00:00,1.00216,0.0,0.0
2024,12,20,2,0.0,24.37,96.94,1.48,2024-12-20 02:00:00,1.002835,0.0,0.0
2024,12,20,3,0.0,24.31,96.27,1.29,2024-12-20 03:00:00,1.003105,0.0,0.0
2024,12,20,4,0.0,24.16,96.08,1.27,2024-12-20 04:00:00,1.00378,0.0,0.0
2024,12,20,5,10.88,24.03,96.16,1.32,2024-12-20 05:00:00,1.004365,1.0927491200000001,1.0927491200000001
2024,12,20,6,148.05,24.99,93.45,1.52,2024-12-20 06:00:00,1.000045,14.805666225000003,14.805666225000003
2024,12,20,7,346.05,26.26,84.72,2.31,2024-12-20 07:00:00,0.99433,34.40878965,34.40878965
2024,12,20,8,546.42,27.82,76.95,3.29,2024-12-20 08:00:00,0.98731,53.94859301999999,53.94859301999999
2024,12,20,9,687.5,29.12,72.3,4.05,2024-12-20 09:00:00,0.98146,67.475375,67.475375
2024,12,20,10,798.35,29.75,70.87,4.53,2024-12-20 10:00:00,0.978625,78.12852687499999,78.12852687499999
2024,12,20,11,774.03,30.02,70.57,4.59,2024-12-20 11:00:00,0.97741,75.65446623000001,75.65446623000001
2024,12,20,12,669.97,30.16,70.49,4.41,2024-12-20 12:00:00,0.97678,65.44132966,65.44132966
2024,12,20,13,506.2,30.15,70.59,4.03,2024-12-20 13:00:00,0.976825,49.4468815,49.4468815
2024,12,20,14,378.25,29.76,72.49,3.52,2024-12-20 14:00:00,0.97858,37.014788499999995,37.014788499999995
2024,12,20,15,113.47,28.83,77.61,3.01,2024-12-20 15:00:00,0.982765,11.151434455,11.151434455
2024,12,20,16,60.5,27.78,83.47,2.52,2024-12-20 16:00:00,0.98749,5.974314499999999,5.974314499999999
2024,12,20,17,10.77,26.67,89.05,2.19,2024-12-20 17:00:00,0.992485,1.0689063449999998,1.0689063449999998
2024,12,20,18,0.0,25.9,93.46,1.89,2024-12-20 18:00:00,0.99595,0.0,0.0
2024,12,20,19,0.0,25.58,94.57,1.99,2024-12-20 19:00:00,0.99739,0.0,0.0
2024,12,20,20,0.0,25.37,95.47,1.84,2024-12-20 20:00:00,0.998335,0.0,0.0
2024,12,20,21,0.0,25.21,96.07,1.65,2024-12-20 21:00:00,0.999055,0.0,0.0
2024,12,20,22,0.0,25.08,96.18,1.66,2024-12-20 22:00:00,0.99964,0.0,0.0
2024,12,20,23,0.0,24.96,96.24,1.76,2024-12-20 23:00:00,1.00018,0.0,0.0
2024,12,21,0,0.0,24.8,96.36,1.72,2024-12-21 00:00:00,1.0009,0.0,0.0
2024,12,21,1,0.0,24.51,96.82,1.66,2024-12-21 01:00:00,1.002205,0.0,0.0
2024,12,21,2,0.0,24.05,97.67,1.66,2024-12-21 02:00:00,1.004275,0.0,0.0
2024,12,21,3,0.0,23.74,98.04,1.65,2024-12-21 03:00:00,1.00567,0.0,0.0
2024,12,21,4,0.0,23.56,98.19,1.67,2024-12-21 04:00:00,1.00648,0.0,0.0
2024,12,21,5,11.12,23.62,97.57,1.54,2024-12-21 05:00:00,1.00621,1.11890552,1.11890552
2024,12,21,6,115.45,25.22,91.5,1.55,2024-12-21 06:00:00,0.99901,11.53357045,11.53357045
2024,12,21,7,274.02,26.51,80.68,1.87,2024-12-21 07:00:00,0.993205,27.215803409999996,27.215803409999996
2024,12,21,8,436.83,27.87,71.9,2.44,2024-12-21 08:00:00,0.987085,43.118834055,43.118834055
2024,12,21,9,600.25,28.98,67.02,2.95,2024-12-21 09:00:00,0.98209,58.949952249999996,58.949952249999996
2024,12,21,10,728.9,29.8,64.45,3.22,2024-12-21 10:00:00,0.9784,71.31557600000001,71.31557600000001
2024,12,21,11,756.25,30.38,63.04,3.21,2024-12-21 11:00:00,0.97579,73.79411875000001,73.79411875000001
2024,12,21,12,727.75,30.74,62.47,3.06,2024-12-21 12:00:00,0.97417,70.89522175,70.89522175
2024,12,21,13,635.03,30.74,63.02,2.71,2024-12-21 13:00:00,0.97417,61.862717509999996,61.862717509999996
2024,12,21,14,412.95,30.37,64.44,2.38,2024-12-21 14:00:00,0.975835,40.297106325,40.297106325
2024,12,21,15,264.48,29.84,67.35,2.0,2024-12-21 15:00:00,0.97822,25.87196256,25.87196256
2024,12,21,16,142.1,29.15,72.33,1.61,2024-12-21 16:00:00,0.981325,13.944628250000001,13.944628250000001
2024,12,21,17,22.12,27.97,78.05,1.51,2024-12-21 17:00:00,0.986635,2.1824366200000003,2.1824366200000003
2024,12,21,18,0.0,26.8,88.97,1.25,2024-12-21 18:00:00,0.9919,0.0,0.0
2024,12,21,19,0.0,26.37,90.71,1.21,2024-12-21 19:00:00,0.993835,0.0,0.0
2024,12,21,20,0.0,26.01,92.26,1.17,2024-12-21 20:00:00,0.995455,0.0,0.0
2024,12,21,21,0.0,25.71,93.71,1.11,2024-12-21 21:00:00,0.9968049999999999,0.0,0.0
2024,12,21,22,0.0,25.45,94.68,1.03,2024-12-21 22:00:00,0.9979750000000001,0.0,0.0
2024,12,21,23,0.0,25.23,95.45,1.0,2024-12-21 23:00:00,0.998965,0.0,0.0
2024,12,22,0,0.0,24.98,96.22,1.06,2024-12-22 00:00:00,1.00009,0.0,0.0
2024,12,22,1,0.0,24.81,96.76,1.06,2024-12-22 01:00:00,1.000855,0.0,0.0
2024,12,22,2,0.0,24.7,96.81,1.06,2024-12-22 02:00:00,1.00135,0.0,0.0
2024,12,22,3,0.0,24.63,96.62,1.03,2024-12-22 03:00:00,1.001665,0.0,0.0
2024,12,22,4,0.0,24.62,96.31,1.01,2024-12-22 04:00:00,1.00171,0.0,0.0
2024,12,22,5,7.88,24.66,96.29,1.01,2024-12-22 05:00:00,1.00153,0.78920564,0.78920564
2024,12,22,6,108.05,25.42,93.82,1.17,2024-12-22 06:00:00,0.9981099999999999,10.784578549999999,10.784578549999999
2024,12,22,7,255.23,26.21,88.01,1.61,2024-12-22 07:00:00,0.994555,25.384027265,25.384027265
2024,12,22,8,409.2,26.83,83.13,1.98,2024-12-22 08:00:00,0.991765,40.5830238,40.5830238
2024,12,22,9,653.5,27.5,79.08,2.03,2024-12-22 09:00:00,0.98875,64.6148125,64.6148125
2024,12,22,10,689.42,28.26,74.97,1.94,2024-12-22 10:00:00,0.98533,67.93062085999999,67.93062085999999
2024,12,22,11,696.47,29.13,70.89,1.84,2024-12-22 11:00:00,0.981415,68.352610505,68.352610505
2024,12,22,12,667.15,29.77,68.4,1.67,2024-12-22 12:00:00,0.978535,65.282962525,65.282962525
2024,12,22,13,576.78,29.81,68.55,1.45,2024-12-22 13:00:00,0.978355,56.42955969,56.42955969
2024,12,22,14,196.18,29.37,70.64,1.42,2024-12-22 14:00:00,0.980335,19.23221203,19.23221203
2024,12,22,15,94.12,28.68,74.95,1.54,2024-12-22 15:00:00,0.98344,9.25613728,9.25613728
2024,12,22,16,47.1,28.0,80.61,1.34,2024-12-22 16:00:00,0.9865,4.646415,4.646415
2024,12,22,17,9.12,27.2,83.7,1.2,2024-12-22 17:00:00,0.9901,0.9029711999999999,0.9029711999999999
2024,12,22,18,0.0,26.38,90.95,1.0,2024-12-22 18:00:00,0.99379,0.0,0.0
2024,12,22,19,0.0,26.05,92.16,0.92,2024-12-22 19:00:00,0.995275,0.0,0.0
2024,12,22,20,0.0,25.81,92.27,0.85,2024-12-22 20:00:00,0.996355,0.0,0.0
2024,12,22,21,0.0,25.55,92.62,0.83,2024-12-22 21:00:00,0.997525,0.0,0.0
2024,12,22,22,0.0,25.26,93.64,0.93,2024-12-22 22:00:00,0.99883,0.0,0.0
2024,12,22,23,0.0,25.03,94.12,1.02,2024-12-22 23:00:00,0.999865,0.0,0.0
2024,12,23,0,0.0,24.84,94.15,1.04,2024-12-23 00:00:00,1.00072,0.0,0.0
2024,12,23,1,0.0,24.68,94.07,1.03,2024-12-23 01:00:00,1.00144,0.0,0.0
2024,12,23,2,0.0,24.53,94.25,1.05,2024-12-23 02:00:00,1.002115,0.0,0.0
2024,12,23,3,0.0,24.41,94.38,1.1,2024-12-23 03:00:00,1.002655,0.0,0.0
2024,12,23,4,0.0,24.29,94.13,1.11,2024-12-23 04:00:00,1.003195,0.0,0.0
2024,12,23,5,11.43,24.26,94.35,1.09,2024-12-23 05:00:00,1.00333,1.1468061900000002,1.1468061900000002
2024,12,23,6,154.2,25.5,91.05,1.4,2024-12-23 06:00:00,0.99775,15.385304999999999,15.385304999999999
2024,12,23,7,377.4,26.75,85.05,1.83,2024-12-23 07:00:00,0.992125,37.4427975,37.4427975
2024,12,23,8,606.97,27.56,82.13,2.22,2024-12-23 08:00:00,0.98848,59.997770560000006,59.997770560000006
2024,12,23,9,704.83,28.43,79.45,2.45,2024-12-23 09:00:00,0.984565,69.395094895,69.395094895
2024,12,23,10,718.42,29.08,76.62,2.71,2024-12-23 10:00:00,0.98164,70.52298087999999,70.52298087999999
2024,12,23,11,742.9,29.37,75.02,3.13,2024-12-23 11:00:00,0.980335,72.82908715,72.82908715
2024,12,23,12,653.03,29.39,74.55,3.44,2024-12-23 12:00:00,0.980245,64.012939235,64.012939235
2024,12,23,13,558.85,29.17,75.11,3.37,2024-12-23 13:00:00,0.981235,54.836317975,54.836317975
2024,12,23,14,291.33,28.83,76.02,3.1,2024-12-23 14:00:00,0.982765,28.630892745,28.630892745
2024,12,23,15,52.78,28.3,78.74,2.85,2024-12-23 15:00:00,0.98515,5.199621700000001,5.199621700000001
2024,12,23,16,30.67,27.44,84.26,2.45,2024-12-23 16:00:00,0.98902,3.03332434,3.03332434
2024,12,23,17,7.68,26.43,89.78,2.11,2024-12-23 17:00:00,0.993565,0.76305792,0.76305792
2024,12,23,18,0.0,25.6,94.5,1.77,2024-12-23 18:00:00,0.9973,0.0,0.0
2024,12,23,19,0.0,25.29,95.21,1.93,2024-12-23 19:00:00,0.998695,0.0,0.0
2024,12,23,20,0.0,25.08,95.72,2.08,2024-12-23 20:00:00,0.99964,0.0,0.0
2024,12,23,21,0.0,24.91,96.01,2.14,2024-12-23 21:00:00,1.000405,0.0,0.0
2024,12,23,22,0.0,24.76,96.3,2.06,2024-12-23 22:00:00,1.00108,0.0,0.0
2024,12,23,23,0.0,24.71,96.19,2.2,2024-12-23 23:00:00,1.001305,0.0,0.0
2024,12,24,0,0.0,24.69,95.94,2.51,2024-12-24 00:00:00,1.001395,0.0,0.0
2024,12,24,1,0.0,24.64,96.02,2.59,2024-12-24 01:00:00,1.00162,0.0,0.0
2024,12,24,2,0.0,24.58,96.19,2.38,2024-12-24 02:00:00,1.00189,0.0,0.0
2024,12,24,3,0.0,24.42,96.46,2.08,2024-12-24 03:00:00,1.00261,0.0,0.0
2024,12,24,4,0.0,24.25,96.92,1.85,2024-12-24 04:00:00,1.003375,0.0,0.0
2024,12,24,5,6.65,24.27,96.98,1.78,2024-12-24 05:00:00,1.003285,0.667184525,0.667184525
2024,12,24,6,89.25,24.96,95.91,1.93,2024-12-24 06:00:00,1.00018,8.9266065,8.9266065
2024,12,24,7,214.02,25.51,93.67,2.35,2024-12-24 07:00:00,0.997705,21.35288241,21.35288241
2024,12,24,8,346.08,25.92,90.1,2.44,2024-12-24 08:00:00,0.99586,34.46472288,34.46472288
2024,12,24,9,457.8,26.22,86.18,2.57,2024-12-24 09:00:00,0.99451,45.5286678,45.5286678
2024,12,24,10,452.4,26.72,83.14,2.66,2024-12-24 10:00:00,0.99226,44.8898424,44.8898424
2024,12,24,11,417.98,27.3,81.15,2.85,2024-12-24 11:00:00,0.98965,41.365390700000006,41.365390700000006
2024,12,24,12,462.77,27.63,80.25,3.1,2024-12-24 12:00:00,0.988165,45.72931170499999,45.72931170499999
2024,12,24,13,358.27,27.6,80.67,3.28,2024-12-24 13:00:00,0.9883,35.4078241,35.4078241
2024,12,24,14,253.23,27.41,81.49,3.31,2024-12-24 14:00:00,0.989155,25.048372065,25.048372065
2024,12,24,15,124.9,27.02,83.37,3.0,2024-12-24 15:00:00,0.99091,12.376465900000001,12.376465900000001
2024,12,24,16,58.58,26.41,87.34,2.38,2024-12-24 16:00:00,0.993655,5.820830989999999,5.820830989999999
2024,12,24,17,10.32,25.63,91.95,1.61,2024-12-24 17:00:00,0.997165,1.02907428,1.02907428
2024,12,24,18,0.0,24.93,94.91,1.27,2024-12-24 18:00:00,1.000315,0.0,0.0
2024,12,24,19,0.0,24.68,95.48,1.16,2024-12-24 19:00:00,1.00144,0.0,0.0
2024,12,24,20,0.0,24.59,95.99,0.98,2024-12-24 20:00:00,1.001845,0.0,0.0
2024,12,24,21,0.0,24.58,95.8,0.65,2024-12-24 21:00:00,1.00189,0.0,0.0
2024,12,24,22,0.0,24.5,96.37,0.43,2024-12-24 22:00:00,1.00225,0.0,0.0
2024,12,24,23,0.0,24.42,96.99,0.65,2024-12-24 23:00:00,1.00261,0.0,0.0
2024,12,25,0,0.0,24.34,96.68,0.7,2024-12-25 00:00:00,1.00297,0.0,0.0
2024,12,25,1,0.0,24.55,95.14,0.4,2024-12-25 01:00:00,1.002025,0.0,0.0
2024,12,25,2,0.0,24.69,93.93,0.33,2024-12-25 02:00:00,1.001395,0.0,0.0
2024,12,25,3,0.0,24.44,95.16,0.86,2024-12-25 03:00:00,1.00252,0.0,0.0
2024,12,25,4,0.0,24.1,96.6,1.25,2024-12-25 04:00:00,1.0040499999999999,0.0,0.0
2024,12,25,5,8.07,23.88,97.65,1.52,2024-12-25 05:00:00,1.00504,0.81106728,0.81106728
2024,12,25,6,128.48,24.67,96.66,1.5,2024-12-25 06:00:00,1.001485,12.867079279999999,12.867079279999999
2024,12,25,7,317.92,25.42,92.94,2.26,2024-12-25 07:00:00,0.9981099999999999,31.73191312,31.73191312
2024,12,25,8,526.9,25.74,89.03,2.6,2024-12-25 08:00:00,0.9966700000000001,52.514542299999995,52.514542299999995
2024,12,25,9,604.05,25.87,85.74,2.8,2024-12-25 09:00:00,0.996085,60.168514425,60.168514425
2024,12,25,10,692.9,25.95,83.22,2.65,2024-12-25 10:00:00,0.995725,68.99378524999999,68.99378524999999
2024,12,25,11,689.38,26.07,81.13,2.15,2024-12-25 11:00:00,0.995185,68.60606353,68.60606353
2024,12,25,12,519.03,26.16,79.33,1.49,2024-12-25 12:00:00,0.99478,51.63206634,51.63206634
2024,12,25,13,544.47,26.35,77.48,1.07,2024-12-25 13:00:00,0.993925,54.116234475,54.116234475
2024,12,25,14,369.35,26.48,76.58,1.18,2024-12-25 14:00:00,0.99334,36.6890129,36.6890129
2024,12,25,15,168.25,26.46,77.82,1.7,2024-12-25 15:00:00,0.99343,16.714459750000003,16.714459750000003
2024,12,25,16,66.25,26.2,81.87,1.71,2024-12-25 16:00:00,0.9946,6.589225,6.589225
2024,12,25,17,7.2,25.56,87.08,1.36,2024-12-25 17:00:00,0.99748,0.7181856,0.7181856
2024,12,25,18,0.0,24.99,88.79,0.99,2024-12-25 18:00:00,1.000045,0.0,0.0
2024,12,25,19,0.0,24.83,88.64,0.81,2024-12-25 19:00:00,1.000765,0.0,0.0
2024,12,25,20,0.0,24.55,89.58,0.78,2024-12-25 20:00:00,1.002025,0.0,0.0
2024,12,25,21,0.0,24.28,90.43,0.75,2024-12-25 21:00:00,1.00324,0.0,0.0
2024,12,25,22,0.0,24.2,89.82,0.48,2024-12-25 22:00:00,1.0036,0.0,0.0
2024,12,25,23,0.0,24.03,92.67,0.37,2024-12-25 23:00:00,1.004365,0.0,0.0
2024,12,26,0,0.0,23.75,94.54,0.62,2024-12-26 00:00:00,1.005625,0.0,0.0
2024,12,26,1,0.0,23.6,96.4,0.92,2024-12-26 01:00:00,1.0063,0.0,0.0
2024,12,26,2,0.0,23.5,96.8,1.3,2024-12-26 02:00:00,1.00675,0.0,0.0
2024,12,26,3,0.0,23.43,96.69,1.66,2024-12-26 03:00:00,1.007065,0.0,0.0
2024,12,26,4,0.0,23.49,96.66,1.92,2024-12-26 04:00:00,1.006795,0.0,0.0
2024,12,26,5,7.43,23.65,96.75,2.0,2024-12-26 05:00:00,1.006075,0.747513725,0.747513725
2024,12,26,6,95.75,24.43,95.34,2.38,2024-12-26 06:00:00,1.002565,9.599559874999999,9.599559874999999
2024,12,26,7,219.88,25.19,91.62,2.93,2024-12-26 07:00:00,0.999145,21.969200259999997,21.969200259999997
2024,12,26,8,363.83,25.9,85.96,3.26,2024-12-26 08:00:00,0.99595,36.23564885,36.23564885
2024,12,26,9,479.33,26.9,79.75,3.6,2024-12-26 09:00:00,0.99145,47.52317285,47.52317285
2024,12,26,10,458.62,28.13,74.75,4.02,2024-12-26 10:00:00,0.985915,45.21603373,45.21603373
2024,12,26,11,483.38,28.96,72.57,4.35,2024-12-26 11:00:00,0.98218,47.476616840000005,47.476616840000005
2024,12,26,12,544.58,29.22,72.66,4.48,2024-12-26 12:00:00,0.98101,53.423842580000006,53.423842580000006
2024,12,26,13,333.98,29.14,73.79,4.57,2024-12-26 13:00:00,0.98137,32.77579526,32.77579526
2024,12,26,14,252.65,28.65,75.83,4.6,2024-12-26 14:00:00,0.983575,24.850022374999998,24.850022374999998
2024,12,26,15,164.8,27.84,80.22,4.45,2024-12-26 15:00:00,0.98722,16.2693856,16.2693856
2024,12,26,16,84.97,26.9,85.75,4.06,2024-12-26 16:00:00,0.99145,8.424350650000001,8.424350650000001
2024,12,26,17,15.32,25.94,91.5,3.14,2024-12-26 17:00:00,0.99577,1.5255196400000002,1.5255196400000002
2024,12,26,18,0.0,25.25,94.55,2.54,2024-12-26 18:00:00,0.998875,0.0,0.0
2024,12,26,19,0.0,25.02,95.2,2.45,2024-12-26 19:00:00,0.99991,0.0,0.0
2024,12,26,20,0.0,24.79,95.83,2.23,2024-12-26 20:00:00,1.000945,0.0,0.0
2024,12,26,21,0.0,24.49,96.3,2.05,2024-12-26 21:00:00,1.002295,0.0,0.0
2024,12,26,22,0.0,24.17,96.74,1.91,2024-12-26 22:00:00,1.003735,0.0,0.0
2024,12,26,23,0.0,23.87,97.24,1.91,2024-12-26 23:00:00,1.005085,0.0,0.0
2024,12,27,0,0.0,23.59,97.61,1.89,2024-12-27 00:00:00,1.006345,0.0,0.0
2024,12,27,1,0.0,23.4,97.62,1.84,2024-12-27 01:00:00,1.0072,0.0,0.0
2024,12,27,2,0.0,23.2,97.63,1.85,2024-12-27 02:00:00,1.0081,0.0,0.0
2024,12,27,3,0.0,22.93,97.84,1.88,2024-12-27 03:00:00,1.009315,0.0,0.0
2024,12,27,4,0.0,22.69,98.11,1.85,2024-12-27 04:00:00,1.010395,0.0,0.0
2024,12,27,5,8.3,22.79,97.44,1.66,2024-12-27 05:00:00,1.009945,0.83825435,0.83825435
2024,12,27,6,125.72,24.59,91.85,1.9,2024-12-27 06:00:00,1.001845,12.59519534,12.59519534
2024,12,27,7,304.38,26.12,86.02,2.51,2024-12-27 07:00:00,0.99496,30.284592479999997,30.284592479999997
2024,12,27,8,496.55,27.35,81.0,2.7,2024-12-27 08:00:00,0.989425,49.129898375,49.129898375
2024,12,27,9,622.03,28.24,76.39,3.29,2024-12-27 09:00:00,0.98542,61.29608026,61.29608026
2024,12,27,10,695.97,28.98,73.05,3.86,2024-12-27 10:00:00,0.98209,68.35051772999999,68.35051772999999
2024,12,27,11,782.9,29.41,70.94,4.02,2024-12-27 11:00:00,0.980155,76.73633494999999,76.73633494999999
2024,12,27,12,726.55,29.77,69.73,4.08,2024-12-27 12:00:00,0.978535,71.09546042499998,71.09546042499998
2024,12,27,13,630.38,29.74,69.79,4.15,2024-12-27 13:00:00,0.97867,61.69339946,61.69339946
2024,12,27,14,505.38,29.35,71.2,4.16,2024-12-27 14:00:00,0.980425,49.54871865,49.54871865
2024,12,27,15,374.9,28.64,74.46,3.93,2024-12-27 15:00:00,0.98362,36.8759138,36.8759138
2024,12,27,16,180.18,27.7,79.77,3.39,2024-12-27 16:00:00,0.98785,17.7990813,17.7990813
2024,12,27,17,36.5,26.5,87.47,2.69,2024-12-27 17:00:00,0.99325,3.6253624999999996,3.6253624999999996
2024,12,27,18,0.0,25.4,93.46,2.1,2024-12-27 18:00:00,0.9982,0.0,0.0
2024,12,27,19,0.0,25.07,94.69,2.0,2024-12-27 19:00:00,0.999685,0.0,0.0
2024,12,27,20,0.0,24.75,95.55,1.89,2024-12-27 20:00:00,1.001125,0.0,0.0
2024,12,27,21,0.0,24.46,96.21,1.85,2024-12-27 21:00:00,1.00243,0.0,0.0
2024,12,27,22,0.0,24.19,97.12,1.79,2024-12-27 22:00:00,1.003645,0.0,0.0
2024,12,27,23,0.0,23.97,97.79,1.7,2024-12-27 23:00:00,1.004635,0.0,0.0
2024,12,28,0,0.0,23.81,98.0,1.69,2024-12-28 00:00:00,1.005355,0.0,0.0
2024,12,28,1,0.0,23.63,98.39,1.76,2024-12-28 01:00:00,1.006165,0.0,0.0
2024,12,28,2,0.0,23.46,98.75,1.81,2024-12-28 02:00:00,1.00693,0.0,0.0
2024,12,28,3,0.0,23.32,99.0,1.84,2024-12-28 03:00:00,1.00756,0.0,0.0
2024,12,28,4,0.0,23.27,98.81,1.78,2024-12-28 04:00:00,1.007785,0.0,0.0
2024,12,28,5,8.15,23.49,97.5,1.59,2024-12-28 05:00:00,1.006795,0.8205379250000001,0.8205379250000001
2024,12,28,6,89.68,25.07,93.39,1.68,2024-12-28 06:00:00,0.999685,8.965175080000002,8.965175080000002
2024,12,28,7,229.88,26.39,86.58,2.35,2024-12-28 07:00:00,0.993745,22.844210059999998,22.844210059999998
2024,12,28,8,379.33,27.38,80.35,2.82,2024-12-28 08:00:00,0.98929,37.52673757,37.52673757
2024,12,28,9,544.15,28.09,76.1,3.05,2024-12-28 09:00:00,0.986095,53.658359425,53.658359425
2024,12,28,10,676.95,28.44,75.08,3.49,2024-12-28 10:00:00,0.98452,66.6470814,66.6470814
2024,12,28,11,740.97,28.62,75.35,4.03,2024-12-28 11:00:00,0.98371,72.88995987000001,72.88995987000001
2024,12,28,12,613.35,28.56,76.18,4.58,2024-12-28 12:00:00,0.98398,60.35241330000001,60.35241330000001
2024,12,28,13,439.6,28.42,77.38,5.04,2024-12-28 13:00:00,0.98461,43.28345560000001,43.28345560000001
2024,12,28,14,243.6,28.03,79.14,5.22,2024-12-28 14:00:00,0.986365,24.0278514,24.0278514
2024,12,28,15,120.85,27.38,81.64,5.0,2024-12-28 15:00:00,0.98929,11.95556965,11.95556965
2024,12,28,16,86.85,26.37,86.99,4.21,2024-12-28 16:00:00,0.993835,8.631456975,8.631456975
2024,12,28,17,18.98,25.41,93.09,2.92,2024-12-28 17:00:00,0.998155,1.8944981900000002,1.8944981900000002
2024,12,28,18,0.0,24.74,96.06,2.12,2024-12-28 18:00:00,1.0011700000000001,0.0,0.0
2024,12,28,19,0.0,24.43,96.69,1.82,2024-12-28 19:00:00,1.002565,0.0,0.0
2024,12,28,20,0.0,24.15,97.14,1.69,2024-12-28 20:00:00,1.003825,0.0,0.0
2024,12,28,21,0.0,23.93,97.24,1.6,2024-12-28 21:00:00,1.004815,0.0,0.0
2024,12,28,22,0.0,23.8,96.7,1.41,2024-12-28 22:00:00,1.0054,0.0,0.0
2024,12,28,23,0.0,23.78,95.8,1.2,2024-12-28 23:00:00,1.00549,0.0,0.0
2024,12,29,0,0.0,23.7,95.6,1.12,2024-12-29 00:00:00,1.00585,0.0,0.0
2024,12,29,1,0.0,23.61,95.69,1.1,2024-12-29 01:00:00,1.006255,0.0,0.0
2024,12,29,2,0.0,23.54,95.91,1.15,2024-12-29 02:00:00,1.00657,0.0,0.0
2024,12,29,3,0.0,23.43,96.18,1.26,2024-12-29 03:00:00,1.007065,0.0,0.0
2024,12,29,4,0.0,23.36,96.31,1.35,2024-12-29 04:00:00,1.00738,0.0,0.0
2024,12,29,5,5.15,23.29,96.53,1.42,2024-12-29 05:00:00,1.007695,0.518962925,0.518962925
2024,12,29,6,73.38,24.26,95.59,1.33,2024-12-29 06:00:00,1.00333,7.362435540000001,7.362435540000001
2024,12,29,7,186.73,25.08,89.91,1.89,2024-12-29 07:00:00,0.99964,18.666277719999997,18.666277719999997
2024,12,29,8,315.3,25.57,83.97,2.31,2024-12-29 08:00:00,0.997435,31.44912555,31.44912555
2024,12,29,9,402.67,26.15,79.69,2.93,2024-12-29 09:00:00,0.994825,40.058618275,40.058618275
2024,12,29,10,408.92,26.86,76.76,3.48,2024-12-29 10:00:00,0.99163,40.549733960000005,40.549733960000005
2024,12,29,11,393.52,27.47,75.1,3.83,2024-12-29 11:00:00,0.988885,38.914602519999995,38.914602519999995
2024,12,29,12,414.85,27.97,74.23,3.95,2024-12-29 12:00:00,0.986635,40.930552975,40.930552975
2024,12,29,13,292.12,28.05,74.93,3.88,2024-12-29 13:00:00,0.986275,28.8110653,28.8110653
2024,12,29,14,314.23,27.79,76.94,3.71,2024-12-29 14:00:00,0.987445,31.028484235000004,31.028484235000004
2024,12,29,15,233.05,27.29,79.99,3.46,2024-12-29 15:00:00,0.989695,23.064841975,23.064841975
2024,12,29,16,112.68,26.56,85.17,2.98,2024-12-29 16:00:00,0.99298,11.18889864,11.18889864
2024,12,29,17,24.15,25.58,91.53,2.3,2024-12-29 17:00:00,0.99739,2.4086968499999997,2.4086968499999997
2024,12,29,18,0.0,24.77,95.33,1.86,2024-12-29 18:00:00,1.001035,0.0,0.0
2024,12,29,19,0.0,24.51,95.98,1.9,2024-12-29 19:00:00,1.002205,0.0,0.0
2024,12,29,20,0.0,24.34,96.41,1.87,2024-12-29 20:00:00,1.00297,0.0,0.0
2024,12,29,21,0.0,24.19,96.68,1.82,2024-12-29 21:00:00,1.003645,0.0,0.0
2024,12,29,22,0.0,24.03,97.03,1.79,2024-12-29 22:00:00,1.004365,0.0,0.0
2024,12,29,23,0.0,23.88,97.39,1.8,2024-12-29 23:00:00,1.00504,0.0,0.0
2024,12,30,0,0.0,23.79,97.48,1.83,2024-12-30 00:00:00,1.005445,0.0,0.0
2024,12,30,1,0.0,23.7,97.6,1.84,2024-12-30 01:00:00,1.00585,0.0,0.0
2024,12,30,2,0.0,23.62,97.56,1.82,2024-12-30 02:00:00,1.00621,0.0,0.0
2024,12,30,3,0.0,23.48,97.45,1.91,2024-12-30 03:00:00,1.00684,0.0,0.0
2024,12,30,4,0.0,23.39,97.09,1.82,2024-12-30 04:00:00,1.007245,0.0,0.0
2024,12,30,5,7.8,23.51,96.34,1.63,2024-12-30 05:00:00,1.006705,0.7852298999999999,0.7852298999999999
2024,12,30,6,118.05,24.74,93.62,1.83,2024-12-30 06:00:00,1.0011700000000001,11.818811850000001,11.818811850000001
2024,12,30,7,285.4,25.81,88.56,3.08,2024-12-30 07:00:00,0.996355,28.4359717,28.4359717
2024,12,30,8,471.15,26.7,84.37,4.2,2024-12-30 08:00:00,0.99235,46.75457024999999,46.75457024999999
2024,12,30,9,655.72,27.15,79.55,5.21,2024-12-30 09:00:00,0.990325,64.9375909,64.9375909
2024,12,30,10,615.88,27.23,77.02,5.82,2024-12-30 10:00:00,0.989965,60.96996442,60.96996442
2024,12,30,11,588.58,27.29,75.94,6.19,2024-12-30 11:00:00,0.989695,58.25146831,58.25146831
2024,12,30,12,592.28,27.19,74.95,6.22,2024-12-30 12:00:00,0.9901449999999999,58.64430805999999,58.64430805999999
2024,12,30,13,404.12,26.93,74.53,5.93,2024-12-30 13:00:00,0.991315,40.06102178,40.06102178
2024,12,30,14,201.82,26.66,74.57,5.59,2024-12-30 14:00:00,0.99253,20.03124046,20.03124046
2024,12,30,15,148.88,26.66,74.86,5.17,2024-12-30 15:00:00,0.99253,14.77678664,14.77678664
2024,12,30,16,93.75,26.44,77.95,4.47,2024-12-30 16:00:00,0.99352,9.31425,9.31425
2024,12,30,17,26.52,25.32,86.77,3.24,2024-12-30 17:00:00,0.99856,2.64818112,2.64818112
2024,12,30,18,0.0,24.21,92.12,2.81,2024-12-30 18:00:00,1.003555,0.0,0.0
2024,12,30,19,0.0,24.04,93.79,2.65,2024-12-30 19:00:00,1.00432,0.0,0.0
2024,12,30,20,0.0,23.81,95.1,2.48,2024-12-30 20:00:00,1.005355,0.0,0.0
2024,12,30,21,0.0,23.54,96.23,2.37,2024-12-30 21:00:00,1.00657,0.0,0.0
2024,12,30,22,0.0,23.22,97.69,2.22,2024-12-30 22:00:00,1.00801,0.0,0.0
2024,12,30,23,0.0,23.07,98.06,2.02,2024-12-30 23:00:00,1.008685,0.0,0.0
2024,12,31,0,0.0,23.03,97.76,1.9,2024-12-31 00:00:00,1.008865,0.0,0.0
2024,12,31,1,0.0,22.86,98.11,2.04,2024-12-31 01:00:00,1.00963,0.0,0.0
2024,12,31,2,0.0,22.73,98.34,2.17,2024-12-31 02:00:00,1.010215,0.0,0.0
2024,12,31,3,0.0,22.63,98.3,2.11,2024-12-31 03:00:00,1.010665,0.0,0.0
2024,12,31,4,0.0,22.58,98.21,2.06,2024-12-31 04:00:00,1.01089,0.0,0.0
2024,12,31,5,7.75,22.7,97.76,1.94,2024-12-31 05:00:00,1.01035,0.7830212500000001,0.7830212500000001
2024,12,31,6,86.78,24.21,94.21,2.2,2024-12-31 06:00:00,1.003555,8.708850289999999,8.708850289999999
2024,12,31,7,247.6,25.26,89.83,2.97,2024-12-31 07:00:00,0.99883,24.7310308,24.7310308
2024,12,31,8,403.0,26.4,83.55,3.73,2024-12-31 08:00:00,0.9937,40.046110000000006,40.046110000000006
2024,12,31,9,500.5,27.47,77.86,4.04,2024-12-31 09:00:00,0.988885,49.49369425,49.49369425
2024,12,31,10,548.05,28.33,73.85,4.3,2024-12-31 10:00:00,0.985015,53.98374707499999,53.98374707499999
2024,12,31,11,682.55,28.95,72.03,4.37,2024-12-31 11:00:00,0.982225,67.04176737499999,67.04176737499999
2024,12,31,12,593.12,29.29,71.32,4.35,2024-12-31 12:00:00,0.980695,58.16698184,58.16698184
2024,12,31,13,489.23,29.48,71.08,4.35,2024-12-31 13:00:00,0.97984,47.936712320000005,47.936712320000005
2024,12,31,14,316.17,29.38,71.59,4.41,2024-12-31 14:00:00,0.98029,30.99382893,30.99382893
2024,12,31,15,169.98,28.87,74.38,4.34,2024-12-31 15:00:00,0.982585,16.70197983,16.70197983
2024,12,31,16,82.4,27.72,80.84,3.84,2024-12-31 16:00:00,0.98776,8.1391424,8.1391424
2024,12,31,17,13.95,26.36,88.19,3.08,2024-12-31 17:00:00,0.99388,1.3864625999999998,1.3864625999999998
2024,12,31,18,0.0,25.28,92.85,2.56,2024-12-31 18:00:00,0.99874,0.0,0.0
2024,12,31,19,0.0,24.87,93.84,2.59,2024-12-31 19:00:00,1.000585,0.0,0.0
2024,12,31,20,0.0,24.44,95.02,2.49,2024-12-31 20:00:00,1.00252,0.0,0.0
2024,12,31,21,0.0,24.01,95.96,2.42,2024-12-31 21:00:00,1.004455,0.0,0.0
2024,12,31,22,0.0,23.59,97.34,2.31,2024-12-31 22:00:00,1.006345,0.0,0.0
2024,12,31,23,0.0,23.28,98.12,2.31,2024-12-31 23:00:00,1.00774,0.0,0.0
